<?xml version="1.0"?>
<PropertySetDef xmlns:xsd="http://www.w3.org/2001/XMLSchema" xmlns:xsi="http://www.w3.org/2001/XMLSchema-instance" ifdguid="475be31cea1c42f8acfffbc283cd5c1e" templatetype="PSET_TYPEDRIVENOVERRIDE" xsi:noNamespaceSchemaLocation="http://buildingSMART-tech.org/xml/psd/PSD_IFC4.xsd" xmlns="http://buildingSMART-tech.org/xml/psd/PSD_IFC4.xsd">
  <IfcVersion version="IFC4x3_RC4" />
  <Name>Pset_RailwaySignalGeneral</Name>
  <Applicability />
  <ApplicableClasses>
    <ClassName>IfcSignal</ClassName>
  </ApplicableClasses>
  <ApplicableTypeValue>IfcSignal</ApplicableTypeValue>
  <PropertyDefs>
    <PropertyDef ifdguid="3a3f469d7c65479cba38cd7e7ee920dc">
      <Name>SignalAspect</Name>
      <Definition />
      <PropertyType>
        <TypePropertySingleValue>
          <DataType type="IfcLabel" />
        </TypePropertySingleValue>
      </PropertyType>
      <NameAliases />
      <DefinitionAliases />
    </PropertyDef>
    <PropertyDef ifdguid="3c25d7abf9ce46e9b031f51b9300b2bb">
      <Name>SignalType</Name>
      <Definition />
      <PropertyType>
        <TypePropertySingleValue>
          <DataType type="IfcLabel" />
        </TypePropertySingleValue>
      </PropertyType>
      <NameAliases />
      <DefinitionAliases />
    </PropertyDef>
  </PropertyDefs>
  <PsetDefinitionAliases />
</PropertySetDef>