<?xml version="1.0"?>
<PropertySetDef xmlns:xsd="http://www.w3.org/2001/XMLSchema" xmlns:xsi="http://www.w3.org/2001/XMLSchema-instance" ifdguid="7a86e0ed726f4b94aaf916197a3501d9" templatetype="PSET_TYPEDRIVENOVERRIDE" xsi:noNamespaceSchemaLocation="http://buildingSMART-tech.org/xml/psd/PSD_IFC4.xsd" xmlns="http://buildingSMART-tech.org/xml/psd/PSD_IFC4.xsd">
  <IfcVersion version="IFC4x3_RC4" />
  <Name>Pset_PrecastKerbStone</Name>
  <Definition>Properties for precast kerb stone.</Definition>
  <Applicability />
  <ApplicableClasses>
    <ClassName>IfcKerb</ClassName>
  </ApplicableClasses>
  <ApplicableTypeValue>IfcKerb</ApplicableTypeValue>
  <PropertyDefs>
    <PropertyDef ifdguid="4ff0486291384d74b34d949a401b2a6c">
      <Name>NominalHeight</Name>
      <Definition>Nominal Height of the object</Definition>
      <PropertyType>
        <TypePropertySingleValue>
          <DataType type="IfcNonNegativeLengthMeasure" />
        </TypePropertySingleValue>
      </PropertyType>
      <NameAliases />
      <DefinitionAliases />
    </PropertyDef>
    <PropertyDef ifdguid="076d1500d1e911e1800000215ad4efdf">
      <Name>NominalLength</Name>
      <Definition>Nominal length of the object</Definition>
      <PropertyType>
        <TypePropertySingleValue>
          <DataType type="IfcNonNegativeLengthMeasure" />
        </TypePropertySingleValue>
      </PropertyType>
      <NameAliases>
        <NameAlias lang="en">Nominal Length</NameAlias>
      </NameAliases>
      <DefinitionAliases>
        <DefinitionAlias lang="en" />
      </DefinitionAliases>
    </PropertyDef>
    <PropertyDef ifdguid="fec5ed14d21e43eeba124e8eb03952d0">
      <Name>TypeDesignation</Name>
      <Definition>Type designator according to local standards</Definition>
      <PropertyType>
        <TypePropertySingleValue>
          <DataType type="IfcLabel" />
        </TypePropertySingleValue>
      </PropertyType>
      <NameAliases />
      <DefinitionAliases />
    </PropertyDef>
    <PropertyDef ifdguid="a28e9f226e204a909976810e633a45f4">
      <Name>NominalWidth</Name>
      <Definition>The nominal width of the object.</Definition>
      <PropertyType>
        <TypePropertySingleValue>
          <DataType type="IfcNonNegativeLengthMeasure" />
        </TypePropertySingleValue>
      </PropertyType>
      <NameAliases>
        <NameAlias lang="en">Nominal Width</NameAlias>
        <NameAlias lang="ja-JP">公称幅</NameAlias>
        <NameAlias lang="ko-KR">공칭 폭</NameAlias>
      </NameAliases>
      <DefinitionAliases>
        <DefinitionAlias lang="en" />
        <DefinitionAlias lang="ja-JP">呼び幅寸法。</DefinitionAlias>
        <DefinitionAlias lang="ko-KR">폭 치수</DefinitionAlias>
      </DefinitionAliases>
    </PropertyDef>
  </PropertyDefs>
  <PsetDefinitionAliases />
</PropertySetDef>