<?xml version="1.0"?>
<PropertySetDef xmlns:xsd="http://www.w3.org/2001/XMLSchema" xmlns:xsi="http://www.w3.org/2001/XMLSchema-instance" ifdguid="455b573cb8224157b35b7eacab14bc94" templatetype="PSET_TYPEDRIVENOVERRIDE" xsi:noNamespaceSchemaLocation="http://buildingSMART-tech.org/xml/psd/PSD_IFC4.xsd" xmlns="http://buildingSMART-tech.org/xml/psd/PSD_IFC4.xsd">
  <IfcVersion version="IFC4x3_RC4" />
  <Name>Pset_VesselLineCommon</Name>
  <Definition>Properties for vessel lines and anchoring</Definition>
  <Applicability />
  <ApplicableClasses>
    <ClassName>IfcMechanicalFastener/ROPE</ClassName>
    <ClassName>IfcMechanicalFastenerType/ROPE</ClassName>
  </ApplicableClasses>
  <ApplicableTypeValue>IfcMechanicalFastener/ROPE,IfcMechanicalFastenerType/ROPE</ApplicableTypeValue>
  <PropertyDefs>
    <PropertyDef ifdguid="5989128b28e9428cb4d073b826d978ab">
      <Name>LineIdentifier</Name>
      <Definition>Reference ID relative to a design vessel in the project</Definition>
      <PropertyType>
        <TypePropertySingleValue>
          <DataType type="IfcIdentifier" />
        </TypePropertySingleValue>
      </PropertyType>
      <NameAliases />
      <DefinitionAliases />
    </PropertyDef>
    <PropertyDef ifdguid="c83771222b6544d688b64c6a2a3ef2ff">
      <Name>MidshipToFairLead</Name>
      <Definition>Distance from the vessel midship to the fairlead for the line</Definition>
      <PropertyType>
        <TypePropertySingleValue>
          <DataType type="IfcLengthMeasure" />
        </TypePropertySingleValue>
      </PropertyType>
      <NameAliases />
      <DefinitionAliases />
    </PropertyDef>
    <PropertyDef ifdguid="7f2ba6f4ccea4df89d657b38b114f185">
      <Name>CentreLineToFairlead</Name>
      <Definition>Distance from the vessel centreline to the fairlead for the line</Definition>
      <PropertyType>
        <TypePropertySingleValue>
          <DataType type="IfcLengthMeasure" />
        </TypePropertySingleValue>
      </PropertyType>
      <NameAliases />
      <DefinitionAliases />
    </PropertyDef>
    <PropertyDef ifdguid="71403424fe964848ac869cbcfb1e932e">
      <Name>HeightAboveMainDeck</Name>
      <Definition>Height of the fairlead above the main deck of the vessel</Definition>
      <PropertyType>
        <TypePropertySingleValue>
          <DataType type="IfcLengthMeasure" />
        </TypePropertySingleValue>
      </PropertyType>
      <NameAliases />
      <DefinitionAliases />
    </PropertyDef>
    <PropertyDef ifdguid="242dd65a3e844a3c9e61cbf498a4712b">
      <Name>FairleadToTermination</Name>
      <Definition>Distance from the fairlead to the bitt or winch on the vessel where the line terminates</Definition>
      <PropertyType>
        <TypePropertySingleValue>
          <DataType type="IfcLengthMeasure" />
        </TypePropertySingleValue>
      </PropertyType>
      <NameAliases />
      <DefinitionAliases />
    </PropertyDef>
    <PropertyDef ifdguid="ba47dacee75e4e74aab1ba025d541c28">
      <Name>WinchBreakLimit</Name>
      <Definition>Line force at which the winch starts to release the line (maximum load)</Definition>
      <PropertyType>
        <TypePropertySingleValue>
          <DataType type="IfcForceMeasure" />
        </TypePropertySingleValue>
      </PropertyType>
      <NameAliases />
      <DefinitionAliases />
    </PropertyDef>
    <PropertyDef ifdguid="e4b26e3821a64220a2a797117a1dfcb6">
      <Name>PreTensionAim</Name>
      <Definition>Line force that the winch is set to maintain (minimum load)</Definition>
      <PropertyType>
        <TypePropertySingleValue>
          <DataType type="IfcForceMeasure" />
        </TypePropertySingleValue>
      </PropertyType>
      <NameAliases />
      <DefinitionAliases />
    </PropertyDef>
    <PropertyDef ifdguid="a9298307dae3493eae710fdb858c13bc">
      <Name>LineType</Name>
      <Definition>Mooring line type</Definition>
      <PropertyType>
        <TypePropertySingleValue>
          <DataType type="IfcLabel" />
        </TypePropertySingleValue>
      </PropertyType>
      <NameAliases />
      <DefinitionAliases />
    </PropertyDef>
    <PropertyDef ifdguid="2bdd90dff23244ff9cf5f089a89903ab">
      <Name>LineStrength</Name>
      <Definition>Breaking load of the line (note that ultimate stress is not part of any of the material Psets)</Definition>
      <PropertyType>
        <TypePropertySingleValue>
          <DataType type="IfcForceMeasure" />
        </TypePropertySingleValue>
      </PropertyType>
      <NameAliases />
      <DefinitionAliases />
    </PropertyDef>
    <PropertyDef ifdguid="21ea3d17c67a4a48bc85ed045c0c8c92">
      <Name>TailLength</Name>
      <Definition>Length of the tail</Definition>
      <PropertyType>
        <TypePropertySingleValue>
          <DataType type="IfcPositiveLengthMeasure" />
        </TypePropertySingleValue>
      </PropertyType>
      <NameAliases />
      <DefinitionAliases />
    </PropertyDef>
    <PropertyDef ifdguid="b73e543d8d9c4ffc901cf1cc879c0725">
      <Name>TailDiameter</Name>
      <Definition>Diameter of the tail</Definition>
      <PropertyType>
        <TypePropertySingleValue>
          <DataType type="IfcPositiveLengthMeasure" />
        </TypePropertySingleValue>
      </PropertyType>
      <NameAliases />
      <DefinitionAliases />
    </PropertyDef>
    <PropertyDef ifdguid="4e2397e6fb4e41218b5afd5fd01c0d67">
      <Name>TailType</Name>
      <Definition>Mooring tail type</Definition>
      <PropertyType>
        <TypePropertySingleValue>
          <DataType type="IfcLabel" />
        </TypePropertySingleValue>
      </PropertyType>
      <NameAliases />
      <DefinitionAliases />
    </PropertyDef>
    <PropertyDef ifdguid="5e1f6529332b46ed8767187ec364dd9a">
      <Name>TailStrength</Name>
      <Definition>Breaking load of the tail (note that ultimate stress is not part of any of the material Psets)</Definition>
      <PropertyType>
        <TypePropertySingleValue>
          <DataType type="IfcForceMeasure" />
        </TypePropertySingleValue>
      </PropertyType>
      <NameAliases />
      <DefinitionAliases />
    </PropertyDef>
  </PropertyDefs>
  <PsetDefinitionAliases />
</PropertySetDef>