<?xml version="1.0"?>
<PropertySetDef xmlns:xsd="http://www.w3.org/2001/XMLSchema" xmlns:xsi="http://www.w3.org/2001/XMLSchema-instance" ifdguid="9d636880d20611e1800000215ad4efdf" templatetype="PSET_TYPEDRIVENOVERRIDE" xsi:noNamespaceSchemaLocation="http://buildingSMART-tech.org/xml/psd/PSD_IFC4.xsd" xmlns="http://buildingSMART-tech.org/xml/psd/PSD_IFC4.xsd">
  <IfcVersion version="IFC4x3_RC4" />
  <Name>Pset_SensorTypeWindSensor</Name>
  <Definition>A device that senses or detects wind speed and direction. HISTORY: Added in IFC4.</Definition>
  <Applicability />
  <ApplicableClasses>
    <ClassName>IfcSensor/WINDSENSOR</ClassName>
  </ApplicableClasses>
  <ApplicableTypeValue>IfcSensor/WINDSENSOR</ApplicableTypeValue>
  <PropertyDefs>
    <PropertyDef ifdguid="a2c0b300d20611e1800000215ad4efdf">
      <Name>WindSensorType</Name>
      <Definition>Enumeration that Identifies the types of wind sensors that can be specified.</Definition>
      <PropertyType>
        <TypePropertyEnumeratedValue>
          <EnumList name="PEnum_WindSensorType">
            <EnumItem>CUP</EnumItem>
            <EnumItem>WINDMILL</EnumItem>
            <EnumItem>HOTWIRE</EnumItem>
            <EnumItem>LASERDOPPLER</EnumItem>
            <EnumItem>SONIC</EnumItem>
            <EnumItem>PLATE</EnumItem>
            <EnumItem>TUBE</EnumItem>
            <EnumItem>OTHER</EnumItem>
            <EnumItem>NOTKNOWN</EnumItem>
            <EnumItem>UNSET</EnumItem>
          </EnumList>
          <ConstantList>
            <ConstantDef>
              <Name>CUP</Name>
              <NameAliases>
                <NameAlias lang="en">Cup</NameAlias>
              </NameAliases>
              <DefinitionAliases />
            </ConstantDef>
            <ConstantDef>
              <Name>WINDMILL</Name>
              <NameAliases>
                <NameAlias lang="en">Windmill</NameAlias>
              </NameAliases>
              <DefinitionAliases />
            </ConstantDef>
            <ConstantDef>
              <Name>HOTWIRE</Name>
              <NameAliases>
                <NameAlias lang="en">Hotwire</NameAlias>
              </NameAliases>
              <DefinitionAliases />
            </ConstantDef>
            <ConstantDef>
              <Name>LASERDOPPLER</Name>
              <NameAliases>
                <NameAlias lang="en">Laser Doppler</NameAlias>
              </NameAliases>
              <DefinitionAliases />
            </ConstantDef>
            <ConstantDef>
              <Name>SONIC</Name>
              <NameAliases>
                <NameAlias lang="en">Sonic</NameAlias>
              </NameAliases>
              <DefinitionAliases />
            </ConstantDef>
            <ConstantDef>
              <Name>PLATE</Name>
              <NameAliases>
                <NameAlias lang="en">Plate</NameAlias>
              </NameAliases>
              <DefinitionAliases />
            </ConstantDef>
            <ConstantDef>
              <Name>TUBE</Name>
              <NameAliases>
                <NameAlias lang="en">Tube</NameAlias>
              </NameAliases>
              <DefinitionAliases />
            </ConstantDef>
            <ConstantDef>
              <Name>OTHER</Name>
              <Definition>required category not on scale</Definition>
              <NameAliases>
                <NameAlias lang="en">(other)</NameAlias>
              </NameAliases>
              <DefinitionAliases>
                <DefinitionAlias lang="en">Value is not listed.</DefinitionAlias>
              </DefinitionAliases>
            </ConstantDef>
            <ConstantDef>
              <Name>NOTKNOWN</Name>
              <Definition>Value is unkown</Definition>
              <NameAliases>
                <NameAlias lang="en">(unknown)</NameAlias>
              </NameAliases>
              <DefinitionAliases>
                <DefinitionAlias lang="en">Value is unknown.</DefinitionAlias>
              </DefinitionAliases>
            </ConstantDef>
            <ConstantDef>
              <Name>UNSET</Name>
              <Definition>Value has not been specified</Definition>
              <NameAliases>
                <NameAlias lang="en">(unset)</NameAlias>
              </NameAliases>
              <DefinitionAliases>
                <DefinitionAlias lang="en">Value has not been specified.</DefinitionAlias>
              </DefinitionAliases>
            </ConstantDef>
          </ConstantList>
        </TypePropertyEnumeratedValue>
      </PropertyType>
      <NameAliases>
        <NameAlias lang="en">Wind Sensor Type</NameAlias>
        <NameAlias lang="ja-JP">風センサータイプ</NameAlias>
        <NameAlias lang="ko-KR">바람 센서 타입</NameAlias>
      </NameAliases>
      <DefinitionAliases>
        <DefinitionAlias lang="en" />
        <DefinitionAlias lang="ja-JP">明示された風センサーのタイプを識別する一覧。</DefinitionAlias>
        <DefinitionAlias lang="ko-KR">명시된 바람 센서 유형을 식별하는 목록.</DefinitionAlias>
      </DefinitionAliases>
    </PropertyDef>
    <PropertyDef ifdguid="b66c1980d20611e1800000215ad4efdf">
      <Name>SetPointSpeed</Name>
      <Definition>The wind speed value to be sensed. Use IfcPropertyBoundedValue.SetPointValue to set the set point value.</Definition>
      <PropertyType>
        <TypePropertySingleValue>
          <DataType type="IfcLinearVelocityMeasure" />
        </TypePropertySingleValue>
      </PropertyType>
      <NameAliases>
        <NameAlias lang="en">Set Point Speed</NameAlias>
        <NameAlias lang="ja-JP">風速設定値</NameAlias>
        <NameAlias lang="ko-KR">풍속 설정</NameAlias>
      </NameAliases>
      <DefinitionAliases>
        <DefinitionAlias lang="en" />
        <DefinitionAlias lang="ja-JP">感知される風速。
セットポイント値を置くために、IfcPropertyBoundedValue.SetPointValueを使用する。</DefinitionAlias>
        <DefinitionAlias lang="ko-KR">감지되는 바람. 세트 포인트 값을 넣으려면, IfcPropertyBoundedValue.SetPointValue를 사용하십시오.</DefinitionAlias>
      </DefinitionAliases>
    </PropertyDef>
  </PropertyDefs>
  <PsetDefinitionAliases>
    <PsetDefinitionAlias lang="en" />
    <PsetDefinitionAlias lang="ja-JP">風速を感知または検出するデバイス。</PsetDefinitionAlias>
  </PsetDefinitionAliases>
</PropertySetDef>