<?xml version="1.0"?>
<PropertySetDef xmlns:xsi="http://www.w3.org/2001/XMLSchema-instance" xmlns:xsd="http://www.w3.org/2001/XMLSchema" ifdguid="92f49f00d20511e1800000215ad4efdf" templatetype="PSET_TYPEDRIVENOVERRIDE" xsi:noNamespaceSchemaLocation="http://buildingSMART-tech.org/xml/psd/PSD_IFC4.xsd" xmlns="http://buildingSMART-tech.org/xml/psd/PSD_IFC4.xsd">
  <IfcVersion version="IFC4x3_RC4" />
  <Name>Pset_SensorTypeHumiditySensor</Name>
  <Definition>A device that senses or detects humidity. HISTORY: HumiditySensorSetPoint changed to SetPointHumidity. Range, accuracy and time constant deleted.</Definition>
  <Applicability />
  <ApplicableClasses>
    <ClassName>IfcSensor/HUMIDITYSENSOR</ClassName>
  </ApplicableClasses>
  <ApplicableTypeValue>IfcSensor/HUMIDITYSENSOR</ApplicableTypeValue>
  <PropertyDefs>
    <PropertyDef ifdguid="a6a00580d20511e1800000215ad4efdf">
      <Name>SetPointHumidity</Name>
      <Definition>The humidity value to be sensed. Use IfcPropertyBoundedValue.SetPointValue to set the set point value.</Definition>
      <PropertyType>
        <TypePropertyBoundedValue>
          <DataType type="IfcPositiveRatioMeasure" />
        </TypePropertyBoundedValue>
      </PropertyType>
      <NameAliases>
        <NameAlias lang="en">Set Point Humidity</NameAlias>
        <NameAlias lang="ja-JP">湿度設定値</NameAlias>
        <NameAlias lang="ko-KR">습도 설정</NameAlias>
      </NameAliases>
      <DefinitionAliases>
        <DefinitionAlias lang="en" />
        <DefinitionAlias lang="ja-JP">感知される湿度。
セットポイント値を置くために、IfcPropertyBoundedValue.SetPointValueを使用する。</DefinitionAlias>
        <DefinitionAlias lang="ko-KR">감지되는 습도. 세트 포인트 값을 넣으려면, IfcPropertyBoundedValue.SetPointValue를 사용하십시오.</DefinitionAlias>
      </DefinitionAliases>
    </PropertyDef>
  </PropertyDefs>
  <PsetDefinitionAliases>
    <PsetDefinitionAlias lang="en" />
    <PsetDefinitionAlias lang="ja-JP">湿度を感知または検出するデバイス。</PsetDefinitionAlias>
  </PsetDefinitionAliases>
</PropertySetDef>