<?xml version="1.0"?>
<PropertySetDef xmlns:xsi="http://www.w3.org/2001/XMLSchema-instance" xmlns:xsd="http://www.w3.org/2001/XMLSchema" ifdguid="ce966580d21311e1800000215ad4efdf" templatetype="PSET_TYPEDRIVENOVERRIDE" xsi:noNamespaceSchemaLocation="http://buildingSMART-tech.org/xml/psd/PSD_IFC4.xsd" xmlns="http://buildingSMART-tech.org/xml/psd/PSD_IFC4.xsd">
  <IfcVersion version="IFC4x3_RC4" />
  <Name>Pset_UnitaryEquipmentTypeCommon</Name>
  <Definition>Unitary equipment type common attributes.</Definition>
  <Applicability />
  <ApplicableClasses>
    <ClassName>IfcUnitaryEquipment</ClassName>
  </ApplicableClasses>
  <ApplicableTypeValue>IfcUnitaryEquipment</ApplicableTypeValue>
  <PropertyDefs>
    <PropertyDef ifdguid="d2c28300d21311e1800000215ad4efdf">
      <Name>Reference</Name>
      <Definition>Reference ID for this specified type in this project (e.g. type 'A-1').</Definition>
      <PropertyType>
        <TypePropertySingleValue>
          <DataType type="IfcIdentifier" />
        </TypePropertySingleValue>
      </PropertyType>
      <NameAliases>
        <NameAlias lang="en">Reference</NameAlias>
        <NameAlias lang="ja-JP">参照記号</NameAlias>
      </NameAliases>
      <DefinitionAliases>
        <DefinitionAlias lang="en" />
        <DefinitionAlias lang="ja-JP">このプロジェクトにおける参照記号(例：A-1)。分類コードではなく内部で使用されるプロジェクトタイプとして使用されるもの。</DefinitionAlias>
      </DefinitionAliases>
    </PropertyDef>
    <PropertyDef ifdguid="d950fa80d21311e1800000215ad4efdf">
      <Name>Status</Name>
      <Definition>Status of the element, predominately used in renovation or retrofitting projects. The status can be assigned to as "New" - element designed as new addition, "Existing" - element exists and remains, "Demolish" - element existed but is to be demolished,  "Temporary" - element will exists only temporary (like a temporary support structure).</Definition>
      <PropertyType>
        <TypePropertyEnumeratedValue>
          <EnumList name="PEnum_ElementStatus">
            <EnumItem>NEW</EnumItem>
            <EnumItem>EXISTING</EnumItem>
            <EnumItem>DEMOLISH</EnumItem>
            <EnumItem>TEMPORARY</EnumItem>
            <EnumItem>OTHER</EnumItem>
            <EnumItem>NOTKNOWN</EnumItem>
            <EnumItem>UNSET</EnumItem>
          </EnumList>
          <ConstantList>
            <ConstantDef>
              <Name>NEW</Name>
              <Definition>element designed as new addition</Definition>
              <NameAliases>
                <NameAlias lang="en">New</NameAlias>
              </NameAliases>
              <DefinitionAliases />
            </ConstantDef>
            <ConstantDef>
              <Name>EXISTING</Name>
              <Definition>element exists and is to remain</Definition>
              <NameAliases>
                <NameAlias lang="en">Existing</NameAlias>
              </NameAliases>
              <DefinitionAliases />
            </ConstantDef>
            <ConstantDef>
              <Name>DEMOLISH</Name>
              <Definition>element exists but is to be demolished</Definition>
              <NameAliases>
                <NameAlias lang="en">Demolish</NameAlias>
              </NameAliases>
              <DefinitionAliases />
            </ConstantDef>
            <ConstantDef>
              <Name>TEMPORARY</Name>
              <Definition>element will exist only temporarily (such as a temporary support structure)</Definition>
              <NameAliases>
                <NameAlias lang="en">Temporary</NameAlias>
              </NameAliases>
              <DefinitionAliases />
            </ConstantDef>
            <ConstantDef>
              <Name>OTHER</Name>
              <Definition>required category not on scale</Definition>
              <NameAliases>
                <NameAlias lang="en">(other)</NameAlias>
              </NameAliases>
              <DefinitionAliases>
                <DefinitionAlias lang="en">Value is not listed.</DefinitionAlias>
              </DefinitionAliases>
            </ConstantDef>
            <ConstantDef>
              <Name>NOTKNOWN</Name>
              <Definition>Value is unkown</Definition>
              <NameAliases>
                <NameAlias lang="en">(unknown)</NameAlias>
              </NameAliases>
              <DefinitionAliases>
                <DefinitionAlias lang="en">Value is unknown.</DefinitionAlias>
              </DefinitionAliases>
            </ConstantDef>
            <ConstantDef>
              <Name>UNSET</Name>
              <Definition>Value has not been specified</Definition>
              <NameAliases>
                <NameAlias lang="en">(unset)</NameAlias>
              </NameAliases>
              <DefinitionAliases>
                <DefinitionAlias lang="en">Value has not been specified.</DefinitionAlias>
              </DefinitionAliases>
            </ConstantDef>
          </ConstantList>
        </TypePropertyEnumeratedValue>
      </PropertyType>
      <NameAliases>
        <NameAlias lang="en">Status</NameAlias>
        <NameAlias lang="ja-JP">状態</NameAlias>
      </NameAliases>
      <DefinitionAliases>
        <DefinitionAlias lang="en" />
        <DefinitionAlias lang="ja-JP">要素（主にリノベーションまたは改修プロジェクトにおいて）の状態。 状態は、「新規(New)」－新しく追加される要素。「既存」－要素は存在し、かつ残りもの。「破壊」－要素は存在したが、廃棄されるもの。「一時的」－一時的に存在する要素（一時的にサポートしている構造のようなもの）。</DefinitionAlias>
      </DefinitionAliases>
    </PropertyDef>
  </PropertyDefs>
  <PsetDefinitionAliases>
    <PsetDefinitionAlias lang="en" />
    <PsetDefinitionAlias lang="ja-JP">機器共通</PsetDefinitionAlias>
  </PsetDefinitionAliases>
</PropertySetDef>