<?xml version="1.0"?>
<PropertySetDef xmlns:xsd="http://www.w3.org/2001/XMLSchema" xmlns:xsi="http://www.w3.org/2001/XMLSchema-instance" ifdguid="a2adbc80d1e011e1800000215ad4efdf" templatetype="PSET_TYPEDRIVENOVERRIDE" xsi:noNamespaceSchemaLocation="http://buildingSMART-tech.org/xml/psd/PSD_IFC4.xsd" xmlns="http://buildingSMART-tech.org/xml/psd/PSD_IFC4.xsd">
  <IfcVersion version="IFC4x3_RC4" />
  <Name>Pset_ElectricGeneratorTypeCommon</Name>
  <Definition>Defines a particular type of engine that is a machine for converting mechanical energy into electrical energy.</Definition>
  <Applicability />
  <ApplicableClasses>
    <ClassName>IfcElectricGenerator</ClassName>
  </ApplicableClasses>
  <ApplicableTypeValue>IfcElectricGenerator</ApplicableTypeValue>
  <PropertyDefs>
    <PropertyDef ifdguid="a80b0700d1e011e1800000215ad4efdf">
      <Name>Reference</Name>
      <Definition>Reference ID for this specified type in this project (e.g. type 'A-1'), provided, if there is no classification reference to a recognized classification system used.</Definition>
      <PropertyType>
        <TypePropertySingleValue>
          <DataType type="IfcIdentifier" />
        </TypePropertySingleValue>
      </PropertyType>
      <NameAliases>
        <NameAlias lang="en">Reference</NameAlias>
        <NameAlias lang="ja-JP">参照</NameAlias>
        <NameAlias lang="ko-KR">참조</NameAlias>
      </NameAliases>
      <DefinitionAliases>
        <DefinitionAlias lang="en" />
        <DefinitionAlias lang="ja-JP">当該プロジェクトで定義する形式の参照ID（例：A-1)、承認された分類に存在しないときに使用される。</DefinitionAlias>
        <DefinitionAlias lang="ko-KR">해당 프로젝트에 정의된 형식의 참조 ID (예 : A-1) 승인된 분류에 존재하지 않을 때 사용된다</DefinitionAlias>
      </DefinitionAliases>
    </PropertyDef>
    <PropertyDef ifdguid="ad685180d1e011e1800000215ad4efdf">
      <Name>Status</Name>
      <Definition>Status of the element, predominately used in renovation or retrofitting projects. The status can be assigned to as "New" - element designed as new addition, "Existing" - element exists and remains, "Demolish" - element existed but is to be demolished,  "Temporary" - element will exists only temporary (like a temporary support structure).</Definition>
      <PropertyType>
        <TypePropertyEnumeratedValue>
          <EnumList name="PEnum_ElementStatus">
            <EnumItem>NEW</EnumItem>
            <EnumItem>EXISTING</EnumItem>
            <EnumItem>DEMOLISH</EnumItem>
            <EnumItem>TEMPORARY</EnumItem>
            <EnumItem>OTHER</EnumItem>
            <EnumItem>NOTKNOWN</EnumItem>
            <EnumItem>UNSET</EnumItem>
          </EnumList>
          <ConstantList>
            <ConstantDef>
              <Name>NEW</Name>
              <Definition>element designed as new addition</Definition>
              <NameAliases>
                <NameAlias lang="en">New</NameAlias>
              </NameAliases>
              <DefinitionAliases />
            </ConstantDef>
            <ConstantDef>
              <Name>EXISTING</Name>
              <Definition>element exists and is to remain</Definition>
              <NameAliases>
                <NameAlias lang="en">Existing</NameAlias>
              </NameAliases>
              <DefinitionAliases />
            </ConstantDef>
            <ConstantDef>
              <Name>DEMOLISH</Name>
              <Definition>element exists but is to be demolished</Definition>
              <NameAliases>
                <NameAlias lang="en">Demolish</NameAlias>
              </NameAliases>
              <DefinitionAliases />
            </ConstantDef>
            <ConstantDef>
              <Name>TEMPORARY</Name>
              <Definition>element will exist only temporarily (such as a temporary support structure)</Definition>
              <NameAliases>
                <NameAlias lang="en">Temporary</NameAlias>
              </NameAliases>
              <DefinitionAliases />
            </ConstantDef>
            <ConstantDef>
              <Name>OTHER</Name>
              <Definition>required category not on scale</Definition>
              <NameAliases>
                <NameAlias lang="en">(other)</NameAlias>
              </NameAliases>
              <DefinitionAliases>
                <DefinitionAlias lang="en">Value is not listed.</DefinitionAlias>
              </DefinitionAliases>
            </ConstantDef>
            <ConstantDef>
              <Name>NOTKNOWN</Name>
              <Definition>Value is unkown</Definition>
              <NameAliases>
                <NameAlias lang="en">(unknown)</NameAlias>
              </NameAliases>
              <DefinitionAliases>
                <DefinitionAlias lang="en">Value is unknown.</DefinitionAlias>
              </DefinitionAliases>
            </ConstantDef>
            <ConstantDef>
              <Name>UNSET</Name>
              <Definition>Value has not been specified</Definition>
              <NameAliases>
                <NameAlias lang="en">(unset)</NameAlias>
              </NameAliases>
              <DefinitionAliases>
                <DefinitionAlias lang="en">Value has not been specified.</DefinitionAlias>
              </DefinitionAliases>
            </ConstantDef>
          </ConstantList>
        </TypePropertyEnumeratedValue>
      </PropertyType>
      <NameAliases>
        <NameAlias lang="en">Status</NameAlias>
        <NameAlias lang="ja-JP">状態</NameAlias>
      </NameAliases>
      <DefinitionAliases>
        <DefinitionAlias lang="en" />
        <DefinitionAlias lang="ja-JP">要素（主にリノベーションまたは改修プロジェクトにおいて）の状態。 状態は、「新規(New)」－新しく追加される要素。「既存」－要素は存在し、かつ残りもの。「破壊」－要素は存在したが、廃棄されるもの。「一時的」－一時的に存在する要素（一時的にサポートしている構造のようなもの）。</DefinitionAlias>
      </DefinitionAliases>
    </PropertyDef>
    <PropertyDef ifdguid="bb1dd700d1e011e1800000215ad4efdf">
      <Name>ElectricGeneratorEfficiency</Name>
      <Definition>The ratio of output capacity to intake capacity.</Definition>
      <PropertyType>
        <TypePropertySingleValue>
          <DataType type="IfcPositiveRatioMeasure" />
        </TypePropertySingleValue>
      </PropertyType>
      <NameAliases>
        <NameAlias lang="en">Electric Generator Efficiency</NameAlias>
        <NameAlias lang="ja-JP">発電効率</NameAlias>
        <NameAlias lang="ko-KR">발전 효율</NameAlias>
      </NameAliases>
      <DefinitionAliases>
        <DefinitionAlias lang="en" />
        <DefinitionAlias lang="ja-JP">出力容量と入力容量の比率。</DefinitionAlias>
        <DefinitionAlias lang="ko-KR">출력 용량을 입력 용량의 비율</DefinitionAlias>
      </DefinitionAliases>
    </PropertyDef>
    <PropertyDef ifdguid="c07b2180d1e011e1800000215ad4efdf">
      <Name>StartCurrentFactor</Name>
      <Definition>IEC. Start current factor defines how large the peek starting current will become on the engine. StartCurrentFactor is multiplied to NominalCurrent and we get the start current.</Definition>
      <PropertyType>
        <TypePropertySingleValue>
          <DataType type="IfcReal" />
        </TypePropertySingleValue>
      </PropertyType>
      <NameAliases>
        <NameAlias lang="en">Start Current Factor</NameAlias>
        <NameAlias lang="ja-JP">始動電流係数</NameAlias>
        <NameAlias lang="ko-KR">시동 전류 계수</NameAlias>
      </NameAliases>
      <DefinitionAliases>
        <DefinitionAlias lang="en" />
        <DefinitionAlias lang="ja-JP">始動電流係数はエンジンが動き始めた時のピーク始動電流を定義。始動電流係数は定格電流と始動時の電流を掛け合わせたもの。</DefinitionAlias>
        <DefinitionAlias lang="ko-KR">시동 전류 계수는 엔진이 움직이기 시작했다 피크 기동 전류를 정의합니다. 시동 전류 계수는 정격 전류 시동시 전류를 곱한 것</DefinitionAlias>
      </DefinitionAliases>
    </PropertyDef>
    <PropertyDef ifdguid="c53fd580d1e011e1800000215ad4efdf">
      <Name>MaximumPowerOutput</Name>
      <Definition>The maximum output power rating of the engine.</Definition>
      <PropertyType>
        <TypePropertySingleValue>
          <DataType type="IfcPowerMeasure" />
        </TypePropertySingleValue>
      </PropertyType>
      <NameAliases>
        <NameAlias lang="en">Maximum Power Output</NameAlias>
        <NameAlias lang="ja-JP">最大出力</NameAlias>
        <NameAlias lang="ko-KR">최대 출력</NameAlias>
      </NameAliases>
      <DefinitionAliases>
        <DefinitionAlias lang="en" />
        <DefinitionAlias lang="ja-JP">エンジンの最大出力定格。</DefinitionAlias>
        <DefinitionAlias lang="ko-KR">엔진의 최대 출력 정격</DefinitionAlias>
      </DefinitionAliases>
    </PropertyDef>
  </PropertyDefs>
  <PsetDefinitionAliases>
    <PsetDefinitionAlias lang="en" />
    <PsetDefinitionAlias lang="ja-JP">機械エネルギーを電気エネルギーに変換する特殊なエンジンを定義。</PsetDefinitionAlias>
  </PsetDefinitionAliases>
</PropertySetDef>