<?xml version="1.0"?>
<PropertySetDef xmlns:xsd="http://www.w3.org/2001/XMLSchema" xmlns:xsi="http://www.w3.org/2001/XMLSchema-instance" ifdguid="22974f00d20011e1800000215ad4efdf" templatetype="PSET_TYPEDRIVENOVERRIDE" xsi:noNamespaceSchemaLocation="http://buildingSMART-tech.org/xml/psd/PSD_IFC4.xsd" xmlns="http://buildingSMART-tech.org/xml/psd/PSD_IFC4.xsd">
  <IfcVersion version="IFC4x3_RC4" />
  <Name>Pset_ReinforcementBarPitchOfContinuousFooting</Name>
  <Definition>Reinforcement Concrete parameter [ST-2]: The pitch length information of reinforcement  bar with the continuous footing.</Definition>
  <Applicability />
  <ApplicableClasses>
    <ClassName>IfcFooting</ClassName>
  </ApplicableClasses>
  <ApplicableTypeValue>IfcFooting</ApplicableTypeValue>
  <PropertyDefs>
    <PropertyDef ifdguid="25923f80d20011e1800000215ad4efdf">
      <Name>Description</Name>
      <Definition>Description of the reinforcement.</Definition>
      <PropertyType>
        <TypePropertySingleValue>
          <DataType type="IfcText" />
        </TypePropertySingleValue>
      </PropertyType>
      <NameAliases>
        <NameAlias lang="en">Description</NameAlias>
        <NameAlias lang="ja-JP">説明</NameAlias>
      </NameAliases>
      <DefinitionAliases>
        <DefinitionAlias lang="en" />
        <DefinitionAlias lang="ja-JP">鉄筋の説明。</DefinitionAlias>
      </DefinitionAliases>
    </PropertyDef>
    <PropertyDef ifdguid="2b882080d20011e1800000215ad4efdf">
      <Name>Reference</Name>
      <Definition>A descriptive label for the general reinforcement type.</Definition>
      <PropertyType>
        <TypePropertySingleValue>
          <DataType type="IfcLabel" />
        </TypePropertySingleValue>
      </PropertyType>
      <NameAliases>
        <NameAlias lang="en">Reference</NameAlias>
        <NameAlias lang="ja-JP">参照記号</NameAlias>
      </NameAliases>
      <DefinitionAliases>
        <DefinitionAlias lang="en" />
        <DefinitionAlias lang="ja-JP">一般的な鉄筋タイプの説明ラベル。</DefinitionAlias>
      </DefinitionAliases>
    </PropertyDef>
    <PropertyDef ifdguid="32169800d20011e1800000215ad4efdf">
      <Name>CrossingUpperBarPitch</Name>
      <Definition>The pitch length of the crossing upper bar.</Definition>
      <PropertyType>
        <TypePropertySingleValue>
          <DataType type="IfcPositiveLengthMeasure" />
        </TypePropertySingleValue>
      </PropertyType>
      <NameAliases>
        <NameAlias lang="en">Crossing Upper Bar Pitch</NameAlias>
        <NameAlias lang="ja-JP">上端筋間隔</NameAlias>
      </NameAliases>
      <DefinitionAliases>
        <DefinitionAlias lang="en" />
        <DefinitionAlias lang="ja-JP">交差する上端筋間隔。</DefinitionAlias>
      </DefinitionAliases>
    </PropertyDef>
    <PropertyDef ifdguid="39d63c80d20011e1800000215ad4efdf">
      <Name>CrossingLowerBarPitch</Name>
      <Definition>The pitch length of the crossing lower bar.</Definition>
      <PropertyType>
        <TypePropertySingleValue>
          <DataType type="IfcPositiveLengthMeasure" />
        </TypePropertySingleValue>
      </PropertyType>
      <NameAliases>
        <NameAlias lang="en">Crossing Lower Bar Pitch</NameAlias>
        <NameAlias lang="ja-JP">下端筋間隔</NameAlias>
      </NameAliases>
      <DefinitionAliases>
        <DefinitionAlias lang="en" />
        <DefinitionAlias lang="ja-JP">交差する下端筋間隔。</DefinitionAlias>
      </DefinitionAliases>
    </PropertyDef>
  </PropertyDefs>
  <PsetDefinitionAliases>
    <PsetDefinitionAlias lang="en" />
    <PsetDefinitionAlias lang="ja-JP">鉄筋コンクリートパラメータ［ST-2］：布基礎の補強筋間隔情報。</PsetDefinitionAlias>
  </PsetDefinitionAliases>
</PropertySetDef>