<?xml version="1.0"?>
<PropertySetDef xmlns:xsi="http://www.w3.org/2001/XMLSchema-instance" xmlns:xsd="http://www.w3.org/2001/XMLSchema" ifdguid="070f5280d1c611e1800000215ad4efdf" templatetype="PSET_TYPEDRIVENOVERRIDE" xsi:noNamespaceSchemaLocation="http://buildingSMART-tech.org/xml/psd/PSD_IFC4.xsd" xmlns="http://buildingSMART-tech.org/xml/psd/PSD_IFC4.xsd">
  <IfcVersion version="IFC4x3_RC4" />
  <Name>Pset_BuildingUseAdjacent</Name>
  <Definition>Provides information on adjacent buildings and their uses to enable their impact on the building of interest to be determined. Note that for each instance of the property set used, where there is an existence of risk, there will be an instance of the property set Pset_Risk (q.v).</Definition>
  <Applicability />
  <ApplicableClasses>
    <ClassName>IfcBuilding</ClassName>
  </ApplicableClasses>
  <ApplicableTypeValue>IfcBuilding</ApplicableTypeValue>
  <PropertyDefs>
    <PropertyDef ifdguid="0b3b7000d1c611e1800000215ad4efdf">
      <Name>MarketCategory</Name>
      <Definition>Category of use e.g. residential, commercial, recreation etc.</Definition>
      <PropertyType>
        <TypePropertySingleValue>
          <DataType type="IfcLabel" />
        </TypePropertySingleValue>
      </PropertyType>
      <NameAliases>
        <NameAlias lang="en">Market Category</NameAlias>
        <NameAlias lang="fr-FR">CategorieUsage</NameAlias>
      </NameAliases>
      <DefinitionAliases>
        <DefinitionAlias lang="en" />
        <DefinitionAlias lang="fr-FR">Catégorie d'usage (résidentiel, commercial, loisir,…)</DefinitionAlias>
      </DefinitionAliases>
    </PropertyDef>
    <PropertyDef ifdguid="1098ba80d1c611e1800000215ad4efdf">
      <Name>MarketSubCategory</Name>
      <Definition>Subset of category of use e.g. multi-family, 2 bedroom, low rise.</Definition>
      <PropertyType>
        <TypePropertySingleValue>
          <DataType type="IfcLabel" />
        </TypePropertySingleValue>
      </PropertyType>
      <NameAliases>
        <NameAlias lang="en">Market Sub Category</NameAlias>
        <NameAlias lang="fr-FR">SousCategorieUsage</NameAlias>
      </NameAliases>
      <DefinitionAliases>
        <DefinitionAlias lang="en" />
        <DefinitionAlias lang="fr-FR">Sous catégorie d'usage.</DefinitionAlias>
      </DefinitionAliases>
    </PropertyDef>
    <PropertyDef ifdguid="168e9b80d1c611e1800000215ad4efdf">
      <Name>PlanningControlStatus</Name>
      <Definition>Label of zoning category or class, or planning control category for the site or facility.</Definition>
      <PropertyType>
        <TypePropertySingleValue>
          <DataType type="IfcLabel" />
        </TypePropertySingleValue>
      </PropertyType>
      <NameAliases>
        <NameAlias lang="en">Planning Control Status</NameAlias>
        <NameAlias lang="fr-FR">EtatPlanningControle</NameAlias>
      </NameAliases>
      <DefinitionAliases>
        <DefinitionAlias lang="en" />
        <DefinitionAlias lang="fr-FR">Catégorie de zone ou classe, ou catégorie relativement à un planning de contrôle pour le site ou l'ensemble immobilier.</DefinitionAlias>
      </DefinitionAliases>
    </PropertyDef>
    <PropertyDef ifdguid="1c847c80d1c611e1800000215ad4efdf">
      <Name>NarrativeText</Name>
      <Definition>Added information relating to the adjacent building use that is not appropriate to the general descriptive text associated with an entity through the inherited IfcRoot.Description.</Definition>
      <PropertyType>
        <TypePropertySingleValue>
          <DataType type="IfcText" />
        </TypePropertySingleValue>
      </PropertyType>
      <NameAliases>
        <NameAlias lang="en">Narrative Text</NameAlias>
        <NameAlias lang="fr-FR">CommentaireUsage</NameAlias>
      </NameAliases>
      <DefinitionAliases>
        <DefinitionAlias lang="en" />
        <DefinitionAlias lang="fr-FR">Information sur l'usage des bâtiments voisins</DefinitionAlias>
      </DefinitionAliases>
    </PropertyDef>
  </PropertyDefs>
  <PsetDefinitionAliases>
    <PsetDefinitionAlias lang="en" />
    <PsetDefinitionAlias lang="fr-FR">Définition de l'IAI : information sur les bâtiments voisins et sur leur usage pour apprécier leur impact sur le bâtiment auquel on s'intéresse. Veuillez noter que pour chaque instance de ce jeu de propriétés,  dès lors qu'un risque existe, il doit exister une instance du jeu de propriétés Pset_Risk (q.v).</PsetDefinitionAlias>
  </PsetDefinitionAliases>
</PropertySetDef>