<?xml version="1.0"?>
<PropertySetDef xmlns:xsd="http://www.w3.org/2001/XMLSchema" xmlns:xsi="http://www.w3.org/2001/XMLSchema-instance" ifdguid="953fc72dd3154cc5aa6a9af91cc0ee9b" templatetype="PSET_TYPEDRIVENOVERRIDE" xsi:noNamespaceSchemaLocation="http://buildingSMART-tech.org/xml/psd/PSD_IFC4.xsd" xmlns="http://buildingSMART-tech.org/xml/psd/PSD_IFC4.xsd">
  <IfcVersion version="IFC4x3_RC4" />
  <Name>Pset_RailwaySignGeneral</Name>
  <Applicability />
  <ApplicableClasses>
    <ClassName>IfcSign</ClassName>
  </ApplicableClasses>
  <ApplicableTypeValue>IfcSign</ApplicableTypeValue>
  <PropertyDefs>
    <PropertyDef ifdguid="626f76ca32c64a7dbf85f459a29e522b">
      <Name>SignAspect</Name>
      <Definition />
      <PropertyType>
        <TypePropertySingleValue>
          <DataType type="IfcLabel" />
        </TypePropertySingleValue>
      </PropertyType>
      <NameAliases />
      <DefinitionAliases />
    </PropertyDef>
    <PropertyDef ifdguid="3666d20867c54f4d9e82813857aee4a4">
      <Name>SignType</Name>
      <Definition />
      <PropertyType>
        <TypePropertySingleValue>
          <DataType type="IfcLabel" />
        </TypePropertySingleValue>
      </PropertyType>
      <NameAliases />
      <DefinitionAliases />
    </PropertyDef>
  </PropertyDefs>
  <PsetDefinitionAliases />
</PropertySetDef>