<?xml version="1.0"?>
<PropertySetDef xmlns:xsi="http://www.w3.org/2001/XMLSchema-instance" xmlns:xsd="http://www.w3.org/2001/XMLSchema" ifdguid="e9f17880d1f311e1800000215ad4efdf" templatetype="PSET_TYPEDRIVENOVERRIDE" xsi:noNamespaceSchemaLocation="http://buildingSMART-tech.org/xml/psd/PSD_IFC4.xsd" xmlns="http://buildingSMART-tech.org/xml/psd/PSD_IFC4.xsd">
  <IfcVersion version="IFC4x3_RC4" />
  <Name>Pset_PipeSegmentTypeGutter</Name>
  <Definition>Gutter segment type common attributes.</Definition>
  <Applicability />
  <ApplicableClasses>
    <ClassName>IfcPipeSegment/GUTTER</ClassName>
  </ApplicableClasses>
  <ApplicableTypeValue>IfcPipeSegment/GUTTER</ApplicableTypeValue>
  <PropertyDefs>
    <PropertyDef ifdguid="eeb62c80d1f311e1800000215ad4efdf">
      <Name>Slope</Name>
      <Definition>Angle of the gutter to allow for drainage.</Definition>
      <PropertyType>
        <TypePropertySingleValue>
          <DataType type="IfcPlaneAngleMeasure" />
        </TypePropertySingleValue>
      </PropertyType>
      <NameAliases>
        <NameAlias lang="en">Slope</NameAlias>
        <NameAlias lang="ja-JP">勾配</NameAlias>
      </NameAliases>
      <DefinitionAliases>
        <DefinitionAlias lang="en" />
        <DefinitionAlias lang="ja-JP">排水に必要な溝の角度（傾斜）</DefinitionAlias>
      </DefinitionAliases>
    </PropertyDef>
    <PropertyDef ifdguid="f4137700d1f311e1800000215ad4efdf">
      <Name>FlowRating</Name>
      <Definition>Actual flow capacity for the gutter. Value of 0.00 means this value has not been set.</Definition>
      <PropertyType>
        <TypePropertySingleValue>
          <DataType type="IfcVolumetricFlowRateMeasure" />
        </TypePropertySingleValue>
      </PropertyType>
      <NameAliases>
        <NameAlias lang="en">Flow Rating</NameAlias>
        <NameAlias lang="ja-JP">流量</NameAlias>
      </NameAliases>
      <DefinitionAliases>
        <DefinitionAlias lang="en" />
        <DefinitionAlias lang="ja-JP">実際の排水流量　　０.00値はこの値がｾｯﾄされていないことを意味する　</DefinitionAlias>
      </DefinitionAliases>
    </PropertyDef>
  </PropertyDefs>
  <PsetDefinitionAliases>
    <PsetDefinitionAlias lang="en" />
  </PsetDefinitionAliases>
</PropertySetDef>