<?xml version="1.0"?>
<PropertySetDef xmlns:xsi="http://www.w3.org/2001/XMLSchema-instance" xmlns:xsd="http://www.w3.org/2001/XMLSchema" ifdguid="f2d25200d1d311e1800000215ad4efdf" templatetype="PSET_TYPEDRIVENOVERRIDE" xsi:noNamespaceSchemaLocation="http://buildingSMART-tech.org/xml/psd/PSD_IFC4.xsd" xmlns="http://buildingSMART-tech.org/xml/psd/PSD_IFC4.xsd">
  <IfcVersion version="IFC4x3_RC4" />
  <Name>Pset_DistributionChamberElementTypeManhole</Name>
  <Definition>Chamber constructed on a drain, sewer or pipeline and with a removable cover, that permits the entry of a person.</Definition>
  <Applicability />
  <ApplicableClasses>
    <ClassName>IfcDistributionChamberElement/MANHOLE</ClassName>
  </ApplicableClasses>
  <ApplicableTypeValue>IfcDistributionChamberElement/MANHOLE</ApplicableTypeValue>
  <PropertyDefs>
    <PropertyDef ifdguid="f7970600d1d311e1800000215ad4efdf">
      <Name>InvertLevel</Name>
      <Definition>Level of the lowest part of the cross section as measured from ground level.</Definition>
      <PropertyType>
        <TypePropertySingleValue>
          <DataType type="IfcLengthMeasure" />
        </TypePropertySingleValue>
      </PropertyType>
      <NameAliases>
        <NameAlias lang="en">Invert Level</NameAlias>
        <NameAlias lang="ja-JP">最大深さ</NameAlias>
        <NameAlias lang="ko-KR">최대 깊이</NameAlias>
      </NameAliases>
      <DefinitionAliases>
        <DefinitionAlias lang="en" />
        <DefinitionAlias lang="ja-JP">断面の最も低い部分の深さ（地面から）。</DefinitionAlias>
        <DefinitionAlias lang="ko-KR">단면의 가장 낮은 부분의 깊이 (지상에서)</DefinitionAlias>
      </DefinitionAliases>
    </PropertyDef>
    <PropertyDef ifdguid="fc5bba00d1d311e1800000215ad4efdf">
      <Name>SoffitLevel</Name>
      <Definition>Level of the highest internal part of the cross section as measured from ground level.</Definition>
      <PropertyType>
        <TypePropertySingleValue>
          <DataType type="IfcLengthMeasure" />
        </TypePropertySingleValue>
      </PropertyType>
      <NameAliases>
        <NameAlias lang="en">Soffit Level</NameAlias>
        <NameAlias lang="ja-JP">最小深さ</NameAlias>
        <NameAlias lang="ko-KR">최소깊이</NameAlias>
      </NameAliases>
      <DefinitionAliases>
        <DefinitionAlias lang="en" />
        <DefinitionAlias lang="ja-JP">断面の最も高い部分の深さ（地面から）。</DefinitionAlias>
        <DefinitionAlias lang="ko-KR">단면의 가장 높은 부분의 깊이 (지상에서)</DefinitionAlias>
      </DefinitionAliases>
    </PropertyDef>
    <PropertyDef ifdguid="01206e00d1d411e1800000215ad4efdf">
      <Name>WallMaterial</Name>
      <Definition>The material from which the wall of the chamber is constructed.
NOTE: It is assumed that chamber walls will be constructed of a single material.</Definition>
      <PropertyType>
        <TypePropertyReferenceValue reftype="IfcMaterialDefinition" />
      </PropertyType>
      <NameAliases>
        <NameAlias lang="en">Wall Material</NameAlias>
        <NameAlias lang="ja-JP">壁の材質</NameAlias>
        <NameAlias lang="ko-KR">벽의 재질</NameAlias>
      </NameAliases>
      <DefinitionAliases>
        <DefinitionAlias lang="en" />
        <DefinitionAlias lang="ja-JP">ダクトスペース壁の材質。
注：ダクトスペースの壁は単層と仮定する</DefinitionAlias>
        <DefinitionAlias lang="ko-KR">덕트 공간 벽의 재질 참고 : 덕트 공간의 벽은 단층 가정</DefinitionAlias>
      </DefinitionAliases>
    </PropertyDef>
    <PropertyDef ifdguid="04b3f500d1d411e1800000215ad4efdf">
      <Name>WallThickness</Name>
      <Definition>The thickness of the chamber wall construction
NOTE: It is assumed that chamber walls will be constructed at a single thickness.</Definition>
      <PropertyType>
        <TypePropertySingleValue>
          <DataType type="IfcPositiveLengthMeasure" />
        </TypePropertySingleValue>
      </PropertyType>
      <NameAliases>
        <NameAlias lang="en">Wall Thickness</NameAlias>
        <NameAlias lang="ja-JP">壁厚さ</NameAlias>
        <NameAlias lang="ko-KR">벽 두께</NameAlias>
      </NameAliases>
      <DefinitionAliases>
        <DefinitionAlias lang="en" />
        <DefinitionAlias lang="ja-JP">ダクトスペース壁の厚さ。
注：ダクトスペースの壁は単層と仮定する</DefinitionAlias>
        <DefinitionAlias lang="ko-KR">덕트 공간 벽 두께 참고 : 덕트 공간의 벽은 단층 가정</DefinitionAlias>
      </DefinitionAliases>
    </PropertyDef>
    <PropertyDef ifdguid="0a113f80d1d411e1800000215ad4efdf">
      <Name>BaseMaterial</Name>
      <Definition>The material from which the base of the chamber is constructed.
NOTE: It is assumed that chamber base will be constructed of a single material.</Definition>
      <PropertyType>
        <TypePropertyReferenceValue reftype="IfcMaterialDefinition" />
      </PropertyType>
      <NameAliases>
        <NameAlias lang="en">Base Material</NameAlias>
        <NameAlias lang="ja-JP">床の材質</NameAlias>
        <NameAlias lang="ko-KR">바닥의 재질</NameAlias>
      </NameAliases>
      <DefinitionAliases>
        <DefinitionAlias lang="en" />
        <DefinitionAlias lang="ja-JP">ダクトスペース床面の材質。
注：ダクトスペースの床は単層と仮定する</DefinitionAlias>
        <DefinitionAlias lang="ko-KR">덕트 공간 바닥의 재질 참고 : 덕트 공간의 바닥은 단층 가정</DefinitionAlias>
      </DefinitionAliases>
    </PropertyDef>
    <PropertyDef ifdguid="0da4c680d1d411e1800000215ad4efdf">
      <Name>BaseThickness</Name>
      <Definition>The thickness of the chamber base construction
NOTE: It is assumed that chamber base will be constructed at a single thickness.</Definition>
      <PropertyType>
        <TypePropertySingleValue>
          <DataType type="IfcPositiveLengthMeasure" />
        </TypePropertySingleValue>
      </PropertyType>
      <NameAliases>
        <NameAlias lang="en">Base Thickness</NameAlias>
        <NameAlias lang="ja-JP">床の厚さ</NameAlias>
        <NameAlias lang="ko-KR">바닥의 두께</NameAlias>
      </NameAliases>
      <DefinitionAliases>
        <DefinitionAlias lang="en" />
        <DefinitionAlias lang="ja-JP">ダクトスペース床面の厚さ。
注：ダクトスペースの床は単層と仮定する</DefinitionAlias>
        <DefinitionAlias lang="ko-KR">덕트 공간 바닥의 두께 참고 : 덕트 공간의 바닥은 단층 가정</DefinitionAlias>
      </DefinitionAliases>
    </PropertyDef>
    <PropertyDef ifdguid="13021100d1d411e1800000215ad4efdf">
      <Name>IsShallow</Name>
      <Definition>Indicates whether the chamber has been designed as being shallow (TRUE) or deep (FALSE).</Definition>
      <PropertyType>
        <TypePropertySingleValue>
          <DataType type="IfcBoolean" />
        </TypePropertySingleValue>
      </PropertyType>
      <NameAliases>
        <NameAlias lang="en">Is Shallow</NameAlias>
        <NameAlias lang="ja-JP">浅いか</NameAlias>
        <NameAlias lang="ko-KR">덕트공간</NameAlias>
      </NameAliases>
      <DefinitionAliases>
        <DefinitionAlias lang="en" />
        <DefinitionAlias lang="ja-JP">ダクトスペースは浅いかどうか（TRUE或いはFALSE）。</DefinitionAlias>
        <DefinitionAlias lang="ko-KR">덕트 공간이 얕은 여부 (TRUE 또는 FALSE)</DefinitionAlias>
      </DefinitionAliases>
    </PropertyDef>
    <PropertyDef ifdguid="185f5b80d1d411e1800000215ad4efdf">
      <Name>HasSteps</Name>
      <Definition>Indicates whether the chamber has steps (TRUE) or not (FALSE).</Definition>
      <PropertyType>
        <TypePropertySingleValue>
          <DataType type="IfcBoolean" />
        </TypePropertySingleValue>
      </PropertyType>
      <NameAliases>
        <NameAlias lang="en">Has Steps</NameAlias>
        <NameAlias lang="ja-JP">階段付け</NameAlias>
        <NameAlias lang="ko-KR">계단 지정</NameAlias>
      </NameAliases>
      <DefinitionAliases>
        <DefinitionAlias lang="en" />
        <DefinitionAlias lang="ja-JP">ダクトスペースは階段付けかどうか（TRUE或いはFALSE）。</DefinitionAlias>
        <DefinitionAlias lang="ko-KR">덕트 공간은 계단 표시 여부 (TRUE 또는 FALSE)</DefinitionAlias>
      </DefinitionAliases>
    </PropertyDef>
    <PropertyDef ifdguid="1dbca600d1d411e1800000215ad4efdf">
      <Name>WithBackdrop</Name>
      <Definition>Indicates whether the chamber has a backdrop or tumbling bay (TRUE) or not (FALSE).</Definition>
      <PropertyType>
        <TypePropertySingleValue>
          <DataType type="IfcBoolean" />
        </TypePropertySingleValue>
      </PropertyType>
      <NameAliases>
        <NameAlias lang="en">With Backdrop</NameAlias>
        <NameAlias lang="ja-JP">バックドロップ付け</NameAlias>
        <NameAlias lang="ko-KR">백 드롭 지정</NameAlias>
      </NameAliases>
      <DefinitionAliases>
        <DefinitionAlias lang="en" />
        <DefinitionAlias lang="ja-JP">ダクトスペースはバックドロップ或いは堰付けかどうか（TRUE或いはFALSE）。</DefinitionAlias>
        <DefinitionAlias lang="ko-KR">덕트 공간 백드롭 혹은 보 표시 여부 (TRUE 또는 FALSE)</DefinitionAlias>
      </DefinitionAliases>
    </PropertyDef>
    <PropertyDef ifdguid="23b28700d1d411e1800000215ad4efdf">
      <Name>AccessCoverMaterial</Name>
      <Definition>The material from which the access cover to the chamber is constructed.
NOTE: It is assumed that chamber walls will be constructed of a single material.</Definition>
      <PropertyType>
        <TypePropertyReferenceValue reftype="IfcMaterialDefinition" />
      </PropertyType>
      <NameAliases>
        <NameAlias lang="en">Access Cover Material</NameAlias>
        <NameAlias lang="ja-JP">アクセス（点検）カバーの材質</NameAlias>
        <NameAlias lang="ko-KR">사용(체크)커버의 재질</NameAlias>
      </NameAliases>
      <DefinitionAliases>
        <DefinitionAlias lang="en" />
        <DefinitionAlias lang="ja-JP">アクセス（点検）カバーの材質。
注：バイブスペースの壁は単層と仮定する</DefinitionAlias>
        <DefinitionAlias lang="ko-KR">액세스 (체크) 커버의 재질 주 : 챔퍼 공간의 벽은 단층 가정</DefinitionAlias>
      </DefinitionAliases>
    </PropertyDef>
    <PropertyDef ifdguid="26ad7780d1d411e1800000215ad4efdf">
      <Name>AccessLengthOrRadius</Name>
      <Definition>The length of the chamber access cover or, where the plan shape of the cover is circular, the radius.</Definition>
      <PropertyType>
        <TypePropertySingleValue>
          <DataType type="IfcPositiveLengthMeasure" />
        </TypePropertySingleValue>
      </PropertyType>
      <NameAliases>
        <NameAlias lang="en">Access Length Or Radius</NameAlias>
        <NameAlias lang="ja-JP">アクセス（点検）カバーの長さ或いは半径</NameAlias>
        <NameAlias lang="ko-KR">사용(체크)덮개 길이 혹은 반경</NameAlias>
      </NameAliases>
      <DefinitionAliases>
        <DefinitionAlias lang="en" />
        <DefinitionAlias lang="ja-JP">アクセス（点検）カバーの長さ、或いは円形カバーの半径。</DefinitionAlias>
        <DefinitionAlias lang="ko-KR">사용 (체크) 덮개 길이, 혹은 원형 커버 반경</DefinitionAlias>
      </DefinitionAliases>
    </PropertyDef>
    <PropertyDef ifdguid="2ca35880d1d411e1800000215ad4efdf">
      <Name>AccessWidth</Name>
      <Definition>The width of the chamber access cover where the plan shape of the cover is not circular.</Definition>
      <PropertyType>
        <TypePropertySingleValue>
          <DataType type="IfcPositiveLengthMeasure" />
        </TypePropertySingleValue>
      </PropertyType>
      <NameAliases>
        <NameAlias lang="en">Access Width</NameAlias>
        <NameAlias lang="ja-JP">アクセス（点検）カバーの幅</NameAlias>
        <NameAlias lang="ko-KR">사용 (체크)커버 폭</NameAlias>
      </NameAliases>
      <DefinitionAliases>
        <DefinitionAlias lang="en" />
        <DefinitionAlias lang="ja-JP">アクセス（点検）カバーの幅。</DefinitionAlias>
        <DefinitionAlias lang="ko-KR">사용 (체크) 커버 폭</DefinitionAlias>
      </DefinitionAliases>
    </PropertyDef>
    <PropertyDef ifdguid="32993980d1d411e1800000215ad4efdf">
      <Name>AccessCoverLoadRating</Name>
      <Definition>The load rating of the access cover (which may be a value or an alphanumerically defined class rating).</Definition>
      <PropertyType>
        <TypePropertySingleValue>
          <DataType type="IfcText" />
        </TypePropertySingleValue>
      </PropertyType>
      <NameAliases>
        <NameAlias lang="en">Access Cover Load Rating</NameAlias>
        <NameAlias lang="ja-JP">アクセス（点検）カバーの耐荷重</NameAlias>
        <NameAlias lang="ko-KR">사용 (체크)커버 하중</NameAlias>
      </NameAliases>
      <DefinitionAliases>
        <DefinitionAlias lang="en" />
        <DefinitionAlias lang="ja-JP">アクセス（点検）カバーの耐荷重（数字或いはアルファベットで定義する）。</DefinitionAlias>
        <DefinitionAlias lang="ko-KR">사용 (체크) 커버 하중 (숫자 혹은 알파벳에서 정의됨)</DefinitionAlias>
      </DefinitionAliases>
    </PropertyDef>
  </PropertyDefs>
  <PsetDefinitionAliases>
    <PsetDefinitionAlias lang="en" />
    <PsetDefinitionAlias lang="ja-JP">排水、下水管の上にある・点検用可移動カバー付けパイプスペース。</PsetDefinitionAlias>
  </PsetDefinitionAliases>
</PropertySetDef>