<?xml version="1.0"?>
<PropertySetDef xmlns:xsd="http://www.w3.org/2001/XMLSchema" xmlns:xsi="http://www.w3.org/2001/XMLSchema-instance" ifdguid="cd28e8a61d5b40e38dd53c95481c7518" xsi:noNamespaceSchemaLocation="http://buildingSMART-tech.org/xml/psd/PSD_IFC4.xsd" xmlns="http://buildingSMART-tech.org/xml/psd/PSD_IFC4.xsd">
  <IfcVersion version="IFC4x3_RC4" />
  <Name>Pset_CableConduitGeneral</Name>
  <Applicability />
  <ApplicableClasses>
    <ClassName>IfcCabl/CONDUITSEGMENT</ClassName>
  </ApplicableClasses>
  <ApplicableTypeValue>IfcCabl/CONDUITSEGMENT</ApplicableTypeValue>
  <PropertyDefs>
    <PropertyDef ifdguid="f12b36932cce4ed5a1d14c9efc9a220f">
      <Name>IsUnderground</Name>
      <Definition />
      <PropertyType>
        <TypePropertySingleValue>
          <DataType type="boolean" />
        </TypePropertySingleValue>
      </PropertyType>
      <NameAliases />
      <DefinitionAliases />
    </PropertyDef>
  </PropertyDefs>
  <PsetDefinitionAliases />
</PropertySetDef>