<?xml version="1.0"?>
<PropertySetDef xmlns:xsi="http://www.w3.org/2001/XMLSchema-instance" xmlns:xsd="http://www.w3.org/2001/XMLSchema" ifdguid="8dbb748db6f3455985870575f097df30" templatetype="PSET_TYPEDRIVENOVERRIDE" xsi:noNamespaceSchemaLocation="http://buildingSMART-tech.org/xml/psd/PSD_IFC4.xsd" xmlns="http://buildingSMART-tech.org/xml/psd/PSD_IFC4.xsd">
  <IfcVersion version="IFC4x3_RC4" />
  <Name>Pset_GateHeadCommon</Name>
  <Definition>Properties common to the definition of all occurrences of _IfcFacilityPart_ with the predefined type set to GATEHEAD.</Definition>
  <Applicability />
  <ApplicableClasses>
    <ClassName>IfcFacilityPart/IfcMarinePartTypeEnum(.GATEHEAD.)</ClassName>
  </ApplicableClasses>
  <ApplicableTypeValue>IfcFacilityPart/IfcMarinePartTypeEnum(.GATEHEAD.)</ApplicableTypeValue>
  <PropertyDefs>
    <PropertyDef ifdguid="2651e345e6f348fea17237985bf893d8">
      <Name>StructuralType</Name>
      <Definition>Structural type of the object</Definition>
      <PropertyType>
        <TypePropertySingleValue>
          <DataType type="IfcLabel" />
        </TypePropertySingleValue>
      </PropertyType>
      <NameAliases />
      <DefinitionAliases />
    </PropertyDef>
  </PropertyDefs>
  <PsetDefinitionAliases />
</PropertySetDef>