<?xml version="1.0"?>
<PropertySetDef xmlns:xsd="http://www.w3.org/2001/XMLSchema" xmlns:xsi="http://www.w3.org/2001/XMLSchema-instance" ifdguid="e61323c02fa84f07b18f5496d4d793fc" xsi:noNamespaceSchemaLocation="http://buildingSMART-tech.org/xml/psd/PSD_IFC4.xsd" xmlns="http://buildingSMART-tech.org/xml/psd/PSD_IFC4.xsd">
  <IfcVersion version="IFC4x3_RC4" />
  <Name>Pset_OutletTypeCommunication</Name>
  <Applicability />
  <ApplicableClasses>
    <ClassName>IfcOutl/COMMUNICATIONSOUTLET</ClassName>
  </ApplicableClasses>
  <ApplicableTypeValue>IfcOutl/COMMUNICATIONSOUTLET</ApplicableTypeValue>
  <PropertyDefs>
    <PropertyDef ifdguid="66910d1caa124ed08289ef7f8d4607b6">
      <Name>IsWireLess</Name>
      <Definition />
      <PropertyType>
        <TypePropertySingleValue>
          <DataType type="IfcBoolean" />
        </TypePropertySingleValue>
      </PropertyType>
      <NameAliases />
      <DefinitionAliases />
    </PropertyDef>
  </PropertyDefs>
  <PsetDefinitionAliases />
</PropertySetDef>