<?xml version="1.0"?>
<PropertySetDef xmlns:xsd="http://www.w3.org/2001/XMLSchema" xmlns:xsi="http://www.w3.org/2001/XMLSchema-instance" ifdguid="376de580d1f411e1800000215ad4efdf" templatetype="PSET_TYPEDRIVENOVERRIDE" xsi:noNamespaceSchemaLocation="http://buildingSMART-tech.org/xml/psd/PSD_IFC4.xsd" xmlns="http://buildingSMART-tech.org/xml/psd/PSD_IFC4.xsd">
  <IfcVersion version="IFC4x3_RC4" />
  <Name>Pset_PrecastConcreteElementFabrication</Name>
  <Definition>Production and manufacturing related properties common to different types of precast concrete elements. The Pset applies to manufactured pieces. It can be used by a number of subtypes of IfcBuildingElement. If the precast concrete ele</Definition>
  <Applicability />
  <ApplicableClasses>
    <ClassName>IfcBeam</ClassName>
    <ClassName>IfcBuildingElementProxy</ClassName>
    <ClassName>IfcChimney</ClassName>
    <ClassName>IfcColumn</ClassName>
    <ClassName>IfcFooting</ClassName>
    <ClassName>IfcMember</ClassName>
    <ClassName>IfcPile</ClassName>
    <ClassName>IfcPlate</ClassName>
    <ClassName>IfcRamp</ClassName>
    <ClassName>IfcRampFlight</ClassName>
    <ClassName>IfcRoof</ClassName>
    <ClassName>IfcSlab</ClassName>
    <ClassName>IfcStair</ClassName>
    <ClassName>IfcStairFlight</ClassName>
    <ClassName>IfcWall</ClassName>
    <ClassName>IfcCivilElement</ClassName>
  </ApplicableClasses>
  <ApplicableTypeValue>IfcBeam,IfcBuildingElementProxy,IfcChimney,IfcColumn,IfcFooting,IfcMember,IfcPile,IfcPlate,IfcRamp,IfcRampFlight,IfcRoof,IfcSlab,IfcStair,IfcStairFlight,IfcWall,IfcCivilElement</ApplicableTypeValue>
  <PropertyDefs>
    <PropertyDef ifdguid="fec5ed14d21e43eeba124e8eb03952d0">
      <Name>TypeDesignation</Name>
      <Definition>Type designator according to local standards</Definition>
      <PropertyType>
        <TypePropertySingleValue>
          <DataType type="IfcLabel" />
        </TypePropertySingleValue>
      </PropertyType>
      <NameAliases />
      <DefinitionAliases />
    </PropertyDef>
    <PropertyDef ifdguid="4359a780d1f411e1800000215ad4efdf">
      <Name>ProductionLotId</Name>
      <Definition>The manufacturer's production lot identifier.</Definition>
      <PropertyType>
        <TypePropertySingleValue>
          <DataType type="IfcIdentifier" />
        </TypePropertySingleValue>
      </PropertyType>
      <NameAliases>
        <NameAlias lang="en">Production Lot Id</NameAlias>
      </NameAliases>
      <DefinitionAliases>
        <DefinitionAlias lang="en" />
      </DefinitionAliases>
    </PropertyDef>
    <PropertyDef ifdguid="48b6f200d1f411e1800000215ad4efdf">
      <Name>SerialNumber</Name>
      <Definition>The manufacturer's serial number for the precast concrete element.</Definition>
      <PropertyType>
        <TypePropertySingleValue>
          <DataType type="IfcIdentifier" />
        </TypePropertySingleValue>
      </PropertyType>
      <NameAliases>
        <NameAlias lang="en">Serial Number</NameAlias>
      </NameAliases>
      <DefinitionAliases>
        <DefinitionAlias lang="en" />
      </DefinitionAliases>
    </PropertyDef>
    <PropertyDef ifdguid="608e7600d1f411e1800000215ad4efdf">
      <Name>PieceMark</Name>
      <Definition>Defines a unique piece for production purposes. All pieces with the same piece mark value are identical and interchangeable. The piece mark may be composed of sub-parts that have specific locally defined meaning (e.g. B-1A may denote a beam, of generic type ‘1’ and specific shape ‘A’).</Definition>
      <PropertyType>
        <TypePropertySingleValue>
          <DataType type="IfcLabel" />
        </TypePropertySingleValue>
      </PropertyType>
      <NameAliases>
        <NameAlias lang="en">Piece Mark</NameAlias>
      </NameAliases>
      <DefinitionAliases>
        <DefinitionAlias lang="en" />
      </DefinitionAliases>
    </PropertyDef>
    <PropertyDef ifdguid="671ced80d1f411e1800000215ad4efdf">
      <Name>AsBuiltLocationNumber</Name>
      <Definition>Defines a unique location within a structure, the ‘slot’ into which the piece was installed. Where pieces share the same piece mark, they can be interchanged. The value is only known after erection.</Definition>
      <PropertyType>
        <TypePropertySingleValue>
          <DataType type="IfcLabel" />
        </TypePropertySingleValue>
      </PropertyType>
      <NameAliases>
        <NameAlias lang="en">As Built Location Number</NameAlias>
      </NameAliases>
      <DefinitionAliases>
        <DefinitionAlias lang="en" />
      </DefinitionAliases>
    </PropertyDef>
    <PropertyDef ifdguid="6dab6500d1f411e1800000215ad4efdf">
      <Name>ActualProductionDate</Name>
      <Definition>Production date (stripped from form).</Definition>
      <PropertyType>
        <TypePropertySingleValue>
          <DataType type="IfcDateTime" />
        </TypePropertySingleValue>
      </PropertyType>
      <NameAliases>
        <NameAlias lang="en">Actual Production Date</NameAlias>
      </NameAliases>
      <DefinitionAliases>
        <DefinitionAlias lang="en" />
      </DefinitionAliases>
    </PropertyDef>
    <PropertyDef ifdguid="72701900d1f411e1800000215ad4efdf">
      <Name>ActualErectionDate</Name>
      <Definition>Date erected.</Definition>
      <PropertyType>
        <TypePropertySingleValue>
          <DataType type="IfcDateTime" />
        </TypePropertySingleValue>
      </PropertyType>
      <NameAliases>
        <NameAlias lang="en">Actual Erection Date</NameAlias>
      </NameAliases>
      <DefinitionAliases>
        <DefinitionAlias lang="en" />
      </DefinitionAliases>
    </PropertyDef>
  </PropertyDefs>
  <PsetDefinitionAliases>
    <PsetDefinitionAlias lang="en" />
  </PsetDefinitionAliases>
</PropertySetDef>