<?xml version="1.0"?>
<PropertySetDef xmlns:xsd="http://www.w3.org/2001/XMLSchema" xmlns:xsi="http://www.w3.org/2001/XMLSchema-instance" ifdguid="b02a6d00d20711e1800000215ad4efdf" templatetype="PSET_PERFORMANCEDRIVEN" xsi:noNamespaceSchemaLocation="http://buildingSMART-tech.org/xml/psd/PSD_IFC4.xsd" xmlns="http://buildingSMART-tech.org/xml/psd/PSD_IFC4.xsd">
  <IfcVersion version="IFC4x3_RC4" />
  <Name>Pset_ShadingDevicePHistory</Name>
  <Definition>Shading device performance history attributes.</Definition>
  <Applicability />
  <ApplicableClasses>
    <ClassName>IfcShadingDevice</ClassName>
  </ApplicableClasses>
  <ApplicableTypeValue>IfcShadingDevice</ApplicableTypeValue>
  <PropertyDefs>
    <PropertyDef ifdguid="b3255d80d20711e1800000215ad4efdf">
      <Name>TiltAngle</Name>
      <Definition>The angle of tilt defined in the plane perpendicular to the extrusion axis (X-Axis of the local placement). The angle shall be measured from the orientation of the Z-Axis in the local placement.</Definition>
      <PropertyType>
        <TypePropertyReferenceValue reftype="IfcTimeSeries" />
      </PropertyType>
      <NameAliases>
        <NameAlias lang="en">Tilt Angle</NameAlias>
      </NameAliases>
      <DefinitionAliases>
        <DefinitionAlias lang="en" />
      </DefinitionAliases>
    </PropertyDef>
    <PropertyDef ifdguid="c6382d80d20711e1800000215ad4efdf">
      <Name>Azimuth</Name>
      <Definition>The azimuth of the outward normal for the outward or upward facing surface.</Definition>
      <PropertyType>
        <TypePropertyReferenceValue reftype="IfcTimeSeries" />
      </PropertyType>
      <NameAliases>
        <NameAlias lang="en">Azimuth</NameAlias>
      </NameAliases>
      <DefinitionAliases>
        <DefinitionAlias lang="en" />
      </DefinitionAliases>
    </PropertyDef>
  </PropertyDefs>
  <PsetDefinitionAliases>
    <PsetDefinitionAlias lang="en" />
  </PsetDefinitionAliases>
</PropertySetDef>