<?xml version="1.0"?>
<PropertySetDef xmlns:xsd="http://www.w3.org/2001/XMLSchema" xmlns:xsi="http://www.w3.org/2001/XMLSchema-instance" ifdguid="75246832754b4570a4e224baa7a30a33" templatetype="PSET_TYPEDRIVENOVERRIDE" xsi:noNamespaceSchemaLocation="http://buildingSMART-tech.org/xml/psd/PSD_IFC4.xsd" xmlns="http://buildingSMART-tech.org/xml/psd/PSD_IFC4.xsd">
  <IfcVersion version="IFC4x3_RC4" />
  <Name>Pset_BoundedCourseCommon</Name>
  <Definition>Properties for a bounded course.</Definition>
  <Applicability />
  <ApplicableClasses>
    <ClassName>IfcCourse</ClassName>
  </ApplicableClasses>
  <ApplicableTypeValue>IfcCourse</ApplicableTypeValue>
  <PropertyDefs>
    <PropertyDef ifdguid="fddad10051924da598cb7b71567fcdc5">
      <Name>SpreadingRate</Name>
      <Definition>The nominal overall mass of material per area covered by the course.</Definition>
      <PropertyType>
        <TypePropertySingleValue>
          <DataType type="IfcNumericMeasure" />
        </TypePropertySingleValue>
      </PropertyType>
      <NameAliases />
      <DefinitionAliases />
    </PropertyDef>
  </PropertyDefs>
  <PsetDefinitionAliases />
</PropertySetDef>