<?xml version="1.0"?>
<PropertySetDef xmlns:xsi="http://www.w3.org/2001/XMLSchema-instance" xmlns:xsd="http://www.w3.org/2001/XMLSchema" ifdguid="c8d45c00d1e211e1800000215ad4efdf" templatetype="PSET_PERFORMANCEDRIVEN" xsi:noNamespaceSchemaLocation="http://buildingSMART-tech.org/xml/psd/PSD_IFC4.xsd" xmlns="http://buildingSMART-tech.org/xml/psd/PSD_IFC4.xsd">
  <IfcVersion version="IFC4x3_RC4" />
  <Name>Pset_EvaporatorPHistory</Name>
  <Definition>Evaporator performance history attributes.</Definition>
  <Applicability />
  <ApplicableClasses>
    <ClassName>IfcEvaporator</ClassName>
  </ApplicableClasses>
  <ApplicableTypeValue>IfcEvaporator</ApplicableTypeValue>
  <PropertyDefs>
    <PropertyDef ifdguid="ce31a680d1e211e1800000215ad4efdf">
      <Name>HeatRejectionRate</Name>
      <Definition>Sum of the refrigeration effect and the heat equivalent of the power input to the compressor.</Definition>
      <PropertyType>
        <TypePropertyReferenceValue reftype="IfcTimeSeries" />
      </PropertyType>
      <NameAliases>
        <NameAlias lang="en">Heat Rejection Rate</NameAlias>
        <NameAlias lang="ja-JP">排熱量</NameAlias>
      </NameAliases>
      <DefinitionAliases>
        <DefinitionAlias lang="en" />
        <DefinitionAlias lang="ja-JP">冷凍効果と圧縮機への電源入力の相当熱量の合計</DefinitionAlias>
      </DefinitionAliases>
    </PropertyDef>
    <PropertyDef ifdguid="d12c9700d1e211e1800000215ad4efdf">
      <Name>ExteriorHeatTransferCoefficient</Name>
      <Definition>Exterior heat transfer coefficient associated with exterior surface area.</Definition>
      <PropertyType>
        <TypePropertyReferenceValue reftype="IfcTimeSeries" />
      </PropertyType>
      <NameAliases>
        <NameAlias lang="en">Exterior Heat Transfer Coefficient</NameAlias>
        <NameAlias lang="ja-JP">外表面熱交換係数</NameAlias>
      </NameAliases>
      <DefinitionAliases>
        <DefinitionAlias lang="en" />
        <DefinitionAlias lang="ja-JP">外表面に関連づけられた外表面熱交換係数</DefinitionAlias>
      </DefinitionAliases>
    </PropertyDef>
    <PropertyDef ifdguid="d4c01e00d1e211e1800000215ad4efdf">
      <Name>InteriorHeatTransferCoefficient</Name>
      <Definition>Interior heat transfer coefficient associated with interior surface area.</Definition>
      <PropertyType>
        <TypePropertyReferenceValue reftype="IfcTimeSeries" />
      </PropertyType>
      <NameAliases>
        <NameAlias lang="en">Interior Heat Transfer Coefficient</NameAlias>
        <NameAlias lang="ja-JP">内面熱交換係数</NameAlias>
      </NameAliases>
      <DefinitionAliases>
        <DefinitionAlias lang="en" />
        <DefinitionAlias lang="ja-JP">内面に関連づけられた内面熱交換係数</DefinitionAlias>
      </DefinitionAliases>
    </PropertyDef>
    <PropertyDef ifdguid="d8ec3b80d1e211e1800000215ad4efdf">
      <Name>RefrigerantFoulingResistance</Name>
      <Definition>Fouling resistance on the refrigerant side.</Definition>
      <PropertyType>
        <TypePropertyReferenceValue reftype="IfcTimeSeries" />
      </PropertyType>
      <NameAliases>
        <NameAlias lang="en">Refrigerant Fouling Resistance</NameAlias>
      </NameAliases>
      <DefinitionAliases>
        <DefinitionAlias lang="en" />
      </DefinitionAliases>
    </PropertyDef>
    <PropertyDef ifdguid="dbe72c00d1e211e1800000215ad4efdf">
      <Name>EvaporatingTemperature</Name>
      <Definition>Refrigerant evaporating temperature.</Definition>
      <PropertyType>
        <TypePropertyReferenceValue reftype="IfcTimeSeries" />
      </PropertyType>
      <NameAliases>
        <NameAlias lang="en">Evaporating Temperature</NameAlias>
        <NameAlias lang="ja-JP">蒸発温度</NameAlias>
      </NameAliases>
      <DefinitionAliases>
        <DefinitionAlias lang="en" />
        <DefinitionAlias lang="ja-JP">蒸発温度</DefinitionAlias>
      </DefinitionAliases>
    </PropertyDef>
    <PropertyDef ifdguid="dee21c80d1e211e1800000215ad4efdf">
      <Name>LogarithmicMeanTemperatureDifference</Name>
      <Definition>Logarithmic mean temperature difference between refrigerant and water or air.</Definition>
      <PropertyType>
        <TypePropertyReferenceValue reftype="IfcTimeSeries" />
      </PropertyType>
      <NameAliases>
        <NameAlias lang="en">Logarithmic Mean Temperature Difference</NameAlias>
        <NameAlias lang="ja-JP">対数平均温度差</NameAlias>
      </NameAliases>
      <DefinitionAliases>
        <DefinitionAlias lang="en" />
        <DefinitionAlias lang="ja-JP">冷媒と水または空気の対数平均温度差</DefinitionAlias>
      </DefinitionAliases>
    </PropertyDef>
    <PropertyDef ifdguid="e1dd0d00d1e211e1800000215ad4efdf">
      <Name>UAcurves</Name>
      <Definition>UV = f (VExterior, VInterior), UV as a function of interior and exterior fluid flow velocity at the entrance.</Definition>
      <PropertyType>
        <TypePropertyReferenceValue reftype="IfcTimeSeries" />
      </PropertyType>
      <NameAliases>
        <NameAlias lang="en">UAcurves</NameAlias>
        <NameAlias lang="ja-JP">UA曲線</NameAlias>
      </NameAliases>
      <DefinitionAliases>
        <DefinitionAlias lang="en" />
        <DefinitionAlias lang="ja-JP">UV=ｆ（V外面、V内面）、UVは、入り口での内面・外面流体速度の関数</DefinitionAlias>
      </DefinitionAliases>
    </PropertyDef>
    <PropertyDef ifdguid="eef9fc00d1e211e1800000215ad4efdf">
      <Name>CompressorEvaporatorHeatGain</Name>
      <Definition>Heat gain between the evaporator outlet and the compressor inlet.</Definition>
      <PropertyType>
        <TypePropertyReferenceValue reftype="IfcTimeSeries" />
      </PropertyType>
      <NameAliases>
        <NameAlias lang="en">Compressor Evaporator Heat Gain</NameAlias>
        <NameAlias lang="ja-JP">圧縮機・蒸発器熱取得</NameAlias>
      </NameAliases>
      <DefinitionAliases>
        <DefinitionAlias lang="en" />
        <DefinitionAlias lang="ja-JP">蒸発器出口と圧縮機入口間の熱取得</DefinitionAlias>
      </DefinitionAliases>
    </PropertyDef>
    <PropertyDef ifdguid="f3beb000d1e211e1800000215ad4efdf">
      <Name>CompressorEvaporatorPressureDrop</Name>
      <Definition>Pressure drop between the evaporator outlet and the compressor inlet.</Definition>
      <PropertyType>
        <TypePropertyReferenceValue reftype="IfcTimeSeries" />
      </PropertyType>
      <NameAliases>
        <NameAlias lang="en">Compressor Evaporator Pressure Drop</NameAlias>
        <NameAlias lang="ja-JP">圧縮機・蒸発器圧力降下</NameAlias>
      </NameAliases>
      <DefinitionAliases>
        <DefinitionAlias lang="en" />
        <DefinitionAlias lang="ja-JP">蒸発器出口と圧縮機入口間の圧力降下</DefinitionAlias>
      </DefinitionAliases>
    </PropertyDef>
    <PropertyDef ifdguid="f8836400d1e211e1800000215ad4efdf">
      <Name>EvaporatorMeanVoidFraction</Name>
      <Definition>Mean void fraction in evaporator.</Definition>
      <PropertyType>
        <TypePropertyReferenceValue reftype="IfcTimeSeries" />
      </PropertyType>
      <NameAliases>
        <NameAlias lang="en">Evaporator Mean Void Fraction</NameAlias>
        <NameAlias lang="ja-JP">蒸発器平均空隙率</NameAlias>
      </NameAliases>
      <DefinitionAliases>
        <DefinitionAlias lang="en" />
        <DefinitionAlias lang="ja-JP">蒸発器の平均の空隙率</DefinitionAlias>
      </DefinitionAliases>
    </PropertyDef>
    <PropertyDef ifdguid="fc16eb00d1e211e1800000215ad4efdf">
      <Name>WaterFoulingResistance</Name>
      <Definition>Fouling resistance on water/air side.</Definition>
      <PropertyType>
        <TypePropertyReferenceValue reftype="IfcTimeSeries" />
      </PropertyType>
      <NameAliases>
        <NameAlias lang="en">Water Fouling Resistance</NameAlias>
        <NameAlias lang="ja-JP">水側汚れ抵抗</NameAlias>
      </NameAliases>
      <DefinitionAliases>
        <DefinitionAlias lang="en" />
        <DefinitionAlias lang="ja-JP">水／空気面の汚れ抵抗</DefinitionAlias>
      </DefinitionAliases>
    </PropertyDef>
  </PropertyDefs>
  <PsetDefinitionAliases>
    <PsetDefinitionAlias lang="en" />
    <PsetDefinitionAlias lang="ja-JP">蒸発器性能履歴属性</PsetDefinitionAlias>
  </PsetDefinitionAliases>
</PropertySetDef>