<?xml version="1.0"?>
<PropertySetDef xmlns:xsd="http://www.w3.org/2001/XMLSchema" xmlns:xsi="http://www.w3.org/2001/XMLSchema-instance" ifdguid="f0c1de9c3c834835bb869d37fe13907f" xsi:noNamespaceSchemaLocation="http://buildingSMART-tech.org/xml/psd/PSD_IFC4.xsd" xmlns="http://buildingSMART-tech.org/xml/psd/PSD_IFC4.xsd">
  <IfcVersion version="IFC4x3_RC4" />
  <Name>Pset_RailwayEnergyReservation</Name>
  <Applicability />
  <ApplicableClasses>
    <ClassName>IfcSpat/RESERVATION</ClassName>
  </ApplicableClasses>
  <ApplicableTypeValue>IfcSpat/RESERVATION</ApplicableTypeValue>
  <PropertyDefs>
    <PropertyDef ifdguid="726ba87af6484083821fc1f0d4ecffd0">
      <Name>ReservationZoneType</Name>
      <Definition />
      <PropertyType>
        <TypePropertyEnumeratedValue>
          <EnumList name="PEnum_EnergyReservationZone">
            <EnumItem>ELECTRICTRANSFERTZONE</EnumItem>
            <EnumItem>EARTHINGZONE</EnumItem>
            <EnumItem>CURRENTRETURNZONE</EnumItem>
            <EnumItem>UNDERGROUNDLINEZONE</EnumItem>
          </EnumList>
          <ConstantList>
            <ConstantDef>
              <Name>ELECTRICTRANSFERTZONE</Name>
              <NameAliases />
              <DefinitionAliases />
            </ConstantDef>
            <ConstantDef>
              <Name>EARTHINGZONE</Name>
              <NameAliases />
              <DefinitionAliases />
            </ConstantDef>
            <ConstantDef>
              <Name>CURRENTRETURNZONE</Name>
              <NameAliases />
              <DefinitionAliases />
            </ConstantDef>
            <ConstantDef>
              <Name>UNDERGROUNDLINEZONE</Name>
              <NameAliases />
              <DefinitionAliases />
            </ConstantDef>
          </ConstantList>
        </TypePropertyEnumeratedValue>
      </PropertyType>
      <NameAliases />
      <DefinitionAliases />
    </PropertyDef>
  </PropertyDefs>
  <PsetDefinitionAliases />
</PropertySetDef>