<?xml version="1.0"?>
<PropertySetDef xmlns:xsd="http://www.w3.org/2001/XMLSchema" xmlns:xsi="http://www.w3.org/2001/XMLSchema-instance" ifdguid="63a907b1a06546f5adbe1bac26deb245" templatetype="PSET_TYPEDRIVENOVERRIDE" xsi:noNamespaceSchemaLocation="http://buildingSMART-tech.org/xml/psd/PSD_IFC4.xsd" xmlns="http://buildingSMART-tech.org/xml/psd/PSD_IFC4.xsd">
  <IfcVersion version="IFC4x3_RC4" />
  <Name>Pset_ChamberCommon</Name>
  <Definition>Properties common to the definition of all occurrences of _IfcFacilityPart_ with the predefined type set to CHAMBER.</Definition>
  <Applicability />
  <ApplicableClasses>
    <ClassName>IfcFacilityPart/IfcMarinePartTypeEnum(.CHAMBER.)</ClassName>
  </ApplicableClasses>
  <ApplicableTypeValue>IfcFacilityPart/IfcMarinePartTypeEnum(.CHAMBER.)</ApplicableTypeValue>
  <PropertyDefs>
    <PropertyDef ifdguid="19dc2d75f49a419c92c783e8b7f4b10b">
      <Name>EffectiveChamberSize</Name>
      <Definition>Volumetric measure defining the effective chamber size for operational and design activities.</Definition>
      <PropertyType>
        <TypePropertySingleValue>
          <DataType type="IfcVolumeMeasure" />
        </TypePropertySingleValue>
      </PropertyType>
      <NameAliases />
      <DefinitionAliases />
    </PropertyDef>
    <PropertyDef ifdguid="2651e345e6f348fea17237985bf893d8">
      <Name>StructuralType</Name>
      <Definition>Structural type of the object</Definition>
      <PropertyType>
        <TypePropertySingleValue>
          <DataType type="IfcLabel" />
        </TypePropertySingleValue>
      </PropertyType>
      <NameAliases />
      <DefinitionAliases />
    </PropertyDef>
  </PropertyDefs>
  <PsetDefinitionAliases />
</PropertySetDef>