<?xml version="1.0"?>
<PropertySetDef xmlns:xsi="http://www.w3.org/2001/XMLSchema-instance" xmlns:xsd="http://www.w3.org/2001/XMLSchema" ifdguid="da0e7000d1c411e1800000215ad4efdf" templatetype="PSET_TYPEDRIVENOVERRIDE" xsi:noNamespaceSchemaLocation="http://buildingSMART-tech.org/xml/psd/PSD_IFC4.xsd" xmlns="http://buildingSMART-tech.org/xml/psd/PSD_IFC4.xsd">
  <IfcVersion version="IFC4x3_RC4" />
  <Name>Pset_BoilerTypeWater</Name>
  <Definition>Water boiler type common attributes.</Definition>
  <Applicability />
  <ApplicableClasses>
    <ClassName>IfcBoiler/WATER</ClassName>
  </ApplicableClasses>
  <ApplicableTypeValue>IfcBoiler/WATER</ApplicableTypeValue>
  <PropertyDefs>
    <PropertyDef ifdguid="de3a8d80d1c411e1800000215ad4efdf">
      <Name>NominalEfficiency</Name>
      <Definition>The nominal efficiency of the boiler as defined by the manufacturer. For water boilers, a function of inlet versus outlet temperature. Note: as two variables are used, DefiningValues and DefinedValues are null, and values are stored in IfcTable in the following order: InletTemperature(IfcThermodynamicTemperatureMeasure), OutletTemperature(IfcThermodynamicTemperatureMeasure), NominalEfficiency(IfcNormalizedRatioMeasure).  The IfcTable is related to IfcPropertyTableValue using IfcMetric and IfcPropertyConstraintRelationship.</Definition>
      <PropertyType>
        <TypePropertyTableValue>
          <Expression />
          <DefiningValue>
            <DataType type="IfcThermodynamicTemperatureMeasure" />
          </DefiningValue>
          <DefinedValue>
            <DataType type="IfcNormalisedRatioMeasure" />
          </DefinedValue>
        </TypePropertyTableValue>
      </PropertyType>
      <NameAliases>
        <NameAlias lang="en">Nominal Efficiency</NameAlias>
        <NameAlias lang="fr-FR">EfficacitéNominale</NameAlias>
      </NameAliases>
      <DefinitionAliases>
        <DefinitionAlias lang="en" />
        <DefinitionAlias lang="fr-FR">Efficacité nominale de la chaudière tel que définie par le constructeur.
Pour les chaudières à eau chaude, une fonction de la température en entrée par rapport à la température de sortie.
Remarque: Comme deux variables sont utilisées ValeurDefinir et ValeursDefinies sont nulles, et les valeurs sont enregistrées dans IfcTable dans l'ordre suivant:
- TempératureEntrée (IfcThermodynamicTemperatureMeasure) et TempératureSortie (IfcThermodynamicTemperatureMeasure) dans ValeursDefinir , et EfficacitéNominale (IfcNormalisedRatioMeasure) dansValeursDefinies.
IfcTable est lié à IfcPropertyTableValue qui utilise IfcMetric et IfcPropertyConstraintRelationship.</DefinitionAlias>
      </DefinitionAliases>
    </PropertyDef>
    <PropertyDef ifdguid="e4c90500d1c411e1800000215ad4efdf">
      <Name>HeatOutput</Name>
      <Definition>Total nominal heat output as listed by the Boiler manufacturer. For water boilers, it is a function of inlet versus outlet temperature. For steam boilers, it is a function of inlet temperature versus steam pressure.  Note: as two variables are used, DefiningValues and DefinedValues are null, and values are stored in IfcTable in the following order: InletTemperature(IfcThermodynamicTemperatureMeasure), OutletTemperature(IfcThermodynamicTemperatureMeasure), HeatOutput(IfcEnergyMeasure).  The IfcTable is related to IfcPropertyTableValue using IfcMetric and IfcPropertyConstraintRelationship.</Definition>
      <PropertyType>
        <TypePropertyTableValue>
          <Expression />
          <DefiningValue>
            <DataType type="IfcThermodynamicTemperatureMeasure" />
          </DefiningValue>
          <DefinedValue>
            <DataType type="IfcEnergyMeasure" />
          </DefinedValue>
        </TypePropertyTableValue>
      </PropertyType>
      <NameAliases>
        <NameAlias lang="en">Heat Output</NameAlias>
        <NameAlias lang="fr-FR">RendementChaleur</NameAlias>
      </NameAliases>
      <DefinitionAliases>
        <DefinitionAlias lang="en" />
        <DefinitionAlias lang="fr-FR">Rendement total nominal tel que défini par le constructeur de chaudière.
Pour les chaudières à eau chaude, une fonction de la température en entrée par rapport à la température de sortie.
Remarque: Comme deux variables sont utilisées ValeurDefinir et ValeursDefinies sont nulles, et les valeurs sont enregistrées dans IfcTable dans l'ordre suivant:
- TempératureEntrée (IfcThermodynamicTemperatureMeasure) et TempératureSortie (IfcThermodynamicTemperatureMeasure) dans ValeursDefinir , et Rendement de chaleur (IfcEnergyMeasure) dansValeursDefinies.
IfcPropertyTable est lié à IfcMetric qui utilise IfcMetric et IfcPropertyConstraintRelationship.</DefinitionAlias>
      </DefinitionAliases>
    </PropertyDef>
  </PropertyDefs>
  <PsetDefinitionAliases>
    <PsetDefinitionAlias lang="en" />
  </PsetDefinitionAliases>
</PropertySetDef>