<?xml version="1.0"?>
<PropertySetDef xmlns:xsd="http://www.w3.org/2001/XMLSchema" xmlns:xsi="http://www.w3.org/2001/XMLSchema-instance" ifdguid="2f637500d1f711e1800000215ad4efdf" templatetype="PSET_TYPEDRIVENOVERRIDE" xsi:noNamespaceSchemaLocation="http://buildingSMART-tech.org/xml/psd/PSD_IFC4.xsd" xmlns="http://buildingSMART-tech.org/xml/psd/PSD_IFC4.xsd">
  <IfcVersion version="IFC4x3_RC4" />
  <Name>Pset_ProjectOrderChangeOrder</Name>
  <Definition>A change order is an instruction to make a change to a product or work being undertake. Note that the change order status is defined in the same way as a work order status since a change order implies a work requirement.</Definition>
  <Applicability />
  <ApplicableClasses>
    <ClassName>IfcProjectOrder/CHANGEORDER</ClassName>
  </ApplicableClasses>
  <ApplicableTypeValue>IfcProjectOrder/CHANGEORDER</ApplicableTypeValue>
  <PropertyDefs>
    <PropertyDef ifdguid="38ecdd00d1f711e1800000215ad4efdf">
      <Name>ReasonForChange</Name>
      <Definition>A description of the problem for why a change is needed.</Definition>
      <PropertyType>
        <TypePropertySingleValue>
          <DataType type="IfcText" />
        </TypePropertySingleValue>
      </PropertyType>
      <NameAliases>
        <NameAlias lang="en">Reason For Change</NameAlias>
        <NameAlias lang="ja-JP">変更理由</NameAlias>
      </NameAliases>
      <DefinitionAliases>
        <DefinitionAlias lang="en" />
        <DefinitionAlias lang="ja-JP">変更が必要となる問題の記述。</DefinitionAlias>
      </DefinitionAliases>
    </PropertyDef>
    <PropertyDef ifdguid="42764500d1f711e1800000215ad4efdf">
      <Name>BudgetSource</Name>
      <Definition>The budget source requested.</Definition>
      <PropertyType>
        <TypePropertySingleValue>
          <DataType type="IfcText" />
        </TypePropertySingleValue>
      </PropertyType>
      <NameAliases>
        <NameAlias lang="en">Budget Source</NameAlias>
        <NameAlias lang="ja-JP">予算源</NameAlias>
      </NameAliases>
      <DefinitionAliases>
        <DefinitionAlias lang="en" />
        <DefinitionAlias lang="ja-JP">要求された予算の出所・源。</DefinitionAlias>
      </DefinitionAliases>
    </PropertyDef>
  </PropertyDefs>
  <PsetDefinitionAliases>
    <PsetDefinitionAlias lang="en" />
    <PsetDefinitionAlias lang="ja-JP">変更指示は、製品または引き受けている作業に変化を生じさせる指示。変更指示状態は、作業指示状態と同様な手段で定義される。変更指示は作業要求を必要とするからである。</PsetDefinitionAlias>
  </PsetDefinitionAliases>
</PropertySetDef>