<?xml version="1.0"?>
<PropertySetDef xmlns:xsd="http://www.w3.org/2001/XMLSchema" xmlns:xsi="http://www.w3.org/2001/XMLSchema-instance" ifdguid="447fda00d1de11e1800000215ad4efdf" templatetype="PSET_PERFORMANCEDRIVEN" xsi:noNamespaceSchemaLocation="http://buildingSMART-tech.org/xml/psd/PSD_IFC4.xsd" xmlns="http://buildingSMART-tech.org/xml/psd/PSD_IFC4.xsd">
  <IfcVersion version="IFC4x3_RC4" />
  <Name>Pset_DuctSegmentPHistory</Name>
  <Definition>Duct segment performance history common attributes.</Definition>
  <Applicability />
  <ApplicableClasses>
    <ClassName>IfcDuctSegment</ClassName>
  </ApplicableClasses>
  <ApplicableTypeValue>IfcDuctSegment</ApplicableTypeValue>
  <PropertyDefs>
    <PropertyDef ifdguid="4ba6e800d1de11e1800000215ad4efdf">
      <Name>LossCoefficient</Name>
      <Definition>Dimensionless loss coefficient used for calculating fluid resistance representing the ratio of total pressure loss to velocity pressure at a referenced cross-section.</Definition>
      <PropertyType>
        <TypePropertyReferenceValue reftype="IfcTimeSeries" />
      </PropertyType>
      <NameAliases>
        <NameAlias lang="en">Loss Coefficient</NameAlias>
        <NameAlias lang="ja-JP">損失係数</NameAlias>
      </NameAliases>
      <DefinitionAliases>
        <DefinitionAlias lang="en" />
        <DefinitionAlias lang="ja-JP">参照された断面での動圧に対する全圧損失の比を表わす流体抵抗の計算に使用される無次元の損失係数</DefinitionAlias>
      </DefinitionAliases>
    </PropertyDef>
    <PropertyDef ifdguid="4f3a6f00d1de11e1800000215ad4efdf">
      <Name>AtmosphericPressure</Name>
      <Definition>Ambient atmospheric pressure.</Definition>
      <PropertyType>
        <TypePropertyReferenceValue reftype="IfcTimeSeries" />
      </PropertyType>
      <NameAliases>
        <NameAlias lang="en">Atmospheric Pressure</NameAlias>
        <NameAlias lang="ja-JP">大気圧</NameAlias>
      </NameAliases>
      <DefinitionAliases>
        <DefinitionAlias lang="en" />
        <DefinitionAlias lang="ja-JP">周囲の大気圧</DefinitionAlias>
      </DefinitionAliases>
    </PropertyDef>
    <PropertyDef ifdguid="52cdf600d1de11e1800000215ad4efdf">
      <Name>LeakageCurve</Name>
      <Definition>Leakage per unit length curve versus working pressure. If a scalar is expressed then it represents LeakageClass which is flowrate per unit area at a specified pressure rating (e.g., ASHRAE Fundamentals 2001 34.16.).</Definition>
      <PropertyType>
        <TypePropertyReferenceValue reftype="IfcTimeSeries" />
      </PropertyType>
      <NameAliases>
        <NameAlias lang="en">Leakage Curve</NameAlias>
        <NameAlias lang="ja-JP">漏れ曲線</NameAlias>
      </NameAliases>
      <DefinitionAliases>
        <DefinitionAlias lang="en" />
        <DefinitionAlias lang="ja-JP">作動圧力に対する単位長さあたりの漏れ曲線。
スカラー値が表現されている場合は、所定の圧力（例えば、ASHRAE　Fundamentals 200134.16）における単位面積当たりの流量である漏れクラスを表す。</DefinitionAlias>
      </DefinitionAliases>
    </PropertyDef>
    <PropertyDef ifdguid="5a8d9a80d1de11e1800000215ad4efdf">
      <Name>FluidFlowLeakage</Name>
      <Definition>Volumetric leakage flow rate.</Definition>
      <PropertyType>
        <TypePropertyReferenceValue reftype="IfcTimeSeries" />
      </PropertyType>
      <NameAliases>
        <NameAlias lang="en">Fluid Flow Leakage</NameAlias>
        <NameAlias lang="ja-JP">漏れ量</NameAlias>
      </NameAliases>
      <DefinitionAliases>
        <DefinitionAlias lang="en" />
        <DefinitionAlias lang="ja-JP">体積漏れ流量</DefinitionAlias>
      </DefinitionAliases>
    </PropertyDef>
  </PropertyDefs>
  <PsetDefinitionAliases>
    <PsetDefinitionAlias lang="en" />
    <PsetDefinitionAlias lang="ja-JP">ダクト直管性能履歴共通属性。</PsetDefinitionAlias>
  </PsetDefinitionAliases>
</PropertySetDef>