<?xml version="1.0"?>
<QtoSetDef xmlns:xsd="http://www.w3.org/2001/XMLSchema" xmlns:xsi="http://www.w3.org/2001/XMLSchema-instance" xmlns="http://buildingSMART-tech.org/xml/psd/PSD_IFC4.xsd">
  <IfcVersion version="IFC4x3_RC4" />
  <Name>Qto_ArealStratumBaseQuantities</Name>
  <Definition>Quantity measures associated to areal stratum such as in a geotechnical slice. Uncertainty is documented in _Pset_Uncertainty_.</Definition>
  <Applicability />
  <ApplicableClasses>
    <ClassName>IfcGeotechnicalStratum</ClassName>
  </ApplicableClasses>
  <ApplicableTypeValue>IfcGeotechnicalStratum</ApplicableTypeValue>
  <QtoDefs>
    <QtoDef>
      <Name>Area</Name>
      <Definition>Area represented, if lower edge of stratum known.</Definition>
      <QtoType>Q_AREA</QtoType>
      <NameAliases />
      <DefinitionAliases />
    </QtoDef>
    <QtoDef>
      <Name>Length</Name>
      <Definition>Actual length of upper edge of slice.</Definition>
      <QtoType>Q_LENGTH</QtoType>
      <NameAliases />
      <DefinitionAliases />
    </QtoDef>
    <QtoDef>
      <Name>PlanLength</Name>
      <Definition>Projected plan length of upper edge of slice.</Definition>
      <QtoType>Q_LENGTH</QtoType>
      <NameAliases />
      <DefinitionAliases />
    </QtoDef>
  </QtoDefs>
  <QtoDefinitionAliases />
</QtoSetDef>