<?xml version="1.0"?>
<QtoSetDef xmlns:xsd="http://www.w3.org/2001/XMLSchema" xmlns:xsi="http://www.w3.org/2001/XMLSchema-instance" xmlns="http://buildingSMART-tech.org/xml/psd/PSD_IFC4.xsd">
  <IfcVersion version="IFC4x3_RC4" />
  <Name>Qto_WallBaseQuantities</Name>
  <Definition>Base quantities that are common to the definition of all occurrences of walls.</Definition>
  <Applicability />
  <ApplicableClasses>
    <ClassName>IfcWall</ClassName>
  </ApplicableClasses>
  <ApplicableTypeValue>IfcWall</ApplicableTypeValue>
  <QtoDefs>
    <QtoDef>
      <Name>Length</Name>
      <Definition>Total nominal length of the wall along the wall center line (even if different to the wall path).</Definition>
      <QtoType>Q_LENGTH</QtoType>
      <NameAliases>
        <NameAlias lang="de-DE">Länge</NameAlias>
        <NameAlias lang="en">Length</NameAlias>
        <NameAlias lang="ja-JP">長さ</NameAlias>
      </NameAliases>
      <DefinitionAliases>
        <DefinitionAlias lang="de-DE">Länge der Wand entlang der Mittellinie der gesamten Wand.</DefinitionAlias>
        <DefinitionAlias lang="en" />
        <DefinitionAlias lang="ja-JP">壁の中心線に沿った長さ。</DefinitionAlias>
      </DefinitionAliases>
    </QtoDef>
    <QtoDef>
      <Name>Width</Name>
      <Definition>Total nominal width (or thickness) of the wall measured perpendicular to the wall path. It should only be provided, if it is constant along the wall path.</Definition>
      <QtoType>Q_LENGTH</QtoType>
      <NameAliases>
        <NameAlias lang="de-DE">Dicke</NameAlias>
        <NameAlias lang="en">Width</NameAlias>
        <NameAlias lang="ja-JP">幅</NameAlias>
      </NameAliases>
      <DefinitionAliases>
        <DefinitionAlias lang="de-DE">Dicke der Wand. Der Wert wird nur angegeben, wenn die Dicke konstant ist.</DefinitionAlias>
        <DefinitionAlias lang="en" />
        <DefinitionAlias lang="ja-JP">壁中心線に垂直に計測した壁の厚さ。壁中心線に沿って厚さが一定の場合のみ。</DefinitionAlias>
      </DefinitionAliases>
    </QtoDef>
    <QtoDef>
      <Name>Height</Name>
      <Definition>Total nominal height of the wall. It should only be provided, if it is constant along the wall path.</Definition>
      <QtoType>Q_LENGTH</QtoType>
      <NameAliases>
        <NameAlias lang="de-DE">Höhe</NameAlias>
        <NameAlias lang="en">Height</NameAlias>
        <NameAlias lang="ja-JP">高さ</NameAlias>
      </NameAliases>
      <DefinitionAliases>
        <DefinitionAlias lang="de-DE">Höhe der Wand. Der Wert wird nur angegeben, wenn die Höhe konstant ist.</DefinitionAlias>
        <DefinitionAlias lang="en" />
        <DefinitionAlias lang="ja-JP">壁の高さ。壁中心性に沿って高さが一定の場合のみ。</DefinitionAlias>
      </DefinitionAliases>
    </QtoDef>
    <QtoDef>
      <Name>GrossFootprintArea</Name>
      <Definition>Area of the wall as viewed by a ground floor view, not taking any wall modifications (like recesses) into account. It is also referred to as the foot print of the wall.</Definition>
      <QtoType>Q_AREA</QtoType>
      <NameAliases>
        <NameAlias lang="de-DE">Bruttogrundfläche</NameAlias>
        <NameAlias lang="en">Gross Footprint Area</NameAlias>
        <NameAlias lang="ja-JP">フットプリント面積</NameAlias>
      </NameAliases>
      <DefinitionAliases>
        <DefinitionAlias lang="de-DE">Grundfläche oder Konstruktionsfläche der Wand. Öffnungen, wie von Türen, werden übermessen.</DefinitionAlias>
        <DefinitionAlias lang="en" />
        <DefinitionAlias lang="ja-JP">平面図上に投影した壁の形状の面積。壁のへこみなどを考慮しない。</DefinitionAlias>
      </DefinitionAliases>
    </QtoDef>
    <QtoDef>
      <Name>NetFootprintArea</Name>
      <Definition>Area of the wall as viewed by a ground floor view, taking all wall modifications (like recesses) into account. It is also referred to as the foot print of the wall.</Definition>
      <QtoType>Q_AREA</QtoType>
      <NameAliases>
        <NameAlias lang="de-DE">Nettogrundfläche</NameAlias>
        <NameAlias lang="en">Net Footprint Area</NameAlias>
        <NameAlias lang="ja-JP">正味フットプリント面積</NameAlias>
      </NameAliases>
      <DefinitionAliases>
        <DefinitionAlias lang="de-DE">Grundfläche oder Konstruktionsfläche der Wand. Öffnungen, wie von Türen, werden abgezogen.</DefinitionAlias>
        <DefinitionAlias lang="en" />
        <DefinitionAlias lang="ja-JP">平面図上に投影した壁の形状の面積。壁のへこみなどを考慮する。</DefinitionAlias>
      </DefinitionAliases>
    </QtoDef>
    <QtoDef>
      <Name>GrossSideArea</Name>
      <Definition>Area of the wall as viewed by an elevation view of the middle plane of the wall.  It does not take into account any wall modifications (such as openings).</Definition>
      <QtoType>Q_AREA</QtoType>
      <NameAliases>
        <NameAlias lang="de-DE">Bruttofläche</NameAlias>
        <NameAlias lang="en">Gross Side Area</NameAlias>
        <NameAlias lang="ja-JP">側面面積</NameAlias>
      </NameAliases>
      <DefinitionAliases>
        <DefinitionAlias lang="de-DE">Ansichtsfläche der Wand, gemessen als Schnittfläche an der Mittelinie der Wand. Alle Öffnungen dieser Fläche werden übermessen.</DefinitionAlias>
        <DefinitionAlias lang="en" />
        <DefinitionAlias lang="ja-JP">立面ビューによるカーテンウォールの面積。カーテンウォールに対する変形を考慮しない。</DefinitionAlias>
      </DefinitionAliases>
    </QtoDef>
    <QtoDef>
      <Name>NetSideArea</Name>
      <Definition>Area of the wall as viewed by an elevation view of the middle plane. It does take into account all wall modifications (such as openings).</Definition>
      <QtoType>Q_AREA</QtoType>
      <NameAliases>
        <NameAlias lang="de-DE">Nettofläche</NameAlias>
        <NameAlias lang="en">Net Side Area</NameAlias>
        <NameAlias lang="ja-JP">正味側面面積</NameAlias>
      </NameAliases>
      <DefinitionAliases>
        <DefinitionAlias lang="de-DE">Ansichtsfläche der Wand, gemessen als Schnittfläche an der Mittelinie der Wand. Alle Öffnungen dieser Fläche werden abgezogen.</DefinitionAlias>
        <DefinitionAlias lang="en" />
        <DefinitionAlias lang="ja-JP">立面ビューによるカーテンウォールの面積。カーテンウォールに対する変形を考慮する。</DefinitionAlias>
      </DefinitionAliases>
    </QtoDef>
    <QtoDef>
      <Name>GrossVolume</Name>
      <Definition>Volume of the wall, without taking into account the openings and the connection geometry.</Definition>
      <QtoType>Q_VOLUME</QtoType>
      <NameAliases>
        <NameAlias lang="de-DE">Bruttovolumen</NameAlias>
        <NameAlias lang="en">Gross Volume</NameAlias>
        <NameAlias lang="ja-JP">体積</NameAlias>
      </NameAliases>
      <DefinitionAliases>
        <DefinitionAlias lang="de-DE">Bruttovolumen der Wand. Alle Öffnungen werden übermessen.</DefinitionAlias>
        <DefinitionAlias lang="en" />
        <DefinitionAlias lang="ja-JP">スラブの体積。開口、へこみなどを考慮しない。</DefinitionAlias>
      </DefinitionAliases>
    </QtoDef>
    <QtoDef>
      <Name>NetVolume</Name>
      <Definition>Volume of the wall, after subtracting the openings and after considering the connection geometry.</Definition>
      <QtoType>Q_VOLUME</QtoType>
      <NameAliases>
        <NameAlias lang="de-DE">Nettovolumen</NameAlias>
        <NameAlias lang="en">Net Volume</NameAlias>
        <NameAlias lang="ja-JP">正味体積</NameAlias>
      </NameAliases>
      <DefinitionAliases>
        <DefinitionAlias lang="de-DE">Nettovolumen der Wand. Alle Öffnungen werden abgezogen.</DefinitionAlias>
        <DefinitionAlias lang="en" />
        <DefinitionAlias lang="ja-JP">スラブの体積。開口、へこみなどを考慮する。</DefinitionAlias>
      </DefinitionAliases>
    </QtoDef>
    <QtoDef>
      <Name>GrossWeight</Name>
      <Definition>Total gross weight of the wall, without add-on parts, not taking into account possible processing features (cut-out's, etc.) or openings and recesses.</Definition>
      <QtoType>Q_WEIGHT</QtoType>
      <NameAliases>
        <NameAlias lang="de-DE">Bruttogewicht</NameAlias>
        <NameAlias lang="en">Gross Weight</NameAlias>
        <NameAlias lang="ja-JP">重量</NameAlias>
      </NameAliases>
      <DefinitionAliases>
        <DefinitionAlias lang="de-DE">Gewicht der Wand. Alle Öffnungen oder Aussparungen werden übermessen.</DefinitionAlias>
        <DefinitionAlias lang="en" />
        <DefinitionAlias lang="ja-JP">スラブの重量。付加されたパーツを除く。また、切断などの処理または開口やへこみなどを考慮しない。</DefinitionAlias>
      </DefinitionAliases>
    </QtoDef>
    <QtoDef>
      <Name>NetWeight</Name>
      <Definition>Total net weight of the wall, without add-on parts, taking into account possible processing features (cut-out's, etc.) or openings and recesses.</Definition>
      <QtoType>Q_WEIGHT</QtoType>
      <NameAliases>
        <NameAlias lang="de-DE">Nettogewicht</NameAlias>
        <NameAlias lang="en">Net Weight</NameAlias>
        <NameAlias lang="ja-JP">正味重量</NameAlias>
      </NameAliases>
      <DefinitionAliases>
        <DefinitionAlias lang="de-DE">Gewicht der Wand. Alle Öffnungen oder Aussparungen  werden abgezogen.</DefinitionAlias>
        <DefinitionAlias lang="en" />
        <DefinitionAlias lang="ja-JP">スラブの重量。付加されたパーツを除く。また、切断などの処理または開口やへこみなどを考慮する。</DefinitionAlias>
      </DefinitionAliases>
    </QtoDef>
  </QtoDefs>
  <QtoDefinitionAliases>
    <QtoDefinitionAlias lang="de-DE">Basismengen für alle Bauelemente vom Typ Wand.</QtoDefinitionAlias>
    <QtoDefinitionAlias lang="en" />
    <QtoDefinitionAlias lang="ja-JP">壁に関わる共通の基本数量情報の定義。</QtoDefinitionAlias>
  </QtoDefinitionAliases>
</QtoSetDef>