<?xml version="1.0"?>
<QtoSetDef xmlns:xsd="http://www.w3.org/2001/XMLSchema" xmlns:xsi="http://www.w3.org/2001/XMLSchema-instance" xmlns="http://buildingSMART-tech.org/xml/psd/PSD_IFC4.xsd">
  <IfcVersion version="IFC4x3_RC4" />
  <Name>Qto_BuildingBaseQuantities</Name>
  <Definition>Base quantities that are common to the definition of all occurrences of building.</Definition>
  <Applicability />
  <ApplicableClasses>
    <ClassName>IfcBuilding</ClassName>
  </ApplicableClasses>
  <ApplicableTypeValue>IfcBuilding</ApplicableTypeValue>
  <QtoDefs>
    <QtoDef>
      <Name>Height</Name>
      <Definition>Standard gross height of this building, from the top surface of the construction floor, to the top surface of the construction floor or roof above. Only provided is there is a constant height.</Definition>
      <QtoType>Q_LENGTH</QtoType>
      <NameAliases>
        <NameAlias lang="de-DE">Firsthöhe</NameAlias>
        <NameAlias lang="en">Height</NameAlias>
        <NameAlias lang="ja-JP">高さ</NameAlias>
      </NameAliases>
      <DefinitionAliases>
        <DefinitionAlias lang="de-DE">Systemhöhe des Geschosses, gemessen von der Oberkante Rohfdecke bis zur Oberkante Rohdecke im darüberliegenden Geschoss. Wird nur angegeben, wenn es eine konstante Höhe gibt.</DefinitionAlias>
        <DefinitionAlias lang="en" />
        <DefinitionAlias lang="ja-JP">建物の高さ。</DefinitionAlias>
      </DefinitionAliases>
    </QtoDef>
    <QtoDef>
      <Name>EavesHeight</Name>
      <Definition>Standard net height of this storey, from the top surface of the construction floor, to the bottom surface of the construction floor or roof above. Only provided is there is a constant height.</Definition>
      <QtoType>Q_LENGTH</QtoType>
      <NameAliases>
        <NameAlias lang="de-DE">Traufhöhe</NameAlias>
        <NameAlias lang="en">Eaves Height</NameAlias>
      </NameAliases>
      <DefinitionAliases>
        <DefinitionAlias lang="de-DE">Lichte des Geschosses, gemessen von der Oberkante Rohdecke bis zur Unterkante der Rohdecke im darüberliegenden Geschoss. Wird nur angegeben, wenn es eine konstante Höhe gibt.</DefinitionAlias>
        <DefinitionAlias lang="en" />
      </DefinitionAliases>
    </QtoDef>
    <QtoDef>
      <Name>FootprintArea</Name>
      <Definition>Gross area of the site covered by the building(s).</Definition>
      <QtoType>Q_AREA</QtoType>
      <NameAliases>
        <NameAlias lang="de-DE">Bebaute Fläche</NameAlias>
        <NameAlias lang="en">Footprint Area</NameAlias>
        <NameAlias lang="ja-JP">建築面積</NameAlias>
      </NameAliases>
      <DefinitionAliases>
        <DefinitionAlias lang="de-DE">Bebaute Fläche des Baugrundstücks.</DefinitionAlias>
        <DefinitionAlias lang="en" />
        <DefinitionAlias lang="ja-JP">建物が敷地を覆う全体の面積。</DefinitionAlias>
      </DefinitionAliases>
    </QtoDef>
    <QtoDef>
      <Name>GrossFloorArea</Name>
      <Definition>Sum of all gross areas of spaces within the building. It includes the area of construction elements within the building. May be provided in addition to the quantities of the spaces and the construction elements assigend to the building. In case of inconsistencies, the individual quantities of spaces and construction elements take precedence.</Definition>
      <QtoType>Q_AREA</QtoType>
      <NameAliases>
        <NameAlias lang="de-DE">Bruttogrundfläche</NameAlias>
        <NameAlias lang="en">Gross Floor Area</NameAlias>
        <NameAlias lang="ja-JP">延べ床面積</NameAlias>
      </NameAliases>
      <DefinitionAliases>
        <DefinitionAlias lang="de-DE">Summe aller Bruttogrundflächen der Räume und der Konstruktionsfläuchen aufgehender Bauelemente im Gebäude. Kann zusätzlich zu den einzelnen Mengen der Räume und aufgehenden Bauelementen angegeben werden. Bei Inkonsistenz zählen die einzelnen Mengen der Räume und aufgehenen Bauelementen.</DefinitionAlias>
        <DefinitionAlias lang="en" />
        <DefinitionAlias lang="ja-JP">建物の部屋の全面積を集計したもの。建物を構成する建築部材の面積も含む。</DefinitionAlias>
      </DefinitionAliases>
    </QtoDef>
    <QtoDef>
      <Name>NetFloorArea</Name>
      <Definition>Sum of all net areas of spaces within the building. It excludes the area of construction elements within the building. May be provided in addition to the quantities of the spaces assigend to the building. In case of inconsistencies, the individual quantities of spaces take precedence.</Definition>
      <QtoType>Q_AREA</QtoType>
      <NameAliases>
        <NameAlias lang="de-DE">Nettogrundfläche</NameAlias>
        <NameAlias lang="en">Net Floor Area</NameAlias>
        <NameAlias lang="ja-JP">正味床面積</NameAlias>
      </NameAliases>
      <DefinitionAliases>
        <DefinitionAlias lang="de-DE">Summe aller Nettogrundflächen der Räume im Gebäude. Kann zusätzlich zu den einzelnen Mengen der Räume angegeben werden. Bei Inkonsistenz zählen die einzelnen Mengen der Räume.</DefinitionAlias>
        <DefinitionAlias lang="en" />
        <DefinitionAlias lang="ja-JP">建物の部屋の全面積を集計したもの。建物を構成する建築部材の面積も除外したもの。</DefinitionAlias>
      </DefinitionAliases>
    </QtoDef>
    <QtoDef>
      <Name>GrossVolume</Name>
      <Definition>Sum of all gross volumes of spaces enclosed by the building. It includes the volumes of construction elements within the building. May be provided in addition to the quantities of the spaces and the construction elements assigend to the building. In case of inconsistencies, the individual quantities of spaces and construction elements take precedence.</Definition>
      <QtoType>Q_VOLUME</QtoType>
      <NameAliases>
        <NameAlias lang="de-DE">Bruttorauminhalt</NameAlias>
        <NameAlias lang="en">Gross Volume</NameAlias>
        <NameAlias lang="ja-JP">建物体積</NameAlias>
      </NameAliases>
      <DefinitionAliases>
        <DefinitionAlias lang="de-DE">Summe aller Bruttorauminhalte der Räume eines Gebäudes, inklusive der Volumen der Baulemente (Gesamtrauminhalt, der von den äußeren Begrenzungsflächen umschlossen wird). Kann zusätzlich zu den einzelnen Mengen der Räume und Bauelemente angegeben werden. Bei Inkonsistenz zählen die einzelnen Mengen der Räume und Bauelemente.</DefinitionAlias>
        <DefinitionAlias lang="en" />
        <DefinitionAlias lang="ja-JP">建物により囲まれた空間の全体積を集計したもの。建物を構成する建築部材の体積も含む。</DefinitionAlias>
      </DefinitionAliases>
    </QtoDef>
    <QtoDef>
      <Name>NetVolume</Name>
      <Definition>Sum of all net volumes of spaces enclosed by the building. It iexcludes the volumes of construction elements within the building. May be provided in addition to the quantities of the spaces assigend to the building. In case of inconsistencies, the individual quantities of spaces take precedence.</Definition>
      <QtoType>Q_VOLUME</QtoType>
      <NameAliases>
        <NameAlias lang="de-DE">Nettorauminhalt</NameAlias>
        <NameAlias lang="en">Net Volume</NameAlias>
        <NameAlias lang="ja-JP">正味建物体積</NameAlias>
      </NameAliases>
      <DefinitionAliases>
        <DefinitionAlias lang="de-DE">Summe aller Nettorauminhalte der Räume eines Gebäudes. Kann zusätzlich zu den einzelnen Mengen der Räumeangegeben werden. Bei Inkonsistenz zählen die einzelnen Mengen der Räume.</DefinitionAlias>
        <DefinitionAlias lang="en" />
        <DefinitionAlias lang="ja-JP">建物により囲まれた空間の全体積を集計したもの。建物を構成する建築部材の体積を除外したもの。</DefinitionAlias>
      </DefinitionAliases>
    </QtoDef>
  </QtoDefs>
  <QtoDefinitionAliases>
    <QtoDefinitionAlias lang="de-DE">Basismengen für Gebäude</QtoDefinitionAlias>
    <QtoDefinitionAlias lang="en" />
    <QtoDefinitionAlias lang="ja-JP">建物に関わる共通の基本数量情報の定義。</QtoDefinitionAlias>
  </QtoDefinitionAliases>
</QtoSetDef>