<?xml version="1.0"?>
<QtoSetDef xmlns:xsd="http://www.w3.org/2001/XMLSchema" xmlns:xsi="http://www.w3.org/2001/XMLSchema-instance" xmlns="http://buildingSMART-tech.org/xml/psd/PSD_IFC4.xsd">
  <IfcVersion version="IFC4x3_RC4" />
  <Name>Qto_VehicleBaseQuantities</Name>
  <Definition>Quantities for vehicles</Definition>
  <Applicability />
  <ApplicableClasses>
    <ClassName>IfcTransportElement/IfcTransportElementNonFixedTypeEnum(.VEHICLE.)</ClassName>
    <ClassName>IfcTransportElement/IfcTransportElementNonFixedTypeEnum(.VEHICLETRACKED.)</ClassName>
    <ClassName>IfcTransportElement/IfcTransportElementNonFixedTypeEnum(.VEHICLEMARINE.)</ClassName>
    <ClassName>IfcTransportElement/IfcTransportElementNonFixedTypeEnum(.VEHICLEAIR.)</ClassName>
    <ClassName>IfcTransportElement/IfcTransportElementNonFixedTypeEnum(.ROLLINGSTOCK.)</ClassName>
    <ClassName>IfcTransportElementType/IfcTransportElementNonFixedTypeEnum(.VEHICLE.)</ClassName>
    <ClassName>IfcTransportElementType/IfcTransportElementNonFixedTypeEnum(.VEHICLETRACKED.)</ClassName>
    <ClassName>IfcTransportElementType/IfcTransportElementNonFixedTypeEnum(.VEHICLEMARINE.)</ClassName>
    <ClassName>IfcTransportElementType/IfcTransportElementNonFixedTypeEnum(.VEHICLEAIR.)</ClassName>
    <ClassName>IfcTransportElementType/IfcTransportElementNonFixedTypeEnum(.ROLLINGSTOCK.)</ClassName>
  </ApplicableClasses>
  <ApplicableTypeValue>IfcTransportElement/IfcTransportElementNonFixedTypeEnum(.VEHICLE.),IfcTransportElement/IfcTransportElementNonFixedTypeEnum(.VEHICLETRACKED.),IfcTransportElement/IfcTransportElementNonFixedTypeEnum(.VEHICLEMARINE.),IfcTransportElement/IfcTransportElementNonFixedTypeEnum(.VEHICLEAIR.),IfcTransportElement/IfcTransportElementNonFixedTypeEnum(.ROLLINGSTOCK.),IfcTransportElementType/IfcTransportElementNonFixedTypeEnum(.VEHICLE.),IfcTransportElementType/IfcTransportElementNonFixedTypeEnum(.VEHICLETRACKED.),IfcTransportElementType/IfcTransportElementNonFixedTypeEnum(.VEHICLEMARINE.),IfcTransportElementType/IfcTransportElementNonFixedTypeEnum(.VEHICLEAIR.),IfcTransportElementType/IfcTransportElementNonFixedTypeEnum(.ROLLINGSTOCK.)</ApplicableTypeValue>
  <QtoDefs>
    <QtoDef>
      <Name>Length</Name>
      <Definition>Characteristic length</Definition>
      <QtoType>Q_LENGTH</QtoType>
      <NameAliases />
      <DefinitionAliases />
    </QtoDef>
    <QtoDef>
      <Name>Width</Name>
      <Definition>Characteristic width</Definition>
      <QtoType>Q_LENGTH</QtoType>
      <NameAliases />
      <DefinitionAliases />
    </QtoDef>
    <QtoDef>
      <Name>Height</Name>
      <Definition>Characteristic height</Definition>
      <QtoType>Q_LENGTH</QtoType>
      <NameAliases />
      <DefinitionAliases />
    </QtoDef>
  </QtoDefs>
  <QtoDefinitionAliases />
</QtoSetDef>