<?xml version="1.0"?>
<PropertySetDef xmlns:xsi="http://www.w3.org/2001/XMLSchema-instance" xmlns:xsd="http://www.w3.org/2001/XMLSchema" ifdguid="54a36d154bbe4744b06a6e7bf2fc74b3" templatetype="PSET_TYPEDRIVENOVERRIDE" xsi:noNamespaceSchemaLocation="http://buildingSMART-tech.org/xml/psd/PSD_IFC4.xsd" xmlns="http://buildingSMART-tech.org/xml/psd/PSD_IFC4.xsd">
  <IfcVersion version="IFC4x3_RC3" />
  <Name>Pset_RailJoint_Welded</Name>
  <Definition>Property set used to distinguish the different kind of welded railway joints.</Definition>
  <Applicability />
  <ApplicableClasses />
  <PropertyDefs>
    <PropertyDef ifdguid="9a8bc3ed4205402aa5c9e8516d73f0ae">
      <Name>IsInsulated</Name>
      <Definition />
      <PropertyType>
        <TypePropertySingleValue>
          <DataType type="boolean" />
        </TypePropertySingleValue>
      </PropertyType>
      <NameAliases />
      <DefinitionAliases />
    </PropertyDef>
    <PropertyDef ifdguid="b22757644f514c9cad50a038018fb428">
      <Name>IsTemporary</Name>
      <Definition />
      <PropertyType>
        <TypePropertySingleValue>
          <DataType type="boolean" />
        </TypePropertySingleValue>
      </PropertyType>
      <NameAliases />
      <DefinitionAliases />
    </PropertyDef>
  </PropertyDefs>
  <PsetDefinitionAliases />
</PropertySetDef>