<?xml version="1.0"?>
<PropertySetDef xmlns:xsi="http://www.w3.org/2001/XMLSchema-instance" xmlns:xsd="http://www.w3.org/2001/XMLSchema" ifdguid="eb7c91fea3484889bdfa65cc36c81917" xsi:noNamespaceSchemaLocation="http://buildingSMART-tech.org/xml/psd/PSD_IFC4.xsd" xmlns="http://buildingSMART-tech.org/xml/psd/PSD_IFC4.xsd">
  <IfcVersion version="IFC4x3_RC3" />
  <Name>Pset_Uncertainty</Name>
  <Definition>Property set capturing the geometric uncertainty regarding measurements including how the way that uncertainty was assessed.</Definition>
  <Applicability />
  <ApplicableClasses>
    <ClassName>IfcGeotechnicalStratum</ClassName>
    <ClassName> IfcGeotechnicalElement</ClassName>
    <ClassName> IfcGeotechnicalAssembly</ClassName>
  </ApplicableClasses>
  <ApplicableTypeValue>IfcGeotechnicalStratum, IfcGeotechnicalElement, IfcGeotechnicalAssembly</ApplicableTypeValue>
  <PropertyDefs>
    <PropertyDef ifdguid="da7247f30bb04cc29b54f11e644eaa76">
      <Name>Basis</Name>
      <Definition>Indication of the basis of the uncertainty</Definition>
      <PropertyType>
        <TypePropertySingleValue>
          <DataType />
        </TypePropertySingleValue>
      </PropertyType>
      <NameAliases />
      <DefinitionAliases />
    </PropertyDef>
    <PropertyDef ifdguid="b5e86de9db65474aa95c1d94239bb1a8">
      <Name>Description</Name>
      <Definition>General description of the uncertainty associated to the element or feature, its source and implications.</Definition>
      <PropertyType>
        <TypePropertySingleValue>
          <DataType type="IfcText" />
        </TypePropertySingleValue>
      </PropertyType>
      <NameAliases />
      <DefinitionAliases />
    </PropertyDef>
    <PropertyDef ifdguid="5a6f226a4eab4587b31e62ee9049a094">
      <Name>HorizontalUncertainty</Name>
      <Definition>Indicative (95%-100%) range diameter associated to the vertical shape and position in X, if different to the linear uncertainty.</Definition>
      <PropertyType>
        <TypePropertySingleValue>
          <DataType type="IfcPositiveLengthMeasure" />
        </TypePropertySingleValue>
      </PropertyType>
      <NameAliases />
      <DefinitionAliases />
    </PropertyDef>
    <PropertyDef ifdguid="36d080c2497e4cef8e9e3e80be10ec19">
      <Name>LinearUncertainty</Name>
      <Definition>Indicative (95%-100%) range diameter associated to the overall shape and position in XYZ.</Definition>
      <PropertyType>
        <TypePropertySingleValue>
          <DataType type="IfcPositiveLengthMeasure" />
        </TypePropertySingleValue>
      </PropertyType>
      <NameAliases />
      <DefinitionAliases />
    </PropertyDef>
    <PropertyDef ifdguid="6f6a43f40a494f4ab2407385f1da22bc">
      <Name>OrthogonalUncertainty</Name>
      <Definition>Indicative (95%-100%) range diameter associated to the horizontal shape and position in Y, if different to the horizontal uncertainty.</Definition>
      <PropertyType>
        <TypePropertySingleValue>
          <DataType type="IfcPositiveLengthMeasure" />
        </TypePropertySingleValue>
      </PropertyType>
      <NameAliases />
      <DefinitionAliases />
    </PropertyDef>
    <PropertyDef ifdguid="f34c9a699a714d0e98a39e5503462bf6">
      <Name>VerticalUncertainty</Name>
      <Definition>Indicative (95%-100%) range diameter associated to the vertical shape and position in Z, if different to the linear uncertainty.</Definition>
      <PropertyType>
        <TypePropertySingleValue>
          <DataType type="IfcPositiveLengthMeasure" />
        </TypePropertySingleValue>
      </PropertyType>
      <NameAliases />
      <DefinitionAliases />
    </PropertyDef>
  </PropertyDefs>
  <PsetDefinitionAliases />
</PropertySetDef>