<?xml version="1.0"?>
<PropertySetDef xmlns:xsi="http://www.w3.org/2001/XMLSchema-instance" xmlns:xsd="http://www.w3.org/2001/XMLSchema" ifdguid="13e95d11802d4d9e98c9f379d61092e9" xsi:noNamespaceSchemaLocation="http://buildingSMART-tech.org/xml/psd/PSD_IFC4.xsd" xmlns="http://buildingSMART-tech.org/xml/psd/PSD_IFC4.xsd">
  <IfcVersion version="IFC4x3_RC3" />
  <Name>Pset_GeotechnicalStratumCommon</Name>
  <Definition>Properties describing the characteristics of any solid, water or void stratum. A status of �New� should not be associated to a _IfcGeotechnicalAssembly_  or _IfcSolidStratum_, as other entities are used for earthworks and courses.</Definition>
  <Applicability />
  <ApplicableClasses>
    <ClassName>IfcGeotechnicalStratum</ClassName>
  </ApplicableClasses>
  <ApplicableTypeValue>IfcGeotechnicalStratum</ApplicableTypeValue>
  <PropertyDefs>
    <PropertyDef ifdguid="2c45d8d16009482d80c3a7246cf4e5c0">
      <Name>Colour</Name>
      <Definition>Stratum colour</Definition>
      <PropertyType>
        <TypePropertySingleValue>
          <DataType type="IfcLabel" />
        </TypePropertySingleValue>
      </PropertyType>
      <NameAliases />
      <DefinitionAliases />
    </PropertyDef>
    <PropertyDef ifdguid="8e0e3c1c39cf4023ad5a915c9105c452">
      <Name>IsTopographic</Name>
      <Definition>Is the stratum ever topmost and so a visible topographic feature</Definition>
      <PropertyType>
        <TypePropertySingleValue>
          <DataType type="IfcLogical" />
        </TypePropertySingleValue>
      </PropertyType>
      <NameAliases />
      <DefinitionAliases />
    </PropertyDef>
    <PropertyDef ifdguid="84dd9dd87b094322872955e99efaccde">
      <Name>PiezometricHead</Name>
      <Definition>Pressure head of water content.</Definition>
      <PropertyType>
        <TypePropertySingleValue>
          <DataType type="IfcPositiveLengthMeasure" />
        </TypePropertySingleValue>
      </PropertyType>
      <NameAliases />
      <DefinitionAliases />
    </PropertyDef>
    <PropertyDef ifdguid="d8a62fa3e6f34c5a88987833f772f542">
      <Name>PiezometricPressure</Name>
      <Definition>Pressure of water content.</Definition>
      <PropertyType>
        <TypePropertySingleValue>
          <DataType type="IfcPressureMeasure" />
        </TypePropertySingleValue>
      </PropertyType>
      <NameAliases />
      <DefinitionAliases />
    </PropertyDef>
    <PropertyDef ifdguid="41e9a1256ded49a6bc81c38c72fd066f">
      <Name>Status</Name>
      <Definition>Status of the element, predominately used in renovation or retrofitting projects. The status can be assigned to as "New" - element designed as new addition, "Existing" - element exists and remains, "Demolish" - element existed but is to be demolished, "Temporary" - element will exists only temporary (like a temporary support structure).</Definition>
      <PropertyType>
        <TypePropertySingleValue>
          <DataType />
        </TypePropertySingleValue>
      </PropertyType>
      <NameAliases />
      <DefinitionAliases />
    </PropertyDef>
    <PropertyDef ifdguid="fc14714cafc943bcb852b559f750f26b">
      <Name>Texture</Name>
      <Definition>Stratum texture</Definition>
      <PropertyType>
        <TypePropertySingleValue>
          <DataType type="IfcLabel" />
        </TypePropertySingleValue>
      </PropertyType>
      <NameAliases />
      <DefinitionAliases />
    </PropertyDef>
  </PropertyDefs>
  <PsetDefinitionAliases />
</PropertySetDef>