<?xml version="1.0"?>
<PropertySetDef xmlns:xsi="http://www.w3.org/2001/XMLSchema-instance" xmlns:xsd="http://www.w3.org/2001/XMLSchema" ifdguid="829734737c7c4725b43558a4a802081e" xsi:noNamespaceSchemaLocation="http://buildingSMART-tech.org/xml/psd/PSD_IFC4.xsd" xmlns="http://buildingSMART-tech.org/xml/psd/PSD_IFC4.xsd">
  <IfcVersion version="IFC4x3_RC3" />
  <Name>Pset_GeotechnicalAssemblyCommon</Name>
  <Definition>Properties describing the characteristics of any geotechnical model. A Status of �New� should not be associated to a _IfcGeotechnicalAssembly_ or _IfcGeotechnicalStratum_, as other entities are used for earthworks and courses.</Definition>
  <Applicability />
  <ApplicableClasses>
    <ClassName>IfcGeotechnicalAssembly</ClassName>
  </ApplicableClasses>
  <ApplicableTypeValue>IfcGeotechnicalAssembly</ApplicableTypeValue>
  <PropertyDefs>
    <PropertyDef ifdguid="3abc2575540947c1b178902281dea9bb">
      <Name>Limitations</Name>
      <Definition>Limitations on usage.</Definition>
      <PropertyType>
        <TypePropertySingleValue>
          <DataType type="IfcText" />
        </TypePropertySingleValue>
      </PropertyType>
      <NameAliases />
      <DefinitionAliases />
    </PropertyDef>
    <PropertyDef ifdguid="b57fa0da43444c5eb2e4d58ff62b5c2b">
      <Name>Methodology</Name>
      <Definition>Methodology used to prepare the contents of the geotechnical assembly.</Definition>
      <PropertyType>
        <TypePropertySingleValue>
          <DataType type="IfcText" />
        </TypePropertySingleValue>
      </PropertyType>
      <NameAliases />
      <DefinitionAliases />
    </PropertyDef>
    <PropertyDef ifdguid="0bf8bc8c81fb41079b8ef98aa2624667">
      <Name>Purpose</Name>
      <Definition>Purpose for which the borehole, section or volumetric model was created. (EU Inspire, boreholeML)</Definition>
      <PropertyType>
        <TypePropertySingleValue>
          <DataType />
        </TypePropertySingleValue>
      </PropertyType>
      <NameAliases />
      <DefinitionAliases />
    </PropertyDef>
    <PropertyDef ifdguid="e73be196bfaf453286b93f8779df109a">
      <Name>Status</Name>
      <Definition>Status of the element, predominately used in renovation or retrofitting projects. The status can be assigned to as "New" - element designed as new addition, "Existing" - element exists and remains, "Demolish" - element existed but is to be demolished, "Temporary" - element will exists only temporary (like a temporary support structure).</Definition>
      <PropertyType>
        <TypePropertySingleValue>
          <DataType />
        </TypePropertySingleValue>
      </PropertyType>
      <NameAliases />
      <DefinitionAliases />
    </PropertyDef>
  </PropertyDefs>
  <PsetDefinitionAliases />
</PropertySetDef>