<?xml version="1.0"?>
<PropertySetDef xmlns:xsi="http://www.w3.org/2001/XMLSchema-instance" xmlns:xsd="http://www.w3.org/2001/XMLSchema" ifdguid="2dde4d8650a3497c8bebe98d4d424c34" xsi:noNamespaceSchemaLocation="http://buildingSMART-tech.org/xml/psd/PSD_IFC4.xsd" xmlns="http://buildingSMART-tech.org/xml/psd/PSD_IFC4.xsd">
  <IfcVersion version="IFC4x3_RC3" />
  <Name>Pset_RailwayAlignmentCommon</Name>
  <Applicability />
  <ApplicableClasses>
    <ClassName>IfcAlignment</ClassName>
  </ApplicableClasses>
  <ApplicableTypeValue>IfcAlignment</ApplicableTypeValue>
  <PropertyDefs />
  <PsetDefinitionAliases />
</PropertySetDef>