<?xml version="1.0"?>
<PropertySetDef xmlns:xsi="http://www.w3.org/2001/XMLSchema-instance" xmlns:xsd="http://www.w3.org/2001/XMLSchema" ifdguid="0231ac434cbc4f2cbe8f9c9229df9962" templatetype="PSET_TYPEDRIVENOVERRIDE" xsi:noNamespaceSchemaLocation="http://buildingSMART-tech.org/xml/psd/PSD_IFC4.xsd" xmlns="http://buildingSMART-tech.org/xml/psd/PSD_IFC4.xsd">
  <IfcVersion version="IFC4x3_RC3" />
  <Name>Pset_Width</Name>
  <Definition>Specifices the general properties for a Width event.</Definition>
  <Applicability />
  <ApplicableClasses />
  <PropertyDefs>
    <PropertyDef ifdguid="52834ea804d7431d89717aa6920072cf">
      <Name>Side</Name>
      <Definition>Specifies if the width is measured to the RIGHT or to the LEFT of the curve referenced by the placement, or if the same value is applied to BOTH sides.</Definition>
      <PropertyType>
        <TypePropertySingleValue>
          <DataType />
        </TypePropertySingleValue>
      </PropertyType>
      <NameAliases />
      <DefinitionAliases />
    </PropertyDef>
    <PropertyDef ifdguid="6a806455953a4f75a274ac9ea7ad5707">
      <Name>Transition</Name>
      <Definition>The type of transition of width used between the previous event and this event.</Definition>
      <PropertyType>
        <TypePropertySingleValue>
          <DataType />
        </TypePropertySingleValue>
      </PropertyType>
      <NameAliases />
      <DefinitionAliases />
    </PropertyDef>
    <PropertyDef ifdguid="381428b1c91c4705a6c85bc231b06ae4">
      <Name>Width</Name>
      <Definition>The width measure at this location.</Definition>
      <PropertyType>
        <TypePropertySingleValue>
          <DataType type="IfcNonNegativeLengthMeasure" />
        </TypePropertySingleValue>
      </PropertyType>
      <NameAliases />
      <DefinitionAliases />
    </PropertyDef>
  </PropertyDefs>
  <PsetDefinitionAliases />
</PropertySetDef>