<?xml version="1.0"?>
<PropertySetDef xmlns:xsi="http://www.w3.org/2001/XMLSchema-instance" xmlns:xsd="http://www.w3.org/2001/XMLSchema" ifdguid="426b33559f0243b3a3c251cf111d390f" xsi:noNamespaceSchemaLocation="http://buildingSMART-tech.org/xml/psd/PSD_IFC4.xsd" xmlns="http://buildingSMART-tech.org/xml/psd/PSD_IFC4.xsd">
  <IfcVersion version="IFC4x3_RC3" />
  <Name>Pset_RailJoint</Name>
  <Definition>Property set used to distinguish the different kind of railway joints.</Definition>
  <Applicability />
  <ApplicableClasses>
    <ClassName>IfcMech/RAILJOINT</ClassName>
  </ApplicableClasses>
  <ApplicableTypeValue>IfcMech/RAILJOINT</ApplicableTypeValue>
  <PropertyDefs>
    <PropertyDef ifdguid="510fd2da41364262b1e0ba601675eb8d">
      <Name>IsInsulated</Name>
      <Definition />
      <PropertyType>
        <TypePropertySingleValue>
          <DataType type="boolean" />
        </TypePropertySingleValue>
      </PropertyType>
      <NameAliases />
      <DefinitionAliases />
    </PropertyDef>
    <PropertyDef ifdguid="f12c5ce22da642caae1b6b7130eba268">
      <Name>IsTemporary</Name>
      <Definition />
      <PropertyType>
        <TypePropertySingleValue>
          <DataType type="boolean" />
        </TypePropertySingleValue>
      </PropertyType>
      <NameAliases />
      <DefinitionAliases />
    </PropertyDef>
  </PropertyDefs>
  <PsetDefinitionAliases />
</PropertySetDef>