<?xml version="1.0"?>
<PropertySetDef xmlns:xsi="http://www.w3.org/2001/XMLSchema-instance" xmlns:xsd="http://www.w3.org/2001/XMLSchema" ifdguid="94d6b7401a364f72811f3dcef7b2dbab" templatetype="PSET_TYPEDRIVENOVERRIDE" xsi:noNamespaceSchemaLocation="http://buildingSMART-tech.org/xml/psd/PSD_IFC4.xsd" xmlns="http://buildingSMART-tech.org/xml/psd/PSD_IFC4.xsd">
  <IfcVersion version="IFC4x3_RC3" />
  <Name>Pset_Superelevation</Name>
  <Definition>Specifices the general properties for a Superelevation event.</Definition>
  <Applicability />
  <ApplicableClasses />
  <PropertyDefs>
    <PropertyDef ifdguid="a06240e92da94ab292aefb5ae9928022">
      <Name>Side</Name>
      <Definition>Specifies if the superelevation is measured to the RIGHT or to the LEFT of the curve referenced by the placement, or if the same value is applied to BOTH sides.</Definition>
      <PropertyType>
        <TypePropertySingleValue>
          <DataType />
        </TypePropertySingleValue>
      </PropertyType>
      <NameAliases />
      <DefinitionAliases />
    </PropertyDef>
    <PropertyDef ifdguid="c9d78b78ce5e4f1d8f4e1071965765c7">
      <Name>Superelevation</Name>
      <Definition>Specifies the superelevation as a ratio measure (slope) at the location of the event.</Definition>
      <PropertyType>
        <TypePropertySingleValue>
          <DataType type="IfcRatioMeasure" />
        </TypePropertySingleValue>
      </PropertyType>
      <NameAliases />
      <DefinitionAliases />
    </PropertyDef>
    <PropertyDef ifdguid="7750fcb38c9241d0b6bfa8abeaa576f0">
      <Name>Transition</Name>
      <Definition>The type of transition of superelevation from previous event to this one.</Definition>
      <PropertyType>
        <TypePropertySingleValue>
          <DataType />
        </TypePropertySingleValue>
      </PropertyType>
      <NameAliases />
      <DefinitionAliases />
    </PropertyDef>
  </PropertyDefs>
  <PsetDefinitionAliases />
</PropertySetDef>