<?xml version="1.0"?>
<PropertySetDef xmlns:xsi="http://www.w3.org/2001/XMLSchema-instance" xmlns:xsd="http://www.w3.org/2001/XMLSchema" ifdguid="1beaa2e6a4a14d14a2c7ba651e6baec6" xsi:noNamespaceSchemaLocation="http://buildingSMART-tech.org/xml/psd/PSD_IFC4.xsd" xmlns="http://buildingSMART-tech.org/xml/psd/PSD_IFC4.xsd">
  <IfcVersion version="IFC4x3_RC3" />
  <Name>Pset_RoadSymbolsCommon</Name>
  <Applicability />
  <ApplicableClasses>
    <ClassName>IfcSurf/SYMBOLMARKING</ClassName>
  </ApplicableClasses>
  <ApplicableTypeValue>IfcSurf/SYMBOLMARKING</ApplicableTypeValue>
  <PropertyDefs>
    <PropertyDef ifdguid="ebd38aa8ddd646f08a9a588f0bc095af">
      <Name>Text</Name>
      <Definition>Text content</Definition>
      <PropertyType>
        <TypePropertySingleValue>
          <DataType type="IfcText" />
        </TypePropertySingleValue>
      </PropertyType>
      <NameAliases />
      <DefinitionAliases />
    </PropertyDef>
    <PropertyDef ifdguid="d4e2a5494cce4342b04baf8575b307d8">
      <Name>Type</Name>
      <Definition>A symbol designator with content according to local standards, e.g.  'BycycleCrossing', 'RoadStuds', 'SpeedBump', 'TransverseBar', 'BusStop', 'Chevron', 'Hatched', 'KeepClear', 'BoxJunction', 'EmergencyExit', 'Intersection', 'Junction'</Definition>
      <PropertyType>
        <TypePropertySingleValue>
          <DataType type="IfcLabel" />
        </TypePropertySingleValue>
      </PropertyType>
      <NameAliases />
      <DefinitionAliases />
    </PropertyDef>
  </PropertyDefs>
  <PsetDefinitionAliases />
</PropertySetDef>