<?xml version="1.0"?>
<PropertySetDef xmlns:xsi="http://www.w3.org/2001/XMLSchema-instance" xmlns:xsd="http://www.w3.org/2001/XMLSchema" ifdguid="12089fbe3ddb4d69b5f983766de3862d" xsi:noNamespaceSchemaLocation="http://buildingSMART-tech.org/xml/psd/PSD_IFC4.xsd" xmlns="http://buildingSMART-tech.org/xml/psd/PSD_IFC4.xsd">
  <IfcVersion version="IFC4x3_RC3" />
  <Name>Pset_TrafficCalmingDeviceCommon</Name>
  <Applicability />
  <ApplicableClasses>
    <ClassName>IfcElem/TRAFFIC_CALMING_DEVICE</ClassName>
  </ApplicableClasses>
  <ApplicableTypeValue>IfcElem/TRAFFIC_CALMING_DEVICE</ApplicableTypeValue>
  <PropertyDefs>
    <PropertyDef ifdguid="044387cffda241fd8dc46806de5fdf93">
      <Name>Type</Name>
      <Definition>Traffic Calming Device designator according to local standards</Definition>
      <PropertyType>
        <TypePropertySingleValue>
          <DataType type="IfcLabel" />
        </TypePropertySingleValue>
      </PropertyType>
      <NameAliases />
      <DefinitionAliases />
    </PropertyDef>
  </PropertyDefs>
  <PsetDefinitionAliases />
</PropertySetDef>