<?xml version="1.0"?>
<PropertySetDef xmlns:xsi="http://www.w3.org/2001/XMLSchema-instance" xmlns:xsd="http://www.w3.org/2001/XMLSchema" ifdguid="e4d7b2f1fe8143179f58629e0825c2e4" templatetype="PSET_TYPEDRIVENOVERRIDE" xsi:noNamespaceSchemaLocation="http://buildingSMART-tech.org/xml/psd/PSD_IFC4.xsd" xmlns="http://buildingSMART-tech.org/xml/psd/PSD_IFC4.xsd">
  <IfcVersion version="IFC4x3_RC3" />
  <Name>Pset_RadiiKerbStone</Name>
  <Applicability />
  <ApplicableClasses>
    <ClassName>IfcKerb</ClassName>
  </ApplicableClasses>
  <ApplicableTypeValue>IfcKerb</ApplicableTypeValue>
  <PropertyDefs>
    <PropertyDef ifdguid="d81fd76910774b0eb8390d44ec1d96c5">
      <Name>CurveShape</Name>
      <Definition>Shape according to &lt;a href="$element://{9DF817DE-97F9-43e9-A716-0EA93FC4CA4D}"&gt;&lt;font color="#0000ff"&gt;&lt;u&gt;CurveShapeEnum&lt;/u&gt;&lt;/font&gt;&lt;/a&gt;</Definition>
      <PropertyType>
        <TypePropertySingleValue>
          <DataType />
        </TypePropertySingleValue>
      </PropertyType>
      <NameAliases />
      <DefinitionAliases />
    </PropertyDef>
    <PropertyDef ifdguid="8524134456cc434ebd75cf605b7004e1">
      <Name>Radius</Name>
      <Definition>The radius of the object. The size information is provided in addition to the shape representation and the geometric parameters used within. In cases of inconsistency between the geometric parameters and the size properties, provided in the attached property set, the geometric parameters take precedence.</Definition>
      <PropertyType>
        <TypePropertySingleValue>
          <DataType type="IfcPositiveLengthMeasure" />
        </TypePropertySingleValue>
      </PropertyType>
      <NameAliases />
      <DefinitionAliases />
    </PropertyDef>
  </PropertyDefs>
  <PsetDefinitionAliases />
</PropertySetDef>