<?xml version="1.0"?>
<PropertySetDef xmlns:xsi="http://www.w3.org/2001/XMLSchema-instance" xmlns:xsd="http://www.w3.org/2001/XMLSchema" ifdguid="b707d8594f924291b54406732cb5bdba" xsi:noNamespaceSchemaLocation="http://buildingSMART-tech.org/xml/psd/PSD_IFC4.xsd" xmlns="http://buildingSMART-tech.org/xml/psd/PSD_IFC4.xsd">
  <IfcVersion version="IFC4x3_RC3" />
  <Name>Pset_RailwayPowerSupplyFacility</Name>
  <Applicability />
  <ApplicableClasses>
    <ClassName>IfcRailway</ClassName>
  </ApplicableClasses>
  <ApplicableTypeValue>IfcRailway</ApplicableTypeValue>
  <PropertyDefs>
    <PropertyDef ifdguid="7a754d29ead4411e977d78fb589c3ba0">
      <Name>RailwayPowerSupplyFacilityType</Name>
      <Definition />
      <PropertyType>
        <TypePropertySingleValue>
          <DataType />
        </TypePropertySingleValue>
      </PropertyType>
      <NameAliases />
      <DefinitionAliases />
    </PropertyDef>
  </PropertyDefs>
  <PsetDefinitionAliases />
</PropertySetDef>