<?xml version="1.0"?>
<PropertySetDef xmlns:xsi="http://www.w3.org/2001/XMLSchema-instance" xmlns:xsd="http://www.w3.org/2001/XMLSchema" ifdguid="f2058445d82041f8bea29b74ef1afedb" xsi:noNamespaceSchemaLocation="http://buildingSMART-tech.org/xml/psd/PSD_IFC4.xsd" xmlns="http://buildingSMART-tech.org/xml/psd/PSD_IFC4.xsd">
  <IfcVersion version="IFC4x3_RC3" />
  <Name>Pset_AudioVisualApplianceTypeRailwayCommunicationTerminal</Name>
  <Applicability />
  <ApplicableClasses>
    <ClassName>IfcAudi/RAILWAY_COMMUNICATION_TERMINAL</ClassName>
    <ClassName> IfcAudi/TELEPHONE</ClassName>
  </ApplicableClasses>
  <ApplicableTypeValue>IfcAudi/RAILWAY_COMMUNICATION_TERMINAL, IfcAudi/TELEPHONE</ApplicableTypeValue>
  <PropertyDefs>
    <PropertyDef ifdguid="efbffcb0b4c74cb598bda1bbb3bbec32">
      <Name>TelephoneType</Name>
      <Definition />
      <PropertyType>
        <TypePropertySingleValue>
          <DataType />
        </TypePropertySingleValue>
      </PropertyType>
      <NameAliases />
      <DefinitionAliases />
    </PropertyDef>
  </PropertyDefs>
  <PsetDefinitionAliases />
</PropertySetDef>