﻿<?xml version="1.0" encoding="utf-8"?><QtoSetDef xmlns:xsi="http://www.w3.org/2001/XMLSchema-instance" xmlns:xsd="http://www.w3.org/2001/XMLSchema" xmlns="http://buildingSMART-tech.org/xml/psd/PSD_IFC4.xsd"><IfcVersion version="IFC4X3_RC4" /><Name>Qto_ConduitSegmentBaseQuantities</Name><Applicability /><ApplicableClasses><ClassName>IfcCableCarrierSegment/CONDUITSEGMENT</ClassName></ApplicableClasses><ApplicableTypeValue>IfcCableCarrierSegment/CONDUITSEGMENT</ApplicableTypeValue><QtoDefs><QtoDef><Name>InnerDiameter</Name><Definition>Actual inner diameter of segment.</Definition><QtoType>Q_LENGTH</QtoType><NameAliases /><DefinitionAliases /></QtoDef><QtoDef><Name>OuterDiameter</Name><Definition>Actual outer diameter of segment.</Definition><QtoType>Q_LENGTH</QtoType><NameAliases /><DefinitionAliases /></QtoDef></QtoDefs><QtoDefinitionAliases /></QtoSetDef>