﻿<?xml version="1.0" encoding="utf-8"?><QtoSetDef xmlns:xsi="http://www.w3.org/2001/XMLSchema-instance" xmlns:xsd="http://www.w3.org/2001/XMLSchema" xmlns="http://buildingSMART-tech.org/xml/psd/PSD_IFC4.xsd"><IfcVersion version="IFC4X3_RC4" /><Name>Qto_SleeperBaseQuantities</Name><Definition>Base quantities common to the definition to all occurrences of IfcTrackElement with PredefinedType set to SLEEPER.</Definition><Applicability /><ApplicableClasses><ClassName>IfcTrackElement/SLEEPER</ClassName></ApplicableClasses><ApplicableTypeValue>IfcTrackElement/SLEEPER</ApplicableTypeValue><QtoDefs><QtoDef><Name>Length</Name><Definition>Characteristic length</Definition><QtoType>Q_LENGTH</QtoType><NameAliases /><DefinitionAliases /></QtoDef><QtoDef><Name>Width</Name><Definition>Characteristic width</Definition><QtoType>Q_LENGTH</QtoType><NameAliases /><DefinitionAliases /></QtoDef><QtoDef><Name>Height</Name><Definition>Characteristic height</Definition><QtoType>Q_LENGTH</QtoType><NameAliases /><DefinitionAliases /></QtoDef></QtoDefs><QtoDefinitionAliases /></QtoSetDef>