﻿<?xml version="1.0" encoding="utf-8"?><QtoSetDef xmlns:xsi="http://www.w3.org/2001/XMLSchema-instance" xmlns:xsd="http://www.w3.org/2001/XMLSchema" xmlns="http://buildingSMART-tech.org/xml/psd/PSD_IFC4.xsd"><IfcVersion version="IFC4X3_RC4" /><Name>Qto_AirTerminalBoxTypeBaseQuantities</Name><Definition>Base quantities that are common to the definition of all types of air terminal boxes.</Definition><Applicability /><ApplicableClasses><ClassName>IfcAirTerminalBox</ClassName></ApplicableClasses><ApplicableTypeValue>IfcAirTerminalBox</ApplicableTypeValue><QtoDefs><QtoDef><Name>GrossWeight</Name><Definition>Weight of the element.</Definition><QtoType>Q_WEIGHT</QtoType><NameAliases><NameAlias lang="en">Gross Weight</NameAlias></NameAliases><DefinitionAliases><DefinitionAlias lang="en" /></DefinitionAliases></QtoDef></QtoDefs><QtoDefinitionAliases><QtoDefinitionAlias lang="en" /></QtoDefinitionAliases></QtoSetDef>