﻿<?xml version="1.0" encoding="utf-8"?><QtoSetDef xmlns:xsi="http://www.w3.org/2001/XMLSchema-instance" xmlns:xsd="http://www.w3.org/2001/XMLSchema" xmlns="http://buildingSMART-tech.org/xml/psd/PSD_IFC4.xsd"><IfcVersion version="IFC4X3_RC4" /><Name>Qto_ProjectionElementBaseQuantities</Name><Definition>Base quantities that are common to the definition of all occurrences of projection elements.</Definition><Applicability /><ApplicableClasses><ClassName>IfcProjectionElement</ClassName></ApplicableClasses><ApplicableTypeValue>IfcProjectionElement</ApplicableTypeValue><QtoDefs><QtoDef><Name>Area</Name><Definition>Area of the projection as viewed by an elevation view (for wall projections or as viewed by a ground floor view (for slab projections).</Definition><QtoType>Q_AREA</QtoType><NameAliases><NameAlias lang="de-DE">Fläche</NameAlias><NameAlias lang="en">Area</NameAlias></NameAliases><DefinitionAliases><DefinitionAlias lang="de-DE">Fläche der Auskragung, Sims oder anderen Vorbaus, es ist die Ansichtsfläche für Wandsimse und ähnlichen, oder die Grundfläche für Deckenaufbauten und ähnlichen.</DefinitionAlias><DefinitionAlias lang="en" /></DefinitionAliases></QtoDef><QtoDef><Name>Volume</Name><Definition>Volume of the opening. It is the additional volume of the projection to the element (e.g. wall or slab).</Definition><QtoType>Q_VOLUME</QtoType><NameAliases><NameAlias lang="de-DE">Volumen</NameAlias><NameAlias lang="en">Volume</NameAlias></NameAliases><DefinitionAliases><DefinitionAlias lang="de-DE">Volumen der Auskragung, Sims oder anderen Vorbaus,. Es ist das Zusatzvolumen der Auskragung, Sims oder anderen Vorbaus vom dem Element, in dem es sich als Zusatz befindet.</DefinitionAlias><DefinitionAlias lang="en" /></DefinitionAliases></QtoDef></QtoDefs><QtoDefinitionAliases><QtoDefinitionAlias lang="de-DE">Basismengen für Öffnungen</QtoDefinitionAlias><QtoDefinitionAlias lang="en" /></QtoDefinitionAliases></QtoSetDef>