﻿<?xml version="1.0" encoding="utf-8"?><QtoSetDef xmlns:xsi="http://www.w3.org/2001/XMLSchema-instance" xmlns:xsd="http://www.w3.org/2001/XMLSchema" xmlns="http://buildingSMART-tech.org/xml/psd/PSD_IFC4.xsd"><IfcVersion version="IFC4X3_RC4" /><Name>Qto_RailingBaseQuantities</Name><Definition>Base quantities that are common to the definition of all occurrences of railings.</Definition><Applicability /><ApplicableClasses><ClassName>IfcRailing</ClassName></ApplicableClasses><ApplicableTypeValue>IfcRailing</ApplicableTypeValue><QtoDefs><QtoDef><Name>Length</Name><Definition>Total nominal length of the railing, not taking into account any cut-out's or other processing features.</Definition><QtoType>Q_LENGTH</QtoType><NameAliases><NameAlias lang="de-DE">Länge</NameAlias><NameAlias lang="en">Length</NameAlias><NameAlias lang="ja-JP">長さ</NameAlias></NameAliases><DefinitionAliases><DefinitionAlias lang="de-DE">Länge der Railing entlang der Referenzlinie, ohne Berücksichtigung von Abschrägungen, Ausklinkungen, und ähnliches.</DefinitionAlias><DefinitionAlias lang="en" /><DefinitionAlias lang="ja-JP">手すりの長さ。切断など他の処理を考慮しない。</DefinitionAlias></DefinitionAliases></QtoDef></QtoDefs><QtoDefinitionAliases><QtoDefinitionAlias lang="de-DE">Basismengen für alle Bauelemente vom Typ Geländer.</QtoDefinitionAlias><QtoDefinitionAlias lang="en" /><QtoDefinitionAlias lang="ja-JP">手すりに関わる共通の基本数量情報の定義。</QtoDefinitionAlias></QtoDefinitionAliases></QtoSetDef>