﻿<?xml version="1.0" encoding="utf-8"?><QtoSetDef xmlns:xsi="http://www.w3.org/2001/XMLSchema-instance" xmlns:xsd="http://www.w3.org/2001/XMLSchema" xmlns="http://buildingSMART-tech.org/xml/psd/PSD_IFC4.xsd"><IfcVersion version="IFC4X3_RC4" /><Name>Qto_ReinforcingElementBaseQuantities</Name><Definition>Base quantities that are common to the definition of all occurrences of reinforcement.</Definition><Applicability /><ApplicableClasses><ClassName>IfcReinforcingElement</ClassName></ApplicableClasses><ApplicableTypeValue>IfcReinforcingElement</ApplicableTypeValue><QtoDefs><QtoDef><Name>Count</Name><Definition>Total count of reinforcing items.</Definition><QtoType>Q_COUNT</QtoType><NameAliases /><DefinitionAliases /></QtoDef><QtoDef><Name>Length</Name><Definition>Total length of reinforcing.</Definition><QtoType>Q_LENGTH</QtoType><NameAliases /><DefinitionAliases /></QtoDef><QtoDef><Name>Weight</Name><Definition>Total weight of object</Definition><QtoType>Q_WEIGHT</QtoType><NameAliases /><DefinitionAliases /></QtoDef></QtoDefs><QtoDefinitionAliases /></QtoSetDef>