﻿<?xml version="1.0" encoding="utf-8"?><PropertySetDef xmlns:xsi="http://www.w3.org/2001/XMLSchema-instance" xmlns:xsd="http://www.w3.org/2001/XMLSchema" ifdguid="22a83034ec44415ab5fd1509d33d9a00" templatetype="PSET_TYPEDRIVENOVERRIDE" xsi:noNamespaceSchemaLocation="http://buildingSMART-tech.org/xml/psd/PSD_IFC4.xsd" xmlns="http://buildingSMART-tech.org/xml/psd/PSD_IFC4.xsd"><IfcVersion version="IFC4X3_RC4" /><Name>Pset_RailTypeCheckRail</Name><Definition>Properties common to IfcRail types and occurrences with PredefinedType set to CHECKRAIL.</Definition><Applicability /><ApplicableClasses><ClassName>IfcRail/CHECKRAIL</ClassName></ApplicableClasses><ApplicableTypeValue>IfcRail/CHECKRAIL</ApplicableTypeValue><PropertyDefs><PropertyDef ifdguid="93a3bc1564d845d8bd985f21e80b4dae"><Name>CheckRailType</Name><Definition>Type of the check rail. Check rail types enumerated in this property are defined based on EN 13674.</Definition><PropertyType><TypePropertyEnumeratedValue><EnumList name="PEnum_CheckRailType"><EnumItem>TYPE_33C1</EnumItem><EnumItem>TYPE_40C1</EnumItem><EnumItem>TYPE_47C1</EnumItem><EnumItem>TYPE_CR3_60U</EnumItem><EnumItem>TYPE_R260</EnumItem><EnumItem>TYPE_R320CR</EnumItem><EnumItem>OTHER</EnumItem><EnumItem>NOTKNOWN</EnumItem><EnumItem>UNSET</EnumItem></EnumList><ConstantList><ConstantDef><Name>TYPE_33C1</Name><Definition>Check rail type 33C1.</Definition><NameAliases /><DefinitionAliases /></ConstantDef><ConstantDef><Name>TYPE_40C1</Name><Definition>Check rail type 40C1.</Definition><NameAliases /><DefinitionAliases /></ConstantDef><ConstantDef><Name>TYPE_47C1</Name><Definition>Check rail type 47C1.</Definition><NameAliases /><DefinitionAliases /></ConstantDef><ConstantDef><Name>TYPE_CR3_60U</Name><Definition>Check rail type CR3_60U.</Definition><NameAliases /><DefinitionAliases /></ConstantDef><ConstantDef><Name>TYPE_R260</Name><Definition>Check rail type R260.</Definition><NameAliases /><DefinitionAliases /></ConstantDef><ConstantDef><Name>TYPE_R320CR</Name><Definition>Check rail type R320CR.</Definition><NameAliases /><DefinitionAliases /></ConstantDef><ConstantDef><Name>OTHER</Name><Definition>required category not on scale</Definition><NameAliases><NameAlias lang="en">(other)</NameAlias></NameAliases><DefinitionAliases><DefinitionAlias lang="en">Value is not listed.</DefinitionAlias></DefinitionAliases></ConstantDef><ConstantDef><Name>NOTKNOWN</Name><Definition>Value is unkown</Definition><NameAliases><NameAlias lang="en">(unknown)</NameAlias></NameAliases><DefinitionAliases><DefinitionAlias lang="en">Value is unknown.</DefinitionAlias></DefinitionAliases></ConstantDef><ConstantDef><Name>UNSET</Name><Definition>Value has not been specified</Definition><NameAliases><NameAlias lang="en">(unset)</NameAlias></NameAliases><DefinitionAliases><DefinitionAlias lang="en">Value has not been specified.</DefinitionAlias></DefinitionAliases></ConstantDef></ConstantList></TypePropertyEnumeratedValue></PropertyType><NameAliases /><DefinitionAliases /></PropertyDef><PropertyDef ifdguid="a5a10d96931346f595b02d2804562f9a"><Name>InstallationPlan</Name><Definition>Reference to external information source about installation or construction plan of the element.</Definition><PropertyType><TypePropertyReferenceValue reftype="IfcExternalReference" /></PropertyType><NameAliases /><DefinitionAliases /></PropertyDef></PropertyDefs><PsetDefinitionAliases /></PropertySetDef>