﻿<?xml version="1.0" encoding="utf-8"?><PropertySetDef xmlns:xsi="http://www.w3.org/2001/XMLSchema-instance" xmlns:xsd="http://www.w3.org/2001/XMLSchema" ifdguid="a6384800d1ce11e1800000215ad4efdf" templatetype="PSET_TYPEDRIVENOVERRIDE" xsi:noNamespaceSchemaLocation="http://buildingSMART-tech.org/xml/psd/PSD_IFC4.xsd" xmlns="http://buildingSMART-tech.org/xml/psd/PSD_IFC4.xsd"><IfcVersion version="IFC4X3_RC4" /><Name>Pset_CooledBeamTypeCommon</Name><Definition>Cooled beam common attributes.
SoundLevel and SoundAttenuation attributes deleted in IFC2x2 Pset Addendum: Use IfcSoundProperties instead.</Definition><Applicability /><ApplicableClasses><ClassName>IfcCooledBeam</ClassName></ApplicableClasses><ApplicableTypeValue>IfcCooledBeam</ApplicableTypeValue><PropertyDefs><PropertyDef ifdguid="aafcfc00d1ce11e1800000215ad4efdf"><Name>Reference</Name><Definition>Reference ID for this specified type in this project (e.g. type 'A-1'), provided, if there is no classification reference to a recognized classification system used.</Definition><PropertyType><TypePropertySingleValue><DataType type="IfcIdentifier" /></TypePropertySingleValue></PropertyType><NameAliases><NameAlias lang="en">Reference</NameAlias><NameAlias lang="ja-JP">参照記号</NameAlias></NameAliases><DefinitionAliases><DefinitionAlias lang="en" /><DefinitionAlias lang="ja-JP">このプロジェクトにおける参照記号(例：A-1)。分類コードではなく内部で使用されるプロジェクトタイプとして使用されるもの。</DefinitionAlias></DefinitionAliases></PropertyDef><PropertyDef ifdguid="b05a4680d1ce11e1800000215ad4efdf"><Name>Status</Name><Definition>Status of the element, predominately used in renovation or retrofitting projects. The status can be assigned to as "New" - element designed as new addition, "Existing" - element exists and remains, "Demolish" - element existed but is to be demolished,  "Temporary" - element will exists only temporary (like a temporary support structure).</Definition><PropertyType><TypePropertyEnumeratedValue><EnumList name="PEnum_ElementStatus"><EnumItem>NEW</EnumItem><EnumItem>EXISTING</EnumItem><EnumItem>DEMOLISH</EnumItem><EnumItem>TEMPORARY</EnumItem><EnumItem>OTHER</EnumItem><EnumItem>NOTKNOWN</EnumItem><EnumItem>UNSET</EnumItem></EnumList><ConstantList><ConstantDef><Name>NEW</Name><Definition>element designed as new addition</Definition><NameAliases><NameAlias lang="en">New</NameAlias></NameAliases><DefinitionAliases /></ConstantDef><ConstantDef><Name>EXISTING</Name><Definition>element exists and is to remain</Definition><NameAliases><NameAlias lang="en">Existing</NameAlias></NameAliases><DefinitionAliases /></ConstantDef><ConstantDef><Name>DEMOLISH</Name><Definition>element exists but is to be demolished</Definition><NameAliases><NameAlias lang="en">Demolish</NameAlias></NameAliases><DefinitionAliases /></ConstantDef><ConstantDef><Name>TEMPORARY</Name><Definition>element will exist only temporarily (such as a temporary support structure)</Definition><NameAliases><NameAlias lang="en">Temporary</NameAlias></NameAliases><DefinitionAliases /></ConstantDef><ConstantDef><Name>OTHER</Name><Definition>required category not on scale</Definition><NameAliases><NameAlias lang="en">(other)</NameAlias></NameAliases><DefinitionAliases><DefinitionAlias lang="en">Value is not listed.</DefinitionAlias></DefinitionAliases></ConstantDef><ConstantDef><Name>NOTKNOWN</Name><Definition>Value is unkown</Definition><NameAliases><NameAlias lang="en">(unknown)</NameAlias></NameAliases><DefinitionAliases><DefinitionAlias lang="en">Value is unknown.</DefinitionAlias></DefinitionAliases></ConstantDef><ConstantDef><Name>UNSET</Name><Definition>Value has not been specified</Definition><NameAliases><NameAlias lang="en">(unset)</NameAlias></NameAliases><DefinitionAliases><DefinitionAlias lang="en">Value has not been specified.</DefinitionAlias></DefinitionAliases></ConstantDef></ConstantList></TypePropertyEnumeratedValue></PropertyType><NameAliases><NameAlias lang="en">Status</NameAlias><NameAlias lang="ja-JP">状態</NameAlias></NameAliases><DefinitionAliases><DefinitionAlias lang="en" /><DefinitionAlias lang="ja-JP">要素（主にリノベーションまたは改修プロジェクトにおいて）の状態。 状態は、「新規(New)」－新しく追加される要素。「既存」－要素は存在し、かつ残りもの。「破壊」－要素は存在したが、廃棄されるもの。「一時的」－一時的に存在する要素（一時的にサポートしている構造のようなもの）。</DefinitionAlias></DefinitionAliases></PropertyDef><PropertyDef ifdguid="bfd98f80d1ce11e1800000215ad4efdf"><Name>IsFreeHanging</Name><Definition>Is it free hanging type (not mounted in a false ceiling)?</Definition><PropertyType><TypePropertySingleValue><DataType type="IfcBoolean" /></TypePropertySingleValue></PropertyType><NameAliases><NameAlias lang="en">Is Free Hanging</NameAlias></NameAliases><DefinitionAliases><DefinitionAlias lang="en" /></DefinitionAliases></PropertyDef><PropertyDef ifdguid="25c61700d1cf11e1800000215ad4efdf"><Name>PipeConnection</Name><Definition>The manner in which the pipe connection is made to the cooled beam.</Definition><PropertyType><TypePropertyEnumeratedValue><EnumList name="PEnum_CooledBeamPipeConnection"><EnumItem>STRAIGHT</EnumItem><EnumItem>RIGHT</EnumItem><EnumItem>LEFT</EnumItem><EnumItem>TOP</EnumItem><EnumItem>OTHER</EnumItem><EnumItem>NOTKNOWN</EnumItem><EnumItem>UNSET</EnumItem></EnumList><ConstantList><ConstantDef><Name>STRAIGHT</Name><NameAliases><NameAlias lang="en">Straight</NameAlias></NameAliases><DefinitionAliases /></ConstantDef><ConstantDef><Name>RIGHT</Name><NameAliases><NameAlias lang="en">Right</NameAlias></NameAliases><DefinitionAliases /></ConstantDef><ConstantDef><Name>LEFT</Name><NameAliases><NameAlias lang="en">Left</NameAlias></NameAliases><DefinitionAliases /></ConstantDef><ConstantDef><Name>TOP</Name><NameAliases><NameAlias lang="en">Top</NameAlias></NameAliases><DefinitionAliases /></ConstantDef><ConstantDef><Name>OTHER</Name><Definition>required category not on scale</Definition><NameAliases><NameAlias lang="en">(other)</NameAlias></NameAliases><DefinitionAliases><DefinitionAlias lang="en">Value is not listed.</DefinitionAlias></DefinitionAliases></ConstantDef><ConstantDef><Name>NOTKNOWN</Name><Definition>Value is unkown</Definition><NameAliases><NameAlias lang="en">(unknown)</NameAlias></NameAliases><DefinitionAliases><DefinitionAlias lang="en">Value is unknown.</DefinitionAlias></DefinitionAliases></ConstantDef><ConstantDef><Name>UNSET</Name><Definition>Value has not been specified</Definition><NameAliases><NameAlias lang="en">(unset)</NameAlias></NameAliases><DefinitionAliases><DefinitionAlias lang="en">Value has not been specified.</DefinitionAlias></DefinitionAliases></ConstantDef></ConstantList></TypePropertyEnumeratedValue></PropertyType><NameAliases><NameAlias lang="en">Pipe Connection Enum</NameAlias></NameAliases><DefinitionAliases><DefinitionAlias lang="en" /></DefinitionAliases></PropertyDef><PropertyDef ifdguid="c536da00d1ce11e1800000215ad4efdf"><Name>WaterFlowControlSystemType</Name><Definition>Factory fitted waterflow control system.</Definition><PropertyType><TypePropertyEnumeratedValue><EnumList name="PEnum_CooledBeamWaterFlowControlSystemType"><EnumItem>NONE</EnumItem><EnumItem>ONOFFVALVE</EnumItem><EnumItem>2WAYVALVE</EnumItem><EnumItem>3WAYVALVE</EnumItem><EnumItem>OTHER</EnumItem><EnumItem>NOTKNOWN</EnumItem><EnumItem>UNSET</EnumItem></EnumList><ConstantList><ConstantDef><Name>NONE</Name><Definition>No waterproof.</Definition><NameAliases><NameAlias lang="en">None</NameAlias></NameAliases><DefinitionAliases><DefinitionAlias lang="en">None, empty or no additional action or function.</DefinitionAlias></DefinitionAliases></ConstantDef><ConstantDef><Name>ONOFFVALVE</Name><NameAliases><NameAlias lang="en">On/Off Valve</NameAlias></NameAliases><DefinitionAliases /></ConstantDef><ConstantDef><Name>2WAYVALVE</Name><NameAliases><NameAlias lang="en">2-Way Valve</NameAlias></NameAliases><DefinitionAliases /></ConstantDef><ConstantDef><Name>3WAYVALVE</Name><NameAliases><NameAlias lang="en">3-Way Valve</NameAlias></NameAliases><DefinitionAliases /></ConstantDef><ConstantDef><Name>OTHER</Name><Definition>required category not on scale</Definition><NameAliases><NameAlias lang="en">(other)</NameAlias></NameAliases><DefinitionAliases><DefinitionAlias lang="en">Value is not listed.</DefinitionAlias></DefinitionAliases></ConstantDef><ConstantDef><Name>NOTKNOWN</Name><Definition>Value is unkown</Definition><NameAliases><NameAlias lang="en">(unknown)</NameAlias></NameAliases><DefinitionAliases><DefinitionAlias lang="en">Value is unknown.</DefinitionAlias></DefinitionAliases></ConstantDef><ConstantDef><Name>UNSET</Name><Definition>Value has not been specified</Definition><NameAliases><NameAlias lang="en">(unset)</NameAlias></NameAliases><DefinitionAliases><DefinitionAlias lang="en">Value has not been specified.</DefinitionAlias></DefinitionAliases></ConstantDef></ConstantList></TypePropertyEnumeratedValue></PropertyType><NameAliases><NameAlias lang="en">Water Flow Control System Type</NameAlias></NameAliases><DefinitionAliases><DefinitionAlias lang="en" /></DefinitionAliases></PropertyDef><PropertyDef ifdguid="d54eb980d1ce11e1800000215ad4efdf"><Name>WaterPressureRange</Name><Definition>Allowable water circuit working pressure range.</Definition><PropertyType><TypePropertyBoundedValue><DataType type="IfcPressureMeasure" /></TypePropertyBoundedValue></PropertyType><NameAliases><NameAlias lang="en">Water Pressure Range</NameAlias></NameAliases><DefinitionAliases><DefinitionAlias lang="en" /></DefinitionAliases></PropertyDef><PropertyDef ifdguid="dbdd3100d1ce11e1800000215ad4efdf"><Name>NominalCoolingCapacity</Name><Definition>Nominal cooling capacity.</Definition><PropertyType><TypePropertySingleValue><DataType type="IfcPowerMeasure" /></TypePropertySingleValue></PropertyType><NameAliases><NameAlias lang="en">Nominal Cooling Capacity</NameAlias></NameAliases><DefinitionAliases><DefinitionAlias lang="en" /></DefinitionAliases></PropertyDef><PropertyDef ifdguid="e1d31200d1ce11e1800000215ad4efdf"><Name>NominalSurroundingTemperatureCooling</Name><Definition>Nominal surrounding temperature (refers to nominal cooling capacity).</Definition><PropertyType><TypePropertySingleValue><DataType type="IfcThermodynamicTemperatureMeasure" /></TypePropertySingleValue></PropertyType><NameAliases><NameAlias lang="en">Nominal Surrounding Temperature Cooling</NameAlias></NameAliases><DefinitionAliases><DefinitionAlias lang="en" /></DefinitionAliases></PropertyDef><PropertyDef ifdguid="e697c600d1ce11e1800000215ad4efdf"><Name>NominalSurroundingHumidityCooling</Name><Definition>Nominal surrounding humidity (refers to nominal cooling capacity).</Definition><PropertyType><TypePropertySingleValue><DataType type="IfcNormalisedRatioMeasure" /></TypePropertySingleValue></PropertyType><NameAliases><NameAlias lang="en">Nominal Surrounding Humidity Cooling</NameAlias></NameAliases><DefinitionAliases><DefinitionAlias lang="en" /></DefinitionAliases></PropertyDef><PropertyDef ifdguid="eb5c7a00d1ce11e1800000215ad4efdf"><Name>NominalSupplyWaterTemperatureCooling</Name><Definition>Nominal supply water temperature (refers to nominal cooling capacity).</Definition><PropertyType><TypePropertySingleValue><DataType type="IfcThermodynamicTemperatureMeasure" /></TypePropertySingleValue></PropertyType><NameAliases><NameAlias lang="en">Nominal Supply Water Temperature Cooling</NameAlias></NameAliases><DefinitionAliases><DefinitionAlias lang="en" /></DefinitionAliases></PropertyDef><PropertyDef ifdguid="f0b9c480d1ce11e1800000215ad4efdf"><Name>NominalReturnWaterTemperatureCooling</Name><Definition>Nominal return water temperature (refers to nominal cooling capacity).</Definition><PropertyType><TypePropertySingleValue><DataType type="IfcThermodynamicTemperatureMeasure" /></TypePropertySingleValue></PropertyType><NameAliases><NameAlias lang="en">Nominal Return Water Temperature Cooling</NameAlias></NameAliases><DefinitionAliases><DefinitionAlias lang="en" /></DefinitionAliases></PropertyDef><PropertyDef ifdguid="f6170f00d1ce11e1800000215ad4efdf"><Name>NominalWaterFlowCooling</Name><Definition>Nominal water flow (refers to nominal cooling capacity).</Definition><PropertyType><TypePropertySingleValue><DataType type="IfcVolumetricFlowRateMeasure" /></TypePropertySingleValue></PropertyType><NameAliases><NameAlias lang="en">Nominal Water Flow Cooling</NameAlias></NameAliases><DefinitionAliases><DefinitionAlias lang="en" /></DefinitionAliases></PropertyDef><PropertyDef ifdguid="fc0cf000d1ce11e1800000215ad4efdf"><Name>NominalHeatingCapacity</Name><Definition>Nominal heating capacity.</Definition><PropertyType><TypePropertySingleValue><DataType type="IfcPowerMeasure" /></TypePropertySingleValue></PropertyType><NameAliases><NameAlias lang="en">Nominal Heating Capacity</NameAlias></NameAliases><DefinitionAliases><DefinitionAlias lang="en" /></DefinitionAliases></PropertyDef><PropertyDef ifdguid="016a3a80d1cf11e1800000215ad4efdf"><Name>NominalSurroundingTemperatureHeating</Name><Definition>Nominal surrounding temperature (refers to nominal heating capacity).</Definition><PropertyType><TypePropertySingleValue><DataType type="IfcThermodynamicTemperatureMeasure" /></TypePropertySingleValue></PropertyType><NameAliases><NameAlias lang="en">Nominal Surrounding Temperature Heating</NameAlias></NameAliases><DefinitionAliases><DefinitionAlias lang="en" /></DefinitionAliases></PropertyDef><PropertyDef ifdguid="062eee80d1cf11e1800000215ad4efdf"><Name>NominalSupplyWaterTemperatureHeating</Name><Definition>Nominal supply water temperature (refers to nominal heating capacity).</Definition><PropertyType><TypePropertySingleValue><DataType type="IfcThermodynamicTemperatureMeasure" /></TypePropertySingleValue></PropertyType><NameAliases><NameAlias lang="en">Nominal Supply Water Temperature Heating</NameAlias></NameAliases><DefinitionAliases><DefinitionAlias lang="en" /></DefinitionAliases></PropertyDef><PropertyDef ifdguid="0af3a280d1cf11e1800000215ad4efdf"><Name>NominalReturnWaterTemperatureHeating</Name><Definition>Nominal return water temperature (refers to nominal heating capacity).</Definition><PropertyType><TypePropertySingleValue><DataType type="IfcThermodynamicTemperatureMeasure" /></TypePropertySingleValue></PropertyType><NameAliases><NameAlias lang="en">Nominal Return Water Temperature Heating</NameAlias></NameAliases><DefinitionAliases><DefinitionAlias lang="en" /></DefinitionAliases></PropertyDef><PropertyDef ifdguid="1050ed00d1cf11e1800000215ad4efdf"><Name>NominalWaterFlowHeating</Name><Definition>Nominal water flow (refers to nominal heating capacity).</Definition><PropertyType><TypePropertySingleValue><DataType type="IfcVolumetricFlowRateMeasure" /></TypePropertySingleValue></PropertyType><NameAliases><NameAlias lang="en">Nominal Water Flow Heating</NameAlias></NameAliases><DefinitionAliases><DefinitionAlias lang="en" /></DefinitionAliases></PropertyDef><PropertyDef ifdguid="15ae3780d1cf11e1800000215ad4efdf"><Name>IntegratedLightingType</Name><Definition>Integrated lighting in cooled beam.</Definition><PropertyType><TypePropertyEnumeratedValue><EnumList name="PEnum_CooledBeamIntegratedLightingType"><EnumItem>NONE</EnumItem><EnumItem>DIRECT</EnumItem><EnumItem>INDIRECT</EnumItem><EnumItem>DIRECTANDINDIRECT</EnumItem><EnumItem>OTHER</EnumItem><EnumItem>NOTKNOWN</EnumItem><EnumItem>UNSET</EnumItem></EnumList><ConstantList><ConstantDef><Name>NONE</Name><Definition>No waterproof.</Definition><NameAliases><NameAlias lang="en">None</NameAlias></NameAliases><DefinitionAliases><DefinitionAlias lang="en">None, empty or no additional action or function.</DefinitionAlias></DefinitionAliases></ConstantDef><ConstantDef><Name>DIRECT</Name><NameAliases><NameAlias lang="en">Direct</NameAlias></NameAliases><DefinitionAliases /></ConstantDef><ConstantDef><Name>INDIRECT</Name><NameAliases><NameAlias lang="en">Indirect</NameAlias></NameAliases><DefinitionAliases /></ConstantDef><ConstantDef><Name>DIRECTANDINDIRECT</Name><NameAliases><NameAlias lang="en">Direct and Indirect</NameAlias></NameAliases><DefinitionAliases /></ConstantDef><ConstantDef><Name>OTHER</Name><Definition>required category not on scale</Definition><NameAliases><NameAlias lang="en">(other)</NameAlias></NameAliases><DefinitionAliases><DefinitionAlias lang="en">Value is not listed.</DefinitionAlias></DefinitionAliases></ConstantDef><ConstantDef><Name>NOTKNOWN</Name><Definition>Value is unkown</Definition><NameAliases><NameAlias lang="en">(unknown)</NameAlias></NameAliases><DefinitionAliases><DefinitionAlias lang="en">Value is unknown.</DefinitionAlias></DefinitionAliases></ConstantDef><ConstantDef><Name>UNSET</Name><Definition>Value has not been specified</Definition><NameAliases><NameAlias lang="en">(unset)</NameAlias></NameAliases><DefinitionAliases><DefinitionAlias lang="en">Value has not been specified.</DefinitionAlias></DefinitionAliases></ConstantDef></ConstantList></TypePropertyEnumeratedValue></PropertyType><NameAliases><NameAlias lang="en">Integrated Lighting Type</NameAlias></NameAliases><DefinitionAliases><DefinitionAlias lang="en" /></DefinitionAliases></PropertyDef><PropertyDef ifdguid="34acc980d1cf11e1800000215ad4efdf"><Name>FinishColor</Name><Definition>Finish color for cooled beam.</Definition><PropertyType><TypePropertySingleValue><DataType type="IfcLabel" /></TypePropertySingleValue></PropertyType><NameAliases><NameAlias lang="en">Finish Color</NameAlias></NameAliases><DefinitionAliases><DefinitionAlias lang="en" /></DefinitionAliases></PropertyDef><PropertyDef ifdguid="3a0a1400d1cf11e1800000215ad4efdf"><Name>CoilLength</Name><Definition>Length of coil.</Definition><PropertyType><TypePropertySingleValue><DataType type="IfcPositiveLengthMeasure" /></TypePropertySingleValue></PropertyType><NameAliases><NameAlias lang="en">Coil Length</NameAlias></NameAliases><DefinitionAliases><DefinitionAlias lang="en" /></DefinitionAliases></PropertyDef><PropertyDef ifdguid="3ecec800d1cf11e1800000215ad4efdf"><Name>CoilWidth</Name><Definition>Width of coil.</Definition><PropertyType><TypePropertySingleValue><DataType type="IfcPositiveLengthMeasure" /></TypePropertySingleValue></PropertyType><NameAliases><NameAlias lang="en">Coil Width</NameAlias></NameAliases><DefinitionAliases><DefinitionAlias lang="en" /></DefinitionAliases></PropertyDef></PropertyDefs><PsetDefinitionAliases><PsetDefinitionAlias lang="en" /></PsetDefinitionAliases></PropertySetDef>