﻿<?xml version="1.0" encoding="utf-8"?><PropertySetDef xmlns:xsi="http://www.w3.org/2001/XMLSchema-instance" xmlns:xsd="http://www.w3.org/2001/XMLSchema" ifdguid="89149be141bd09734ca51c8cf3beaad6" templatetype="PSET_TYPEDRIVENOVERRIDE" xsi:noNamespaceSchemaLocation="http://buildingSMART-tech.org/xml/psd/PSD_IFC4.xsd" xmlns="http://buildingSMART-tech.org/xml/psd/PSD_IFC4.xsd"><IfcVersion version="IFC4X3_RC4" /><Name>Pset_SwitchingDeviceTypeRelay</Name><Definition>Properties in this property set are applicable for _IfcSwitchingDevice_ with PredefinedType _RELAY_.</Definition><Applicability /><ApplicableClasses><ClassName>IfcSwitchingDevice/RELAY</ClassName></ApplicableClasses><ApplicableTypeValue>IfcSwitchingDevice/RELAY</ApplicableTypeValue><PropertyDefs><PropertyDef ifdguid="4ff0486291384d74b34d949a401b2a6c"><Name>NominalHeight</Name><Definition>Nominal height of the object.</Definition><PropertyType><TypePropertySingleValue><DataType type="IfcNonNegativeLengthMeasure" /></TypePropertySingleValue></PropertyType><NameAliases /><DefinitionAliases /></PropertyDef><PropertyDef ifdguid="5207092197274e99917bfdcae2efea80"><Name>Current</Name><Definition>The actual current and operable range.</Definition><PropertyType><TypePropertyBoundedValue><DataType type="IfcElectricCurrentMeasure" /></TypePropertyBoundedValue></PropertyType><NameAliases><NameAlias lang="en">Current</NameAlias><NameAlias lang="ja-JP">電流</NameAlias></NameAliases><DefinitionAliases><DefinitionAlias lang="en" /><DefinitionAlias lang="ja-JP">実電流と動作可能範囲。</DefinitionAlias></DefinitionAliases></PropertyDef><PropertyDef ifdguid="076d1500d1e911e1800000215ad4efdf"><Name>NominalLength</Name><Definition>Nominal length of the object.</Definition><PropertyType><TypePropertySingleValue><DataType type="IfcNonNegativeLengthMeasure" /></TypePropertySingleValue></PropertyType><NameAliases><NameAlias lang="en">Nominal Length</NameAlias></NameAliases><DefinitionAliases><DefinitionAlias lang="en" /></DefinitionAliases></PropertyDef><PropertyDef ifdguid="63bd0ed8ed964fc3ac02aa99144f569a"><Name>InsulationResistance</Name><Definition>Minimum resistance between one terminal or several terminals connected together and the case or enclosure of a component at specified voltage.</Definition><PropertyType><TypePropertySingleValue><DataType type="IfcElectricResistanceMeasure" /></TypePropertySingleValue></PropertyType><NameAliases /><DefinitionAliases /></PropertyDef><PropertyDef ifdguid="a28e9f226e204a909976810e633a45f4"><Name>NominalWidth</Name><Definition>The nominal width of the object.</Definition><PropertyType><TypePropertySingleValue><DataType type="IfcNonNegativeLengthMeasure" /></TypePropertySingleValue></PropertyType><NameAliases><NameAlias lang="en">Nominal Width</NameAlias><NameAlias lang="ja-JP">公称幅</NameAlias><NameAlias lang="ko-KR">공칭 폭</NameAlias></NameAliases><DefinitionAliases><DefinitionAlias lang="en" /><DefinitionAlias lang="ja-JP">呼び幅寸法。</DefinitionAlias><DefinitionAlias lang="ko-KR">폭 치수</DefinitionAlias></DefinitionAliases></PropertyDef><PropertyDef ifdguid="16c52d4c70564777aa0c8e376b7badf0"><Name>ContactResistance</Name><Definition>Resistance when electrical node is closed.</Definition><PropertyType><TypePropertySingleValue><DataType type="IfcElectricResistanceMeasure" /></TypePropertySingleValue></PropertyType><NameAliases /><DefinitionAliases /></PropertyDef><PropertyDef ifdguid="a7f49d9173454e549353ab890ac04db1"><Name>PullInVoltage</Name><Definition>Working voltage of relay in excitation state.</Definition><PropertyType><TypePropertySingleValue><DataType type="IfcElectricVoltageMeasure" /></TypePropertySingleValue></PropertyType><NameAliases /><DefinitionAliases /></PropertyDef><PropertyDef ifdguid="0a569b1100f64d23abfe6a94d1d854d2"><Name>ReleaseVoltage</Name><Definition>The maximum voltage to guarantee the drop of the relay node.</Definition><PropertyType><TypePropertySingleValue><DataType type="IfcElectricVoltageMeasure" /></TypePropertySingleValue></PropertyType><NameAliases /><DefinitionAliases /></PropertyDef><PropertyDef ifdguid="87b7f6b294b5447ab7edaa0e2b690e7d"><Name>Voltage</Name><Definition>The actual voltage and operable range.</Definition><PropertyType><TypePropertyBoundedValue><DataType type="IfcElectricVoltageMeasure" /></TypePropertyBoundedValue></PropertyType><NameAliases><NameAlias lang="en">Voltage</NameAlias><NameAlias lang="ja-JP">電圧</NameAlias></NameAliases><DefinitionAliases><DefinitionAlias lang="en" /><DefinitionAlias lang="ja-JP">実電圧と動作可能範囲。</DefinitionAlias></DefinitionAliases></PropertyDef></PropertyDefs><PsetDefinitionAliases /></PropertySetDef>