﻿<?xml version="1.0" encoding="utf-8"?><PropertySetDef xmlns:xsi="http://www.w3.org/2001/XMLSchema-instance" xmlns:xsd="http://www.w3.org/2001/XMLSchema" ifdguid="37ce84472a11e7c47e2282827dd949f7" templatetype="PSET_TYPEDRIVENOVERRIDE" xsi:noNamespaceSchemaLocation="http://buildingSMART-tech.org/xml/psd/PSD_IFC4.xsd" xmlns="http://buildingSMART-tech.org/xml/psd/PSD_IFC4.xsd"><IfcVersion version="IFC4X3_RC4" /><Name>Pset_MemberTypeOCSRigidSupport</Name><Definition>Properties of rigid catenary support used in railway overhead contact system.</Definition><Applicability /><ApplicableClasses><ClassName>IfcMember/MEMBER</ClassName></ApplicableClasses><ApplicableTypeValue>IfcMember/MEMBER</ApplicableTypeValue><PropertyDefs><PropertyDef ifdguid="e016c1b196e6495cbdfe58665d2c5b60"><Name>AssemblyInstruction</Name><Definition>Instructions to describe how the system / equipment / facility is assembled.</Definition><PropertyType><TypePropertyReferenceValue reftype="IfcExternalReference" /></PropertyType><NameAliases /><DefinitionAliases /></PropertyDef><PropertyDef ifdguid="6780df8508d34fae87ae569e54fa0aa4"><Name>ContactWireStagger</Name><Definition>Lateral displacement of the contact wire to opposite sides of the track centre at successive supports.</Definition><PropertyType><TypePropertySingleValue><DataType type="IfcPositiveLengthMeasure" /></TypePropertySingleValue></PropertyType><NameAliases /><DefinitionAliases /></PropertyDef></PropertyDefs><PsetDefinitionAliases /></PropertySetDef>