﻿<?xml version="1.0" encoding="utf-8"?><PropertySetDef xmlns:xsi="http://www.w3.org/2001/XMLSchema-instance" xmlns:xsd="http://www.w3.org/2001/XMLSchema" ifdguid="7f547f916dd0161c98241f608dd660d9" templatetype="PSET_TYPEDRIVENOVERRIDE" xsi:noNamespaceSchemaLocation="http://buildingSMART-tech.org/xml/psd/PSD_IFC4.xsd" xmlns="http://buildingSMART-tech.org/xml/psd/PSD_IFC4.xsd"><IfcVersion version="IFC4X3_RC4" /><Name>Pset_RailwayLevelCrossing</Name><Definition>Properties appliable to _IfcFacilityPart_ with PredefinedType set to LEVELCROSSING.</Definition><Applicability /><ApplicableClasses><ClassName>IfcFacilityPart/IfcFacilityPartCommonTypeEnum(.LEVELCROSSING.)</ClassName></ApplicableClasses><ApplicableTypeValue>IfcFacilityPart/IfcFacilityPartCommonTypeEnum(.LEVELCROSSING.)</ApplicableTypeValue><PropertyDefs><PropertyDef ifdguid="db1571054e0b497b8c1ce3ea5e52883d"><Name>IsAccessibleByVehicle</Name><Definition>Indicates whether the element is accessible by a vehicle or not.</Definition><PropertyType><TypePropertySingleValue><DataType type="IfcBoolean" /></TypePropertySingleValue></PropertyType><NameAliases /><DefinitionAliases /></PropertyDef><PropertyDef ifdguid="c08c3563d5e045cc930b7c6c9ca44937"><Name>HasRailDrainage</Name><Definition>Indicates whether there is rail drainage or not.</Definition><PropertyType><TypePropertySingleValue><DataType type="IfcBoolean" /></TypePropertySingleValue></PropertyType><NameAliases /><DefinitionAliases /></PropertyDef><PropertyDef ifdguid="4e1e33b0212043daa0d60e951c7640df"><Name>IsPrivateOwner</Name><Definition>Indicates if the owner of the crossed road is private or not.</Definition><PropertyType><TypePropertySingleValue><DataType type="IfcBoolean" /></TypePropertySingleValue></PropertyType><NameAliases /><DefinitionAliases /></PropertyDef><PropertyDef ifdguid="278fa11e89c34f7d9d5ab2531e8f5e15"><Name>PermissiblePavementLoad</Name><Definition>Permissible traffic load on the pavement.</Definition><PropertyType><TypePropertySingleValue><DataType type="IfcMassMeasure" /></TypePropertySingleValue></PropertyType><NameAliases /><DefinitionAliases /></PropertyDef><PropertyDef ifdguid="ef533305dda749399006cce40ee329a7"><Name>IsSecuredBySignalingSystem</Name><Definition>Indicates whether the level crossing is secured by a signalling system or not.</Definition><PropertyType><TypePropertySingleValue><DataType type="IfcBoolean" /></TypePropertySingleValue></PropertyType><NameAliases /><DefinitionAliases /></PropertyDef><PropertyDef ifdguid="5ecf3ad5d92a4829af41a32758c68409"><Name>IsExceptionalTransportRoute</Name><Definition>Indicates whether the route is suitable for exceptional transport (load, structure gauge, road),</Definition><PropertyType><TypePropertySingleValue><DataType type="IfcBoolean" /></TypePropertySingleValue></PropertyType><NameAliases /><DefinitionAliases /></PropertyDef></PropertyDefs><PsetDefinitionAliases /></PropertySetDef>