﻿<?xml version="1.0" encoding="utf-8"?><PropertySetDef xmlns:xsi="http://www.w3.org/2001/XMLSchema-instance" xmlns:xsd="http://www.w3.org/2001/XMLSchema" ifdguid="7c0f0ae289eaaff2895e6dadd205d796" templatetype="PSET_TYPEDRIVENOVERRIDE" xsi:noNamespaceSchemaLocation="http://buildingSMART-tech.org/xml/psd/PSD_IFC4.xsd" xmlns="http://buildingSMART-tech.org/xml/psd/PSD_IFC4.xsd"><IfcVersion version="IFC4X3_RC4" /><Name>Pset_CommunicationsApplianceTypeIntelligentPeripheral</Name><Definition>Properties common to a intelligent peripheral. This property set is applied to a type or occurrence of _IfcCommunicationsAppliance_ with predefined type of INTELLIGENT_PERIPHERAL.</Definition><Applicability /><ApplicableClasses><ClassName>IfcCommunicationsAppliance/INTELLIGENTPERIPHERAL</ClassName></ApplicableClasses><ApplicableTypeValue>IfcCommunicationsAppliance/INTELLIGENTPERIPHERAL</ApplicableTypeValue><PropertyDefs><PropertyDef ifdguid="a887d8e4dced459586812b35557cbe79"><Name>UserCapacity</Name><Definition>Indicates the user capacity of the device, defined as the maximum number of users that can be active at the same time.</Definition><PropertyType><TypePropertySingleValue><DataType type="IfcInteger" /></TypePropertySingleValue></PropertyType><NameAliases /><DefinitionAliases /></PropertyDef></PropertyDefs><PsetDefinitionAliases /></PropertySetDef>