﻿<?xml version="1.0" encoding="utf-8"?><PropertySetDef xmlns:xsi="http://www.w3.org/2001/XMLSchema-instance" xmlns:xsd="http://www.w3.org/2001/XMLSchema" ifdguid="42d4fb02c21540edbf76d054beb33ace" templatetype="PSET_TYPEDRIVENOVERRIDE" xsi:noNamespaceSchemaLocation="http://buildingSMART-tech.org/xml/psd/PSD_IFC4.xsd" xmlns="http://buildingSMART-tech.org/xml/psd/PSD_IFC4.xsd"><IfcVersion version="IFC4X3_RC4" /><Name>Pset_TrenchExcavationCommon</Name><Definition>Properties for a trench excavation.</Definition><Applicability /><ApplicableClasses><ClassName>IfcEarthworksCut/(.TRENCH.)</ClassName></ApplicableClasses><ApplicableTypeValue>IfcEarthworksCut/(.TRENCH.)</ApplicableTypeValue><PropertyDefs><PropertyDef ifdguid="118f1380d1e911e1800000215ad4efdf"><Name>NominalDepth</Name><Definition>Nominal Depth of the object</Definition><PropertyType><TypePropertySingleValue><DataType type="IfcNonNegativeLengthMeasure" /></TypePropertySingleValue></PropertyType><NameAliases><NameAlias lang="en">Nominal Depth</NameAlias><NameAlias lang="ja-JP">深さ</NameAlias></NameAliases><DefinitionAliases><DefinitionAlias lang="en" /><DefinitionAlias lang="ja-JP">装置の基礎に配管吸入口から測定した深さ。</DefinitionAlias></DefinitionAliases></PropertyDef><PropertyDef ifdguid="a28e9f226e204a909976810e633a45f4"><Name>NominalWidth</Name><Definition>The nominal width of the object.</Definition><PropertyType><TypePropertySingleValue><DataType type="IfcNonNegativeLengthMeasure" /></TypePropertySingleValue></PropertyType><NameAliases><NameAlias lang="en">Nominal Width</NameAlias><NameAlias lang="ja-JP">公称幅</NameAlias><NameAlias lang="ko-KR">공칭 폭</NameAlias></NameAliases><DefinitionAliases><DefinitionAlias lang="en" /><DefinitionAlias lang="ja-JP">呼び幅寸法。</DefinitionAlias><DefinitionAlias lang="ko-KR">폭 치수</DefinitionAlias></DefinitionAliases></PropertyDef></PropertyDefs><PsetDefinitionAliases /></PropertySetDef>