﻿<?xml version="1.0" encoding="utf-8"?><PropertySetDef xmlns:xsi="http://www.w3.org/2001/XMLSchema-instance" xmlns:xsd="http://www.w3.org/2001/XMLSchema" ifdguid="2e48892c63504835a3f2fc8e64e88a3b" templatetype="PSET_OCCURRENCEDRIVEN" xsi:noNamespaceSchemaLocation="http://buildingSMART-tech.org/xml/psd/PSD_IFC4.xsd" xmlns="http://buildingSMART-tech.org/xml/psd/PSD_IFC4.xsd"><IfcVersion version="IFC4X3_RC4" /><Name>Pset_InstallationOccurrence</Name><Definition>Properties defining installation information for occurrences of element, asset or system.</Definition><Applicability /><ApplicableClasses><ClassName>IfcElement</ClassName><ClassName>IfcAsset</ClassName><ClassName>IfcSystem</ClassName></ApplicableClasses><ApplicableTypeValue>IfcElement,IfcAsset,IfcSystem</ApplicableTypeValue><PropertyDefs><PropertyDef ifdguid="ae12b18a7f554838bbfd81b2b54cdb71"><Name>InstallationDate</Name><Definition>Date on which the element is installed.</Definition><PropertyType><TypePropertySingleValue><DataType type="IfcDate" /></TypePropertySingleValue></PropertyType><NameAliases /><DefinitionAliases /></PropertyDef><PropertyDef ifdguid="429d16824433457fa1a805e581da5c4f"><Name>AcceptanceDate</Name><Definition>Date on which the element is accepted by the manager or administrator.</Definition><PropertyType><TypePropertySingleValue><DataType type="IfcDate" /></TypePropertySingleValue></PropertyType><NameAliases /><DefinitionAliases /></PropertyDef><PropertyDef ifdguid="0399d1df3ef2429fa231050678d21739"><Name>PutIntoOperationDate</Name><Definition>Date on which the element is put into operation.</Definition><PropertyType><TypePropertySingleValue><DataType type="IfcDate" /></TypePropertySingleValue></PropertyType><NameAliases /><DefinitionAliases /></PropertyDef></PropertyDefs><PsetDefinitionAliases /></PropertySetDef>