﻿<?xml version="1.0" encoding="utf-8"?><PropertySetDef xmlns:xsi="http://www.w3.org/2001/XMLSchema-instance" xmlns:xsd="http://www.w3.org/2001/XMLSchema" ifdguid="5ebede940dd924356e58fc092559338c" templatetype="PSET_TYPEDRIVENOVERRIDE" xsi:noNamespaceSchemaLocation="http://buildingSMART-tech.org/xml/psd/PSD_IFC4.xsd" xmlns="http://buildingSMART-tech.org/xml/psd/PSD_IFC4.xsd"><IfcVersion version="IFC4X3_RC4" /><Name>Pset_TicketVendingMachine</Name><Definition>Properties of ticket vending machine. The property set can be used by _IfcElectricAppliance_ with PredefinedType VENDINGMACHINE.</Definition><Applicability /><ApplicableClasses><ClassName>IfcElectricAppliance/VENDINGMACHINE</ClassName></ApplicableClasses><ApplicableTypeValue>IfcElectricAppliance/VENDINGMACHINE</ApplicableTypeValue><PropertyDefs><PropertyDef ifdguid="fcd5a049b4384ce1b009b6667ed9e694"><Name>TicketStuckRatio</Name><Definition>Indicates the ratio of tickets being stuck or jammed in the appliance.</Definition><PropertyType><TypePropertySingleValue><DataType type="IfcRatioMeasure" /></TypePropertySingleValue></PropertyType><NameAliases /><DefinitionAliases /></PropertyDef><PropertyDef ifdguid="3ac99a9942894850aabe3b9c533e43dd"><Name>MoneyStuckRatio</Name><Definition>Indicates the ratio of money being stuck or jammed in appliance.</Definition><PropertyType><TypePropertySingleValue><DataType type="IfcRatioMeasure" /></TypePropertySingleValue></PropertyType><NameAliases /><DefinitionAliases /></PropertyDef><PropertyDef ifdguid="671c8bfc822a4f9d99d60257dc8e733f"><Name>PaymentMethod</Name><Definition>Indicates the vending machine payment method.</Definition><PropertyType><TypePropertyEnumeratedValue><EnumList name="PEnum_PaymentMethod"><EnumItem>CASH</EnumItem><EnumItem>CARD</EnumItem><EnumItem>E_PAYMENT</EnumItem><EnumItem>OTHER</EnumItem><EnumItem>NOTKNOWN</EnumItem><EnumItem>UNSET</EnumItem></EnumList><ConstantList><ConstantDef><Name>CASH</Name><Definition>Payment by cash.</Definition><NameAliases /><DefinitionAliases /></ConstantDef><ConstantDef><Name>CARD</Name><Definition>Payment by debit or credit card.</Definition><NameAliases /><DefinitionAliases /></ConstantDef><ConstantDef><Name>E_PAYMENT</Name><Definition>E-payment.</Definition><NameAliases /><DefinitionAliases /></ConstantDef><ConstantDef><Name>OTHER</Name><Definition>required category not on scale</Definition><NameAliases><NameAlias lang="en">(other)</NameAlias></NameAliases><DefinitionAliases><DefinitionAlias lang="en">Value is not listed.</DefinitionAlias></DefinitionAliases></ConstantDef><ConstantDef><Name>NOTKNOWN</Name><Definition>Value is unkown</Definition><NameAliases><NameAlias lang="en">(unknown)</NameAlias></NameAliases><DefinitionAliases><DefinitionAlias lang="en">Value is unknown.</DefinitionAlias></DefinitionAliases></ConstantDef><ConstantDef><Name>UNSET</Name><Definition>Value has not been specified</Definition><NameAliases><NameAlias lang="en">(unset)</NameAlias></NameAliases><DefinitionAliases><DefinitionAlias lang="en">Value has not been specified.</DefinitionAlias></DefinitionAliases></ConstantDef></ConstantList></TypePropertyEnumeratedValue></PropertyType><NameAliases /><DefinitionAliases /></PropertyDef><PropertyDef ifdguid="fb072ee04999416391ee78f8f0797baa"><Name>TicketProductionSpeed</Name><Definition>Indicates the production speed of the ticket. It is measured by counting the number of tickets that can be produced per hour.</Definition><PropertyType><TypePropertySingleValue><DataType type="IfcIntegerCountRateMeasure" /></TypePropertySingleValue></PropertyType><NameAliases /><DefinitionAliases /></PropertyDef><PropertyDef ifdguid="6dd7cf3c645c474aa4ec2dd7351e2d3d"><Name>TicketVendingMachineType</Name><Definition>Indicates the type of ticket vending machine.</Definition><PropertyType><TypePropertyEnumeratedValue><EnumList name="PEnum_TicketVendingMachineType"><EnumItem>TICKETREDEMPTIONMACHINE</EnumItem><EnumItem>TICKETREFUNDINGMACHINE</EnumItem><EnumItem>TICKETVENDINGMACHINE</EnumItem><EnumItem>OTHER</EnumItem><EnumItem>NOTKNOWN</EnumItem><EnumItem>UNSET</EnumItem></EnumList><ConstantList><ConstantDef><Name>TICKETREDEMPTIONMACHINE</Name><Definition>Ticket redemption machine.</Definition><NameAliases /><DefinitionAliases /></ConstantDef><ConstantDef><Name>TICKETREFUNDINGMACHINE</Name><Definition>Ticket refunding machine.</Definition><NameAliases /><DefinitionAliases /></ConstantDef><ConstantDef><Name>TICKETVENDINGMACHINE</Name><Definition>Ticket vending machine.</Definition><NameAliases /><DefinitionAliases /></ConstantDef><ConstantDef><Name>OTHER</Name><Definition>required category not on scale</Definition><NameAliases><NameAlias lang="en">(other)</NameAlias></NameAliases><DefinitionAliases><DefinitionAlias lang="en">Value is not listed.</DefinitionAlias></DefinitionAliases></ConstantDef><ConstantDef><Name>NOTKNOWN</Name><Definition>Value is unkown</Definition><NameAliases><NameAlias lang="en">(unknown)</NameAlias></NameAliases><DefinitionAliases><DefinitionAlias lang="en">Value is unknown.</DefinitionAlias></DefinitionAliases></ConstantDef><ConstantDef><Name>UNSET</Name><Definition>Value has not been specified</Definition><NameAliases><NameAlias lang="en">(unset)</NameAlias></NameAliases><DefinitionAliases><DefinitionAlias lang="en">Value has not been specified.</DefinitionAlias></DefinitionAliases></ConstantDef></ConstantList></TypePropertyEnumeratedValue></PropertyType><NameAliases /><DefinitionAliases /></PropertyDef><PropertyDef ifdguid="a3c411f582074b42b450af0574b8879f"><Name>VendingMachineUserInterface</Name><Definition>Indicates the type of vending machine user interface.</Definition><PropertyType><TypePropertyEnumeratedValue><EnumList name="PEnum_VendingMachineUserInterface"><EnumItem>MOUSECHOOSETYPE</EnumItem><EnumItem>TOUCHSCREEN</EnumItem><EnumItem>TOUCH_TONE</EnumItem><EnumItem>OTHER</EnumItem><EnumItem>NOTKNOWN</EnumItem><EnumItem>UNSET</EnumItem></EnumList><ConstantList><ConstantDef><Name>MOUSECHOOSETYPE</Name><Definition>Mouse choose user interface.</Definition><NameAliases /><DefinitionAliases /></ConstantDef><ConstantDef><Name>TOUCHSCREEN</Name><Definition>Touch screen user interface.</Definition><NameAliases /><DefinitionAliases /></ConstantDef><ConstantDef><Name>TOUCH_TONE</Name><Definition>Touch tone user interface.</Definition><NameAliases /><DefinitionAliases /></ConstantDef><ConstantDef><Name>OTHER</Name><Definition>required category not on scale</Definition><NameAliases><NameAlias lang="en">(other)</NameAlias></NameAliases><DefinitionAliases><DefinitionAlias lang="en">Value is not listed.</DefinitionAlias></DefinitionAliases></ConstantDef><ConstantDef><Name>NOTKNOWN</Name><Definition>Value is unkown</Definition><NameAliases><NameAlias lang="en">(unknown)</NameAlias></NameAliases><DefinitionAliases><DefinitionAlias lang="en">Value is unknown.</DefinitionAlias></DefinitionAliases></ConstantDef><ConstantDef><Name>UNSET</Name><Definition>Value has not been specified</Definition><NameAliases><NameAlias lang="en">(unset)</NameAlias></NameAliases><DefinitionAliases><DefinitionAlias lang="en">Value has not been specified.</DefinitionAlias></DefinitionAliases></ConstantDef></ConstantList></TypePropertyEnumeratedValue></PropertyType><NameAliases /><DefinitionAliases /></PropertyDef></PropertyDefs><PsetDefinitionAliases /></PropertySetDef>