﻿<?xml version="1.0" encoding="utf-8"?><PropertySetDef xmlns:xsi="http://www.w3.org/2001/XMLSchema-instance" xmlns:xsd="http://www.w3.org/2001/XMLSchema" ifdguid="6ac826bd3932cd0dc3b3971d4f3978d8" templatetype="PSET_TYPEDRIVENOVERRIDE" xsi:noNamespaceSchemaLocation="http://buildingSMART-tech.org/xml/psd/PSD_IFC4.xsd" xmlns="http://buildingSMART-tech.org/xml/psd/PSD_IFC4.xsd"><IfcVersion version="IFC4X3_RC4" /><Name>Pset_SectioningDevice</Name><Definition>Properties of sectioning device used in railway. The property set can be used by the predefined type INSULATOR of IfcDiscreteAccessory.</Definition><Applicability /><ApplicableClasses><ClassName>IfcDiscreteAccessory/INSULATOR</ClassName></ApplicableClasses><ApplicableTypeValue>IfcDiscreteAccessory/INSULATOR</ApplicableTypeValue><PropertyDefs><PropertyDef ifdguid="6d3830d96dc84139a1341329075250cf"><Name>SectioningDeviceType</Name><Definition>Indicates the sectioning device type.</Definition><PropertyType><TypePropertySingleValue><DataType /></TypePropertySingleValue></PropertyType><NameAliases /><DefinitionAliases /></PropertyDef></PropertyDefs><PsetDefinitionAliases /></PropertySetDef>