﻿<?xml version="1.0" encoding="utf-8"?><PropertySetDef xmlns:xsi="http://www.w3.org/2001/XMLSchema-instance" xmlns:xsd="http://www.w3.org/2001/XMLSchema" ifdguid="d30bf543ce1742878f88dcea78c0c03f" templatetype="PSET_OCCURRENCEDRIVEN" xsi:noNamespaceSchemaLocation="http://buildingSMART-tech.org/xml/psd/PSD_IFC4.xsd" xmlns="http://buildingSMART-tech.org/xml/psd/PSD_IFC4.xsd"><IfcVersion version="IFC4X3_RC4" /><Name>Pset_DistributionBoardOccurrence</Name><Definition>Properties that may be applied to electric distribution board occurrences.</Definition><Applicability /><ApplicableClasses><ClassName>IfcElectricDistributionBoard</ClassName></ApplicableClasses><ApplicableTypeValue>IfcElectricDistributionBoard</ApplicableTypeValue><PropertyDefs><PropertyDef ifdguid="c8b9fc58cd024eeda3208ff916082beb"><Name>IsMain</Name><Definition>Identifies if the current instance is a main distribution point or topmost level in an electrical distribution hierarchy (= TRUE) or a sub-main distribution point (= FALSE).</Definition><PropertyType><TypePropertySingleValue><DataType type="IfcBoolean" /></TypePropertySingleValue></PropertyType><NameAliases><NameAlias lang="en">Is Main</NameAlias></NameAliases><DefinitionAliases><DefinitionAlias lang="en" /></DefinitionAliases></PropertyDef><PropertyDef ifdguid="421bd7510cf947d8982953510c16a01a"><Name>IsSkilledOperator</Name><Definition>Identifies if the current instance requires a skilled person or instructed person to perform operations on the distribution board (= TRUE) or whether operations may be performed by a person without appropriate skills or instruction (= FALSE).</Definition><PropertyType><TypePropertySingleValue><DataType type="IfcBoolean" /></TypePropertySingleValue></PropertyType><NameAliases><NameAlias lang="en">Is Skilled Operator</NameAlias></NameAliases><DefinitionAliases><DefinitionAlias lang="en" /></DefinitionAliases></PropertyDef></PropertyDefs><PsetDefinitionAliases><PsetDefinitionAlias lang="en" /></PsetDefinitionAliases></PropertySetDef>