﻿<?xml version="1.0" encoding="utf-8"?><PropertySetDef xmlns:xsi="http://www.w3.org/2001/XMLSchema-instance" xmlns:xsd="http://www.w3.org/2001/XMLSchema" ifdguid="12aed4cd3e2c8fc63ec9c3303a6c16fd" templatetype="PSET_TYPEDRIVENOVERRIDE" xsi:noNamespaceSchemaLocation="http://buildingSMART-tech.org/xml/psd/PSD_IFC4.xsd" xmlns="http://buildingSMART-tech.org/xml/psd/PSD_IFC4.xsd"><IfcVersion version="IFC4X3_RC4" /><Name>Pset_AudioVisualApplianceTypeRailwayCommunicationTerminal</Name><Definition>Properties used for railway communication terminals.</Definition><Applicability /><ApplicableClasses><ClassName>IfcAudioVisualAppliance/COMMUNICATIONTERMINAL</ClassName></ApplicableClasses><ApplicableTypeValue>IfcAudioVisualAppliance/COMMUNICATIONTERMINAL</ApplicableTypeValue><PropertyDefs><PropertyDef ifdguid="c3a816ab458740db9e362d0decb81b5f"><Name>RailwayCommunicationTerminalType</Name><Definition>Indicates the type of railway communication terminal.</Definition><PropertyType><TypePropertyEnumeratedValue><EnumList name="PEnum_RailwayCommunicationTerminalType"><EnumItem>IP</EnumItem><EnumItem>LEGACY</EnumItem><EnumItem>OTHER</EnumItem><EnumItem>NOTKNOWN</EnumItem><EnumItem>UNSET</EnumItem></EnumList><ConstantList><ConstantDef><Name>IP</Name><NameAliases /><DefinitionAliases /></ConstantDef><ConstantDef><Name>LEGACY</Name><NameAliases /><DefinitionAliases /></ConstantDef><ConstantDef><Name>OTHER</Name><Definition>required category not on scale</Definition><NameAliases><NameAlias lang="en">(other)</NameAlias></NameAliases><DefinitionAliases><DefinitionAlias lang="en">Value is not listed.</DefinitionAlias></DefinitionAliases></ConstantDef><ConstantDef><Name>NOTKNOWN</Name><Definition>Value is unkown</Definition><NameAliases><NameAlias lang="en">(unknown)</NameAlias></NameAliases><DefinitionAliases><DefinitionAlias lang="en">Value is unknown.</DefinitionAlias></DefinitionAliases></ConstantDef><ConstantDef><Name>UNSET</Name><Definition>Value has not been specified</Definition><NameAliases><NameAlias lang="en">(unset)</NameAlias></NameAliases><DefinitionAliases><DefinitionAlias lang="en">Value has not been specified.</DefinitionAlias></DefinitionAliases></ConstantDef></ConstantList></TypePropertyEnumeratedValue></PropertyType><NameAliases /><DefinitionAliases /></PropertyDef></PropertyDefs><PsetDefinitionAliases /></PropertySetDef>