﻿<?xml version="1.0" encoding="utf-8"?><PropertySetDef xmlns:xsi="http://www.w3.org/2001/XMLSchema-instance" xmlns:xsd="http://www.w3.org/2001/XMLSchema" ifdguid="f22d97fa54da4b948c362e32d01e9baa" templatetype="PSET_TYPEDRIVENOVERRIDE" xsi:noNamespaceSchemaLocation="http://buildingSMART-tech.org/xml/psd/PSD_IFC4.xsd" xmlns="http://buildingSMART-tech.org/xml/psd/PSD_IFC4.xsd"><IfcVersion version="IFC4X3_RC4" /><Name>Pset_TransportEquipmentOTN</Name><Definition>Properties in this property set are applied to transport equipment that act in optical transport network (OTN) system.</Definition><Applicability /><ApplicableClasses><ClassName>IfcCommunicationsAppliance/TRANSPORTEQUIPMENT</ClassName></ApplicableClasses><ApplicableTypeValue>IfcCommunicationsAppliance/TRANSPORTEQUIPMENT</ApplicableTypeValue><PropertyDefs><PropertyDef ifdguid="f52fff9db6bf467088c38e1c807dc986"><Name>SingleChannelAveragePower</Name><Definition>Indicates the average power of a single channel of the transport equipment.</Definition><PropertyType><TypePropertySingleValue><DataType type="IfcPowerMeasure" /></TypePropertySingleValue></PropertyType><NameAliases /><DefinitionAliases /></PropertyDef><PropertyDef ifdguid="50307c049b7f4e59b1b66dfd82fdbb6c"><Name>ChromaticDispersionTolerance</Name><Definition>Indicates the tolerance of the transport equipment chromatic dispersion. The value is defined by picosecond per nanometer (ps/nm).</Definition><PropertyType><TypePropertySingleValue><DataType type="IfcReal" /></TypePropertySingleValue></PropertyType><NameAliases /><DefinitionAliases /></PropertyDef><PropertyDef ifdguid="85de6e5aff9e476dbceb91ed65690965"><Name>SingleChannelPower</Name><Definition>Indicates the power range of a single channel of the transport equipment.</Definition><PropertyType><TypePropertyBoundedValue><DataType type="IfcPowerMeasure" /></TypePropertyBoundedValue></PropertyType><NameAliases /><DefinitionAliases /></PropertyDef><PropertyDef ifdguid="35affd668e6542eaad7f4b9f3c98be69"><Name>MinimumOpticalSignalToNoiseRatio</Name><Definition>Indicates the minimum optical signal to noise ratio of the transport equipment.</Definition><PropertyType><TypePropertySingleValue><DataType type="IfcRatioMeasure" /></TypePropertySingleValue></PropertyType><NameAliases /><DefinitionAliases /></PropertyDef><PropertyDef ifdguid="6f269d0a6b6f45d1b2618be5ab084117"><Name>PolarizationModeDispersionTolerance</Name><Definition>Indicates the polarization mode dispersion tolerance of the transport equipment. It is usually measured by picosecond.</Definition><PropertyType><TypePropertySingleValue><DataType type="IfcTimeMeasure" /></TypePropertySingleValue></PropertyType><NameAliases /><DefinitionAliases /></PropertyDef><PropertyDef ifdguid="7ea9711a569f499aba7bc1efaa992528"><Name>SingleWaveTransmissionRate</Name><Definition>Indicates the single wave transmission rate of the transport equipment.</Definition><PropertyType><TypePropertySingleValue><DataType type="IfcFrequencyMeasure" /></TypePropertySingleValue></PropertyType><NameAliases /><DefinitionAliases /></PropertyDef><PropertyDef ifdguid="c7dbd2087217434d8e65d732a512e968"><Name>EquipmentCapacity</Name><Definition>Indicates the equipment capacity of the appliance. The value is defined in bits/s.</Definition><PropertyType><TypePropertySingleValue><DataType type="IfcIntegerCountRateMeasure" /></TypePropertySingleValue></PropertyType><NameAliases /><DefinitionAliases /></PropertyDef></PropertyDefs><PsetDefinitionAliases /></PropertySetDef>