﻿<?xml version="1.0" encoding="utf-8"?><PropertySetDef xmlns:xsi="http://www.w3.org/2001/XMLSchema-instance" xmlns:xsd="http://www.w3.org/2001/XMLSchema" ifdguid="d76874ad8e0ecfe3306bff3651c194dd" templatetype="PSET_TYPEDRIVENOVERRIDE" xsi:noNamespaceSchemaLocation="http://buildingSMART-tech.org/xml/psd/PSD_IFC4.xsd" xmlns="http://buildingSMART-tech.org/xml/psd/PSD_IFC4.xsd"><IfcVersion version="IFC4X3_RC4" /><Name>Pset_ElectricalDeviceCompliance</Name><Definition>Properties related to information about compliance to standards or regulations of electric devices.</Definition><Applicability /><ApplicableClasses><ClassName>IfcDistributionElement</ClassName></ApplicableClasses><ApplicableTypeValue>IfcDistributionElement</ApplicableTypeValue><PropertyDefs><PropertyDef ifdguid="ba90df7af6e64ec292f13707ccd0d7d4"><Name>ElectroMagneticStandardsCompliance</Name><Definition>Information about compliance with regard to electro magnetic related standards.</Definition><PropertyType><TypePropertyTableValue><Expression /><DefiningValue><DataType type="IfcLabel" /></DefiningValue><DefinedValue><DataType type="IfcBoolean" /></DefinedValue></TypePropertyTableValue></PropertyType><NameAliases /><DefinitionAliases /></PropertyDef><PropertyDef ifdguid="c57e3ccdfade417ba4544eda2ad5d3db"><Name>ExplosiveAtmosphereStandardsCompliance</Name><Definition>Information about compliance with regard to explosive atmosphere related standards.</Definition><PropertyType><TypePropertyTableValue><Expression /><DefiningValue><DataType type="IfcLabel" /></DefiningValue><DefinedValue><DataType type="IfcBoolean" /></DefinedValue></TypePropertyTableValue></PropertyType><NameAliases /><DefinitionAliases /></PropertyDef><PropertyDef ifdguid="6c2a54aa7f4849619b5bd20bbd43c555"><Name>FireProofingStandardsCompliance</Name><Definition>Information about compliance with regard to fire proofing related standards.</Definition><PropertyType><TypePropertyTableValue><Expression /><DefiningValue><DataType type="IfcLabel" /></DefiningValue><DefinedValue><DataType type="IfcBoolean" /></DefinedValue></TypePropertyTableValue></PropertyType><NameAliases /><DefinitionAliases /></PropertyDef><PropertyDef ifdguid="7166ed24ccdd4e0ea3ed7e87f55fc4b9"><Name>LightningProtectionStandardsCompliance</Name><Definition>Information about compliance with regard to lightning protection related standards.</Definition><PropertyType><TypePropertyTableValue><Expression /><DefiningValue><DataType type="IfcLabel" /></DefiningValue><DefinedValue><DataType type="IfcBoolean" /></DefinedValue></TypePropertyTableValue></PropertyType><NameAliases /><DefinitionAliases /></PropertyDef></PropertyDefs><PsetDefinitionAliases /></PropertySetDef>