﻿<?xml version="1.0" encoding="utf-8"?><PropertySetDef xmlns:xsi="http://www.w3.org/2001/XMLSchema-instance" xmlns:xsd="http://www.w3.org/2001/XMLSchema" ifdguid="f383c4cdc2304ae4bb5eedd13912144e" xsi:noNamespaceSchemaLocation="http://buildingSMART-tech.org/xml/psd/PSD_IFC4.xsd" xmlns="http://buildingSMART-tech.org/xml/psd/PSD_IFC4.xsd"><IfcVersion version="IFC4X3_RC4" /><Name>Pset_MobileTelecommunicationsApplianceTypeCommon</Name><Definition>Properties common to the definition of all occurrences of  _IfcMobileTelecommunicationsAppliance_ and types of _IfcMobileTelecommunicationsApplianceType_.</Definition><Applicability /><ApplicableClasses><ClassName>IfcMobileTelecommunicationsAppliance</ClassName></ApplicableClasses><ApplicableTypeValue>IfcMobileTelecommunicationsAppliance</ApplicableTypeValue><PropertyDefs><PropertyDef ifdguid="00cda600d1c711e1800000215ad4efdf"><Name>Reference</Name><Definition>Reference ID for this specified type in this project (e.g. type 'A-1'), provided, if there is no classification reference to a recognized classification system used.</Definition><PropertyType><TypePropertySingleValue><DataType type="IfcIdentifier" /></TypePropertySingleValue></PropertyType><NameAliases><NameAlias lang="en">Reference</NameAlias><NameAlias lang="ja-JP">参照</NameAlias><NameAlias lang="ko-KR">참조</NameAlias></NameAliases><DefinitionAliases><DefinitionAlias lang="en" /><DefinitionAlias lang="ja-JP">当該プロジェクトで定義する形式の参照ID（例：A-1)、承認された分類に存在しないときに使用される。</DefinitionAlias><DefinitionAlias lang="ko-KR">해당 프로젝트에 정의된 형식의 참조 ID (예 : A-1) 승인된 분류에 존재하지 않을 때 사용된다.</DefinitionAlias></DefinitionAliases></PropertyDef><PropertyDef ifdguid="00093400d20811e1800000215ad4efdf"><Name>Status</Name><Definition>Status of the element, predominately used in renovation or retrofitting projects. The status can be assigned to as "New" - element designed as new addition, "Existing" - element exists and remains, "Demolish" - element existed but is to be demolished,  "Temporary" - element will exists only temporary (like a temporary support structure).</Definition><PropertyType><TypePropertyEnumeratedValue><EnumList name="PEnum_ElementStatus"><EnumItem>NEW</EnumItem><EnumItem>EXISTING</EnumItem><EnumItem>DEMOLISH</EnumItem><EnumItem>TEMPORARY</EnumItem><EnumItem>OTHER</EnumItem><EnumItem>NOTKNOWN</EnumItem><EnumItem>UNSET</EnumItem></EnumList><ConstantList><ConstantDef><Name>NEW</Name><Definition>element designed as new addition</Definition><NameAliases><NameAlias lang="en">New</NameAlias></NameAliases><DefinitionAliases /></ConstantDef><ConstantDef><Name>EXISTING</Name><Definition>element exists and is to remain</Definition><NameAliases><NameAlias lang="en">Existing</NameAlias></NameAliases><DefinitionAliases /></ConstantDef><ConstantDef><Name>DEMOLISH</Name><Definition>element exists but is to be demolished</Definition><NameAliases><NameAlias lang="en">Demolish</NameAlias></NameAliases><DefinitionAliases /></ConstantDef><ConstantDef><Name>TEMPORARY</Name><Definition>element will exist only temporarily (such as a temporary support structure)</Definition><NameAliases><NameAlias lang="en">Temporary</NameAlias></NameAliases><DefinitionAliases /></ConstantDef><ConstantDef><Name>OTHER</Name><Definition>required category not on scale</Definition><NameAliases><NameAlias lang="en">(other)</NameAlias></NameAliases><DefinitionAliases><DefinitionAlias lang="en">Value is not listed.</DefinitionAlias></DefinitionAliases></ConstantDef><ConstantDef><Name>NOTKNOWN</Name><Definition>Value is unkown</Definition><NameAliases><NameAlias lang="en">(unknown)</NameAlias></NameAliases><DefinitionAliases><DefinitionAlias lang="en">Value is unknown.</DefinitionAlias></DefinitionAliases></ConstantDef><ConstantDef><Name>UNSET</Name><Definition>Value has not been specified</Definition><NameAliases><NameAlias lang="en">(unset)</NameAlias></NameAliases><DefinitionAliases><DefinitionAlias lang="en">Value has not been specified.</DefinitionAlias></DefinitionAliases></ConstantDef></ConstantList></TypePropertyEnumeratedValue></PropertyType><NameAliases><NameAlias lang="de-DE">Status</NameAlias><NameAlias lang="en">Status</NameAlias><NameAlias lang="fr-FR">Statut</NameAlias><NameAlias lang="ja-JP">状態</NameAlias></NameAliases><DefinitionAliases><DefinitionAlias lang="de-DE">Status bzw. Phase des Bauteils insbesondere beim Bauen im Bestand. "Neu" (new) neues Bauteil als Ergänzung, "Bestand" (existing) bestehendes Bauteil, dass erhalten bleibt, "Abbruch" (demolish) Bauteil, das abgebrochen wird, "Temporär" (temporary) Bauteil und andere Bauelemente, die vorübergehend eingebaut werden (wie Abstützungen, etc.)</DefinitionAlias><DefinitionAlias lang="en" /><DefinitionAlias lang="fr-FR">Statut de l'élément, principalement utilisé dans les projets de rénovation et de réhabilitation. Le statut a pour valeur NOUVEAU pour un nouvel élément, EXISTANT pour un élément existant qui est conservé, DEMOLI pour un élément existant à démolir et TEMPORAIRE pour un élément temporaire (comme une structure support provisoire).</DefinitionAlias><DefinitionAlias lang="ja-JP">要素（主にリノベーションまたは改修プロジェクトにおいて）の状態。 状態は、「新規(New)」－新しく追加される要素。「既存」－要素は存在し、かつ残りもの。「破壊」－要素は存在したが、廃棄されるもの。「一時的」－一時的に存在する要素（一時的にサポートしている構造のようなもの）。</DefinitionAlias></DefinitionAliases></PropertyDef></PropertyDefs><PsetDefinitionAliases /></PropertySetDef>