﻿<?xml version="1.0" encoding="utf-8"?><PropertySetDef xmlns:xsi="http://www.w3.org/2001/XMLSchema-instance" xmlns:xsd="http://www.w3.org/2001/XMLSchema" ifdguid="6564c70dfdb54a1281d0163ad146bbfc" templatetype="PSET_TYPEDRIVENOVERRIDE" xsi:noNamespaceSchemaLocation="http://buildingSMART-tech.org/xml/psd/PSD_IFC4.xsd" xmlns="http://buildingSMART-tech.org/xml/psd/PSD_IFC4.xsd"><IfcVersion version="IFC4X3_RC4" /><Name>Pset_ElementComponentCommon</Name><Definition>Set of common properties of component elements (especially discrete accessories, but also fasteners, reinforcement elements, or other types of components).</Definition><Applicability /><ApplicableClasses><ClassName>IfcElementComponent</ClassName></ApplicableClasses><ApplicableTypeValue>IfcElementComponent</ApplicableTypeValue><PropertyDefs><PropertyDef ifdguid="7525c67c0faa44ba995f99d07b72dd31"><Name>Reference</Name><Definition>Reference ID for this specified type in this project (e.g. type 'A-1'), Also referred to as "construction type". It should be provided as an alternative to the name of the "object type", if the software does not support object types.</Definition><PropertyType><TypePropertySingleValue><DataType type="IfcIdentifier" /></TypePropertySingleValue></PropertyType><NameAliases><NameAlias lang="en">Reference</NameAlias><NameAlias lang="ja-JP">参照記号</NameAlias></NameAliases><DefinitionAliases><DefinitionAlias lang="en" /><DefinitionAlias lang="ja-JP">具体的な参照ID（例えば、“WWS/VS1/400/001”はWWS系統、VS1/400サブシステム001番部品）。</DefinitionAlias></DefinitionAliases></PropertyDef><PropertyDef ifdguid="56f08e40f4ec44468b85b83294b65e5f"><Name>Status</Name><Definition>Status of the element, predominately used in renovation or retrofitting projects. The status can be assigned to as "New" - element designed as new addition, "Existing" - element exists and remains, "Demolish" - element existed but is to be demolished,  "Temporary" - element will exists only temporary (like a temporary support structure).</Definition><PropertyType><TypePropertyEnumeratedValue><EnumList name="PEnum_ElementStatus"><EnumItem>NEW</EnumItem><EnumItem>EXISTING</EnumItem><EnumItem>DEMOLISH</EnumItem><EnumItem>TEMPORARY</EnumItem><EnumItem>OTHER</EnumItem><EnumItem>NOTKNOWN</EnumItem><EnumItem>UNSET</EnumItem></EnumList><ConstantList><ConstantDef><Name>NEW</Name><Definition>element designed as new addition</Definition><NameAliases><NameAlias lang="en">New</NameAlias></NameAliases><DefinitionAliases /></ConstantDef><ConstantDef><Name>EXISTING</Name><Definition>element exists and is to remain</Definition><NameAliases><NameAlias lang="en">Existing</NameAlias></NameAliases><DefinitionAliases /></ConstantDef><ConstantDef><Name>DEMOLISH</Name><Definition>element exists but is to be demolished</Definition><NameAliases><NameAlias lang="en">Demolish</NameAlias></NameAliases><DefinitionAliases /></ConstantDef><ConstantDef><Name>TEMPORARY</Name><Definition>element will exist only temporarily (such as a temporary support structure)</Definition><NameAliases><NameAlias lang="en">Temporary</NameAlias></NameAliases><DefinitionAliases /></ConstantDef><ConstantDef><Name>OTHER</Name><Definition>required category not on scale</Definition><NameAliases><NameAlias lang="en">(other)</NameAlias></NameAliases><DefinitionAliases><DefinitionAlias lang="en">Value is not listed.</DefinitionAlias></DefinitionAliases></ConstantDef><ConstantDef><Name>NOTKNOWN</Name><Definition>Value is unkown</Definition><NameAliases><NameAlias lang="en">(unknown)</NameAlias></NameAliases><DefinitionAliases><DefinitionAlias lang="en">Value is unknown.</DefinitionAlias></DefinitionAliases></ConstantDef><ConstantDef><Name>UNSET</Name><Definition>Value has not been specified</Definition><NameAliases><NameAlias lang="en">(unset)</NameAlias></NameAliases><DefinitionAliases><DefinitionAlias lang="en">Value has not been specified.</DefinitionAlias></DefinitionAliases></ConstantDef></ConstantList></TypePropertyEnumeratedValue></PropertyType><NameAliases><NameAlias lang="en">Status</NameAlias><NameAlias lang="ja-JP">状態</NameAlias></NameAliases><DefinitionAliases><DefinitionAlias lang="en" /><DefinitionAlias lang="ja-JP">要素（主にリノベーションまたは改修プロジェクトにおいて）の状態。 状態は、「新規(New)」－新しく追加される要素。「既存」－要素は存在し、かつ残りもの。「破壊」－要素は存在したが、廃棄されるもの。「一時的」－一時的に存在する要素（一時的にサポートしている構造のようなもの）。</DefinitionAlias></DefinitionAliases></PropertyDef><PropertyDef ifdguid="292f5db4336e4b319ebdd91a1ab594ab"><Name>DeliveryType</Name><Definition>Determines how the accessory will be delivered to the site.</Definition><PropertyType><TypePropertyEnumeratedValue><EnumList name="PEnum_ElementComponentDeliveryType"><EnumItem>CAST_IN_PLACE</EnumItem><EnumItem>WELDED_TO_STRUCTURE</EnumItem><EnumItem>LOOSE</EnumItem><EnumItem>ATTACHED_FOR_DELIVERY</EnumItem><EnumItem>PRECAST</EnumItem><EnumItem>NOTDEFINED</EnumItem></EnumList><ConstantList><ConstantDef><Name>CAST_IN_PLACE</Name><NameAliases><NameAlias lang="en">Cast In Place</NameAlias></NameAliases><DefinitionAliases /></ConstantDef><ConstantDef><Name>WELDED_TO_STRUCTURE</Name><NameAliases><NameAlias lang="en">Welded To Structure</NameAlias></NameAliases><DefinitionAliases /></ConstantDef><ConstantDef><Name>LOOSE</Name><NameAliases><NameAlias lang="en">Loose</NameAlias></NameAliases><DefinitionAliases /></ConstantDef><ConstantDef><Name>ATTACHED_FOR_DELIVERY</Name><NameAliases><NameAlias lang="en">Attached For Delivery</NameAlias></NameAliases><DefinitionAliases /></ConstantDef><ConstantDef><Name>PRECAST</Name><NameAliases><NameAlias lang="en">Precast</NameAlias></NameAliases><DefinitionAliases /></ConstantDef><ConstantDef><Name>NOTDEFINED</Name><NameAliases><NameAlias lang="en">Notdefined</NameAlias></NameAliases><DefinitionAliases /></ConstantDef></ConstantList></TypePropertyEnumeratedValue></PropertyType><NameAliases><NameAlias lang="en">Delivery Type</NameAlias></NameAliases><DefinitionAliases><DefinitionAlias lang="en" /></DefinitionAliases></PropertyDef><PropertyDef ifdguid="f7b199ec69184e05b9a8d4dc3a89f6d7"><Name>CorrosionTreatment</Name><Definition>Determines corrosion treatment for metal components. This property is provided if the requirement needs to be expressed (a) independently of a material specification and (b) as a mere requirements statement rather than a workshop design/ processing feature.</Definition><PropertyType><TypePropertyEnumeratedValue><EnumList name="PEnum_ElementComponentCorrosionTreatment"><EnumItem>PAINTED</EnumItem><EnumItem>EPOXYCOATED</EnumItem><EnumItem>GALVANISED</EnumItem><EnumItem>STAINLESS</EnumItem><EnumItem>NONE</EnumItem><EnumItem>NOTDEFINED</EnumItem></EnumList><ConstantList><ConstantDef><Name>PAINTED</Name><NameAliases><NameAlias lang="en">Painted</NameAlias></NameAliases><DefinitionAliases /></ConstantDef><ConstantDef><Name>EPOXYCOATED</Name><NameAliases><NameAlias lang="en">Epoxy Coated</NameAlias></NameAliases><DefinitionAliases /></ConstantDef><ConstantDef><Name>GALVANISED</Name><NameAliases><NameAlias lang="en">Galvanised</NameAlias></NameAliases><DefinitionAliases /></ConstantDef><ConstantDef><Name>STAINLESS</Name><NameAliases><NameAlias lang="en">Stainless</NameAlias></NameAliases><DefinitionAliases /></ConstantDef><ConstantDef><Name>NONE</Name><Definition>No waterproof.</Definition><NameAliases><NameAlias lang="en">None</NameAlias></NameAliases><DefinitionAliases><DefinitionAlias lang="en">None, empty or no additional action or function.</DefinitionAlias></DefinitionAliases></ConstantDef><ConstantDef><Name>NOTDEFINED</Name><NameAliases><NameAlias lang="en">Notdefined</NameAlias></NameAliases><DefinitionAliases /></ConstantDef></ConstantList></TypePropertyEnumeratedValue></PropertyType><NameAliases><NameAlias lang="en">Corrosion Treatment</NameAlias></NameAliases><DefinitionAliases><DefinitionAlias lang="en" /></DefinitionAliases></PropertyDef></PropertyDefs><PsetDefinitionAliases><PsetDefinitionAlias lang="en" /></PsetDefinitionAliases></PropertySetDef>