﻿<?xml version="1.0" encoding="utf-8"?><PropertySetDef xmlns:xsi="http://www.w3.org/2001/XMLSchema-instance" xmlns:xsd="http://www.w3.org/2001/XMLSchema" ifdguid="7a8ade1ba8944e3cda3b6baa6fa635e7" templatetype="PSET_TYPEDRIVENOVERRIDE" xsi:noNamespaceSchemaLocation="http://buildingSMART-tech.org/xml/psd/PSD_IFC4.xsd" xmlns="http://buildingSMART-tech.org/xml/psd/PSD_IFC4.xsd"><IfcVersion version="IFC4X3_RC4" /><Name>Pset_RailTypeStockRail</Name><Definition>Properties common to IfcRail types and occurrences with PredefinedType set to STOCKRAIL.</Definition><Applicability /><ApplicableClasses><ClassName>IfcRail/STOCKRAIL</ClassName></ApplicableClasses><ApplicableTypeValue>IfcRail/STOCKRAIL</ApplicableTypeValue><PropertyDefs><PropertyDef ifdguid="5091552b910441ffb122cefca8f5ea38"><Name>StockRailRadius</Name><Definition>The radius of the stock rail bend defined as design parameter.</Definition><PropertyType><TypePropertySingleValue><DataType type="IfcPositiveLengthMeasure" /></TypePropertySingleValue></PropertyType><NameAliases /><DefinitionAliases /></PropertyDef><PropertyDef ifdguid="a5a10d96931346f595b02d2804562f9a"><Name>InstallationPlan</Name><Definition>Reference to external information source about installation or construction plan of the element.</Definition><PropertyType><TypePropertyReferenceValue reftype="IfcExternalReference" /></PropertyType><NameAliases /><DefinitionAliases /></PropertyDef><PropertyDef ifdguid="076d1500d1e911e1800000215ad4efdf"><Name>NominalLength</Name><Definition>Nominal length of the object.</Definition><PropertyType><TypePropertySingleValue><DataType type="IfcNonNegativeLengthMeasure" /></TypePropertySingleValue></PropertyType><NameAliases><NameAlias lang="en">Nominal Length</NameAlias></NameAliases><DefinitionAliases><DefinitionAlias lang="en" /></DefinitionAliases></PropertyDef></PropertyDefs><PsetDefinitionAliases /></PropertySetDef>