﻿<?xml version="1.0" encoding="utf-8"?><PropertySetDef xmlns:xsi="http://www.w3.org/2001/XMLSchema-instance" xmlns:xsd="http://www.w3.org/2001/XMLSchema" ifdguid="bf675e6a40fb4635b0b12cf1f7fca4cb" templatetype="PSET_TYPEDRIVENOVERRIDE" xsi:noNamespaceSchemaLocation="http://buildingSMART-tech.org/xml/psd/PSD_IFC4.xsd" xmlns="http://buildingSMART-tech.org/xml/psd/PSD_IFC4.xsd"><IfcVersion version="IFC4X3_RC4" /><Name>Pset_QuayCommon</Name><Definition>Properties common to the definition of all occurrences of _IfcMarineFacility_ with the predefined type set to QUAY.</Definition><Applicability /><ApplicableClasses><ClassName>IfcMarineFacility/QUAY</ClassName></ApplicableClasses><ApplicableTypeValue>IfcMarineFacility/QUAY</ApplicableTypeValue><PropertyDefs><PropertyDef ifdguid="2651e345e6f348fea17237985bf893d8"><Name>StructuralType</Name><Definition>Structural type of the object</Definition><PropertyType><TypePropertySingleValue><DataType type="IfcLabel" /></TypePropertySingleValue></PropertyType><NameAliases /><DefinitionAliases /></PropertyDef><PropertyDef ifdguid="efe3cd6a805a425a96e4f4454222aa9a"><Name>BentSpacing</Name><Definition>Bent (upright) spacing</Definition><PropertyType><TypePropertySingleValue><DataType type="IfcLengthMeasure" /></TypePropertySingleValue></PropertyType><NameAliases /><DefinitionAliases /></PropertyDef><PropertyDef ifdguid="57a92a628db749b485d71af4c2a71ee1"><Name>QuaySectionType</Name><Definition>Whether the structure presents a solid/closed barrier to the passage of water or is open.</Definition><PropertyType><TypePropertyEnumeratedValue><EnumList name="PEnum_SectionType"><EnumItem>OPEN</EnumItem><EnumItem>CLOSED</EnumItem></EnumList><ConstantList><ConstantDef><Name>OPEN</Name><Definition>Open section which allows the flow of fluids to pass through the structure.</Definition><NameAliases /><DefinitionAliases /></ConstantDef><ConstantDef><Name>CLOSED</Name><NameAliases /><DefinitionAliases /></ConstantDef></ConstantList></TypePropertyEnumeratedValue></PropertyType><NameAliases /><DefinitionAliases /></PropertyDef><PropertyDef ifdguid="8c5d659962eb4a189c9963726541d93a"><Name>Elevation</Name><Definition>Elevation of the entity</Definition><PropertyType><TypePropertySingleValue><DataType type="IfcLengthMeasure" /></TypePropertySingleValue></PropertyType><NameAliases /><DefinitionAliases /></PropertyDef></PropertyDefs><PsetDefinitionAliases /></PropertySetDef>