﻿<?xml version="1.0" encoding="utf-8"?><PropertySetDef xmlns:xsi="http://www.w3.org/2001/XMLSchema-instance" xmlns:xsd="http://www.w3.org/2001/XMLSchema" ifdguid="882d1080d1eb11e1800000215ad4efdf" templatetype="PSET_TYPEDRIVENOVERRIDE" xsi:noNamespaceSchemaLocation="http://buildingSMART-tech.org/xml/psd/PSD_IFC4.xsd" xmlns="http://buildingSMART-tech.org/xml/psd/PSD_IFC4.xsd"><IfcVersion version="IFC4X3_RC4" /><Name>Pset_LightFixtureTypeCommon</Name><Definition>Common data for light fixtures.
History: IFC4 - Article number and manufacturer specific information deleted. Use Pset_ManufacturerTypeInformation. ArticleNumber instead.   Load properties moved from Pset_LightFixtureTypeThermal (deleted).</Definition><Applicability /><ApplicableClasses><ClassName>IfcLightFixture</ClassName></ApplicableClasses><ApplicableTypeValue>IfcLightFixture</ApplicableTypeValue><PropertyDefs><PropertyDef ifdguid="8ebb8800d1eb11e1800000215ad4efdf"><Name>Reference</Name><Definition>Reference ID for this specified type in this project (e.g. type 'A-1'), provided, if there is no classification reference to a recognized classification system used.</Definition><PropertyType><TypePropertySingleValue><DataType type="IfcIdentifier" /></TypePropertySingleValue></PropertyType><NameAliases><NameAlias lang="en">Reference</NameAlias><NameAlias lang="ja-JP">参照</NameAlias></NameAliases><DefinitionAliases><DefinitionAlias lang="en" /><DefinitionAlias lang="ja-JP">当該プロジェクトで定義する形式の参照ID（例：A-1)、承認された分類に存在しないときに使用される。</DefinitionAlias></DefinitionAliases></PropertyDef><PropertyDef ifdguid="9549ff80d1eb11e1800000215ad4efdf"><Name>Status</Name><Definition>Status of the element, predominately used in renovation or retrofitting projects. The status can be assigned to as "New" - element designed as new addition, "Existing" - element exists and remains, "Demolish" - element existed but is to be demolished,  "Temporary" - element will exists only temporary (like a temporary support structure).</Definition><PropertyType><TypePropertyEnumeratedValue><EnumList name="PEnum_ElementStatus"><EnumItem>NEW</EnumItem><EnumItem>EXISTING</EnumItem><EnumItem>DEMOLISH</EnumItem><EnumItem>TEMPORARY</EnumItem><EnumItem>OTHER</EnumItem><EnumItem>NOTKNOWN</EnumItem><EnumItem>UNSET</EnumItem></EnumList><ConstantList><ConstantDef><Name>NEW</Name><Definition>element designed as new addition</Definition><NameAliases><NameAlias lang="en">New</NameAlias></NameAliases><DefinitionAliases /></ConstantDef><ConstantDef><Name>EXISTING</Name><Definition>element exists and is to remain</Definition><NameAliases><NameAlias lang="en">Existing</NameAlias></NameAliases><DefinitionAliases /></ConstantDef><ConstantDef><Name>DEMOLISH</Name><Definition>element exists but is to be demolished</Definition><NameAliases><NameAlias lang="en">Demolish</NameAlias></NameAliases><DefinitionAliases /></ConstantDef><ConstantDef><Name>TEMPORARY</Name><Definition>element will exist only temporarily (such as a temporary support structure)</Definition><NameAliases><NameAlias lang="en">Temporary</NameAlias></NameAliases><DefinitionAliases /></ConstantDef><ConstantDef><Name>OTHER</Name><Definition>required category not on scale</Definition><NameAliases><NameAlias lang="en">(other)</NameAlias></NameAliases><DefinitionAliases><DefinitionAlias lang="en">Value is not listed.</DefinitionAlias></DefinitionAliases></ConstantDef><ConstantDef><Name>NOTKNOWN</Name><Definition>Value is unkown</Definition><NameAliases><NameAlias lang="en">(unknown)</NameAlias></NameAliases><DefinitionAliases><DefinitionAlias lang="en">Value is unknown.</DefinitionAlias></DefinitionAliases></ConstantDef><ConstantDef><Name>UNSET</Name><Definition>Value has not been specified</Definition><NameAliases><NameAlias lang="en">(unset)</NameAlias></NameAliases><DefinitionAliases><DefinitionAlias lang="en">Value has not been specified.</DefinitionAlias></DefinitionAliases></ConstantDef></ConstantList></TypePropertyEnumeratedValue></PropertyType><NameAliases><NameAlias lang="en">Status</NameAlias><NameAlias lang="ja-JP">状態</NameAlias></NameAliases><DefinitionAliases><DefinitionAlias lang="en" /><DefinitionAlias lang="ja-JP">要素（主にリノベーションまたは改修プロジェクトにおいて）の状態。 状態は、「新規(New)」－新しく追加される要素。「既存」－要素は存在し、かつ残りもの。「破壊」－要素は存在したが、廃棄されるもの。「一時的」－一時的に存在する要素（一時的にサポートしている構造のようなもの）。</DefinitionAlias></DefinitionAliases></PropertyDef><PropertyDef ifdguid="a4c94880d1eb11e1800000215ad4efdf"><Name>NumberOfSources</Name><Definition>Number of sources .</Definition><PropertyType><TypePropertySingleValue><DataType type="IfcInteger" /></TypePropertySingleValue></PropertyType><NameAliases><NameAlias lang="en">Number Of Sources</NameAlias><NameAlias lang="ja-JP">電球数</NameAlias><NameAlias lang="ko-KR">전구수</NameAlias></NameAliases><DefinitionAliases><DefinitionAlias lang="en" /><DefinitionAlias lang="ja-JP">電球数。</DefinitionAlias><DefinitionAlias lang="ko-KR">전구수</DefinitionAlias></DefinitionAliases></PropertyDef><PropertyDef ifdguid="aa269300d1eb11e1800000215ad4efdf"><Name>TotalWattage</Name><Definition>Wattage on whole lightfitting device with all sources intact.</Definition><PropertyType><TypePropertySingleValue><DataType type="IfcPowerMeasure" /></TypePropertySingleValue></PropertyType><NameAliases><NameAlias lang="en">Total Wattage</NameAlias><NameAlias lang="ja-JP">総ワット数</NameAlias><NameAlias lang="ko-KR">총 와트</NameAlias></NameAliases><DefinitionAliases><DefinitionAlias lang="en" /><DefinitionAlias lang="ja-JP">全ての照明器具のワット数。</DefinitionAlias><DefinitionAlias lang="ko-KR">모든 조명기구 와트.</DefinitionAlias></DefinitionAliases></PropertyDef><PropertyDef ifdguid="af83dd80d1eb11e1800000215ad4efdf"><Name>LightFixtureMountingType</Name><Definition>A list of the available types of mounting for light fixtures from which that required may be selected.</Definition><PropertyType><TypePropertyEnumeratedValue><EnumList name="PEnum_LightFixtureMountingType"><EnumItem>CABLESPANNED</EnumItem><EnumItem>FREESTANDING</EnumItem><EnumItem>POLE_SIDE</EnumItem><EnumItem>POLE_TOP</EnumItem><EnumItem>RECESSED</EnumItem><EnumItem>SURFACE</EnumItem><EnumItem>SUSPENDED</EnumItem><EnumItem>TRACKMOUNTED</EnumItem><EnumItem>OTHER</EnumItem><EnumItem>NOTKNOWN</EnumItem><EnumItem>UNSET</EnumItem></EnumList><ConstantList><ConstantDef><Name>CABLESPANNED</Name><NameAliases><NameAlias lang="en">Cable Spanned</NameAlias></NameAliases><DefinitionAliases /></ConstantDef><ConstantDef><Name>FREESTANDING</Name><NameAliases><NameAlias lang="en">Freestanding</NameAlias></NameAliases><DefinitionAliases /></ConstantDef><ConstantDef><Name>POLE_SIDE</Name><NameAliases><NameAlias lang="en">Pole Side</NameAlias></NameAliases><DefinitionAliases /></ConstantDef><ConstantDef><Name>POLE_TOP</Name><NameAliases><NameAlias lang="en">Pole Top</NameAlias></NameAliases><DefinitionAliases /></ConstantDef><ConstantDef><Name>RECESSED</Name><NameAliases><NameAlias lang="en">Recessed</NameAlias></NameAliases><DefinitionAliases /></ConstantDef><ConstantDef><Name>SURFACE</Name><NameAliases><NameAlias lang="en">Surface</NameAlias></NameAliases><DefinitionAliases /></ConstantDef><ConstantDef><Name>SUSPENDED</Name><NameAliases><NameAlias lang="en">Suspended</NameAlias></NameAliases><DefinitionAliases /></ConstantDef><ConstantDef><Name>TRACKMOUNTED</Name><NameAliases><NameAlias lang="en">Track Mounted</NameAlias></NameAliases><DefinitionAliases /></ConstantDef><ConstantDef><Name>OTHER</Name><Definition>required category not on scale</Definition><NameAliases><NameAlias lang="en">(other)</NameAlias></NameAliases><DefinitionAliases><DefinitionAlias lang="en">Value is not listed.</DefinitionAlias></DefinitionAliases></ConstantDef><ConstantDef><Name>NOTKNOWN</Name><Definition>Value is unkown</Definition><NameAliases><NameAlias lang="en">(unknown)</NameAlias></NameAliases><DefinitionAliases><DefinitionAlias lang="en">Value is unknown.</DefinitionAlias></DefinitionAliases></ConstantDef><ConstantDef><Name>UNSET</Name><Definition>Value has not been specified</Definition><NameAliases><NameAlias lang="en">(unset)</NameAlias></NameAliases><DefinitionAliases><DefinitionAlias lang="en">Value has not been specified.</DefinitionAlias></DefinitionAliases></ConstantDef></ConstantList></TypePropertyEnumeratedValue></PropertyType><NameAliases><NameAlias lang="en">Light Fixture Mounting Type</NameAlias><NameAlias lang="ja-JP">照明器具取付方法</NameAlias><NameAlias lang="ko-KR">조명기구 설치방법</NameAlias></NameAliases><DefinitionAliases><DefinitionAlias lang="en" /><DefinitionAlias lang="ja-JP">照明器具の取付方法をリストから選択。</DefinitionAlias><DefinitionAlias lang="ko-KR">조명기구의 설치 방법을 목록에서 선택합니다.</DefinitionAlias></DefinitionAliases></PropertyDef><PropertyDef ifdguid="c5919e00d1eb11e1800000215ad4efdf"><Name>LightFixturePlacingType</Name><Definition>A list of the available types of placing specification for light fixtures from which that required may be selected.</Definition><PropertyType><TypePropertyEnumeratedValue><EnumList name="PEnum_LightFixturePlacingType"><EnumItem>CEILING</EnumItem><EnumItem>FLOOR</EnumItem><EnumItem>FURNITURE</EnumItem><EnumItem>POLE</EnumItem><EnumItem>WALL</EnumItem><EnumItem>OTHER</EnumItem><EnumItem>NOTKNOWN</EnumItem><EnumItem>UNSET</EnumItem></EnumList><ConstantList><ConstantDef><Name>CEILING</Name><NameAliases><NameAlias lang="en">Ceiling</NameAlias></NameAliases><DefinitionAliases /></ConstantDef><ConstantDef><Name>FLOOR</Name><NameAliases><NameAlias lang="en">Floor</NameAlias></NameAliases><DefinitionAliases /></ConstantDef><ConstantDef><Name>FURNITURE</Name><NameAliases><NameAlias lang="en">Furniture</NameAlias></NameAliases><DefinitionAliases /></ConstantDef><ConstantDef><Name>POLE</Name><NameAliases><NameAlias lang="en">Pole</NameAlias></NameAliases><DefinitionAliases /></ConstantDef><ConstantDef><Name>WALL</Name><NameAliases><NameAlias lang="en">Wall</NameAlias></NameAliases><DefinitionAliases /></ConstantDef><ConstantDef><Name>OTHER</Name><Definition>required category not on scale</Definition><NameAliases><NameAlias lang="en">(other)</NameAlias></NameAliases><DefinitionAliases><DefinitionAlias lang="en">Value is not listed.</DefinitionAlias></DefinitionAliases></ConstantDef><ConstantDef><Name>NOTKNOWN</Name><Definition>Value is unkown</Definition><NameAliases><NameAlias lang="en">(unknown)</NameAlias></NameAliases><DefinitionAliases><DefinitionAlias lang="en">Value is unknown.</DefinitionAlias></DefinitionAliases></ConstantDef><ConstantDef><Name>UNSET</Name><Definition>Value has not been specified</Definition><NameAliases><NameAlias lang="en">(unset)</NameAlias></NameAliases><DefinitionAliases><DefinitionAlias lang="en">Value has not been specified.</DefinitionAlias></DefinitionAliases></ConstantDef></ConstantList></TypePropertyEnumeratedValue></PropertyType><NameAliases><NameAlias lang="en">Light Fixture Placing Type</NameAlias><NameAlias lang="ja-JP">照明器具取付場所</NameAlias><NameAlias lang="ko-KR">조명기구 설치 장소</NameAlias></NameAliases><DefinitionAliases><DefinitionAlias lang="en" /><DefinitionAlias lang="ja-JP">照明器具の取付場所をリストから選択。</DefinitionAlias><DefinitionAlias lang="ko-KR">조명기구의 설치 장소를 목록에서 선택합니다.</DefinitionAlias></DefinitionAliases></PropertyDef><PropertyDef ifdguid="d80bd780d1eb11e1800000215ad4efdf"><Name>MaintenanceFactor</Name><Definition>The arithmetical allowance made for depreciation of lamps and reflective equipment from their initial values due to dirt, fumes, or age.</Definition><PropertyType><TypePropertySingleValue><DataType type="IfcReal" /></TypePropertySingleValue></PropertyType><NameAliases><NameAlias lang="en">Maintenance Factor</NameAlias><NameAlias lang="ja-JP">保守率</NameAlias><NameAlias lang="ko-KR">보수 비율</NameAlias></NameAliases><DefinitionAliases><DefinitionAlias lang="en" /><DefinitionAlias lang="ja-JP">汚れ、煙、年数による初期からのランプや反射装置の低減許容計算。</DefinitionAlias><DefinitionAlias lang="ko-KR">먼지, 연기, 연수의 초기부터 램프와 반사 장치의 저감 허용 계산.</DefinitionAlias></DefinitionAliases></PropertyDef><PropertyDef ifdguid="de01b880d1eb11e1800000215ad4efdf"><Name>MaximumPlenumSensibleLoad</Name><Definition>Maximum or Peak sensible thermal load contributed to return air plenum by the light fixture.</Definition><PropertyType><TypePropertySingleValue><DataType type="IfcPowerMeasure" /></TypePropertySingleValue></PropertyType><NameAliases><NameAlias lang="en">Maximum Plenum Sensible Load</NameAlias></NameAliases><DefinitionAliases><DefinitionAlias lang="en" /></DefinitionAliases></PropertyDef><PropertyDef ifdguid="e528c680d1eb11e1800000215ad4efdf"><Name>MaximumSpaceSensibleLoad</Name><Definition>Maximum or Peak sensible thermal load contributed to the conditioned space by the light fixture.</Definition><PropertyType><TypePropertySingleValue><DataType type="IfcPowerMeasure" /></TypePropertySingleValue></PropertyType><NameAliases><NameAlias lang="en">Maximum Space Sensible Load</NameAlias></NameAliases><DefinitionAliases><DefinitionAlias lang="en" /></DefinitionAliases></PropertyDef><PropertyDef ifdguid="ea861100d1eb11e1800000215ad4efdf"><Name>SensibleLoadToRadiant</Name><Definition>Percent of sensible thermal load to radiant heat.</Definition><PropertyType><TypePropertySingleValue><DataType type="IfcPositiveRatioMeasure" /></TypePropertySingleValue></PropertyType><NameAliases><NameAlias lang="en">Sensible Load To Radiant</NameAlias></NameAliases><DefinitionAliases><DefinitionAlias lang="en" /></DefinitionAliases></PropertyDef></PropertyDefs><PsetDefinitionAliases><PsetDefinitionAlias lang="en" /><PsetDefinitionAlias lang="ja-JP">照明器具の共通データ。
IFC4でArticleNumberは削除されました。代わりにPset_ManufacturerTypeInformationを使用してください。</PsetDefinitionAlias></PsetDefinitionAliases></PropertySetDef>