﻿<?xml version="1.0" encoding="utf-8"?><PropertySetDef xmlns:xsi="http://www.w3.org/2001/XMLSchema-instance" xmlns:xsd="http://www.w3.org/2001/XMLSchema" ifdguid="0a7979759c5ab8c87ffe72c273c634aa" templatetype="PSET_TYPEDRIVENOVERRIDE" xsi:noNamespaceSchemaLocation="http://buildingSMART-tech.org/xml/psd/PSD_IFC4.xsd" xmlns="http://buildingSMART-tech.org/xml/psd/PSD_IFC4.xsd"><IfcVersion version="IFC4X3_RC4" /><Name>Pset_CommunicationsApplianceTypeIpNetworkEquipment</Name><Definition>Properties common to a IP network equipment. This property set is applied to a type or occurrence of _IfcCommunicationsAppliance_ with predefined type of IP_NETWORK_EQUIPMENT.</Definition><Applicability /><ApplicableClasses><ClassName>IfcCommunicationsAppliance/IP_NETWORK_EQUIPMENT</ClassName></ApplicableClasses><ApplicableTypeValue>IfcCommunicationsAppliance/IP_NETWORK_EQUIPMENT</ApplicableTypeValue><PropertyDefs><PropertyDef ifdguid="f2bc503cd29f488cae452b3780e73c85"><Name>NumberOfSlots</Name><Definition>Indicates the number of device slots.</Definition><PropertyType><TypePropertySingleValue><DataType type="IfcInteger" /></TypePropertySingleValue></PropertyType><NameAliases /><DefinitionAliases /></PropertyDef><PropertyDef ifdguid="c7dbd2087217434d8e65d732a512e968"><Name>EquipmentCapacity</Name><Definition>Indicates the equipment capacity of the appliance. The value is defined in bits/s.</Definition><PropertyType><TypePropertySingleValue><DataType type="IfcIntegerCountRateMeasure" /></TypePropertySingleValue></PropertyType><NameAliases /><DefinitionAliases /></PropertyDef><PropertyDef ifdguid="9b5fb468649948e4ba2b247890fa0dce"><Name>NumberOfCoolingFans</Name><Definition>Indicates the number of cooling fans in the equipment.</Definition><PropertyType><TypePropertySingleValue><DataType type="IfcInteger" /></TypePropertySingleValue></PropertyType><NameAliases /><DefinitionAliases /></PropertyDef><PropertyDef ifdguid="1476b228a0f64d3f83f58f3e558f32d9"><Name>SupportedProtocol</Name><Definition>Indicates the protocol supported by the IP network equipment.</Definition><PropertyType><TypePropertySingleValue><DataType type="IfcLabel" /></TypePropertySingleValue></PropertyType><NameAliases /><DefinitionAliases /></PropertyDef><PropertyDef ifdguid="e46f0a3462644eeab6709deec1c89e9b"><Name>ManagingSoftware</Name><Definition>Indicates the type of software responsible for managing the equipment.</Definition><PropertyType><TypePropertySingleValue><DataType type="IfcLabel" /></TypePropertySingleValue></PropertyType><NameAliases /><DefinitionAliases /></PropertyDef><PropertyDef ifdguid="cd03a478484643ab833d4727038848e9"><Name>NumberOfInterfaces</Name><Definition>Indicates the types of interfaces and their number in the device.</Definition><PropertyType><TypePropertyTableValue><Expression /><DefiningValue><DataType type="IfcLabel" /></DefiningValue><DefinedValue><DataType type="IfcInteger" /></DefinedValue></TypePropertyTableValue></PropertyType><NameAliases /><DefinitionAliases /></PropertyDef></PropertyDefs><PsetDefinitionAliases /></PropertySetDef>