﻿<?xml version="1.0" encoding="utf-8"?><PropertySetDef xmlns:xsi="http://www.w3.org/2001/XMLSchema-instance" xmlns:xsd="http://www.w3.org/2001/XMLSchema" ifdguid="d2d0f93174eac5f5cc91132625985e76" templatetype="PSET_TYPEDRIVENOVERRIDE" xsi:noNamespaceSchemaLocation="http://buildingSMART-tech.org/xml/psd/PSD_IFC4.xsd" xmlns="http://buildingSMART-tech.org/xml/psd/PSD_IFC4.xsd"><IfcVersion version="IFC4X3_RC4" /><Name>Pset_MemberTypeAnchoringBar</Name><Definition>Properties of anchoring bar. The anchoring bar is used to connect stay from pole to the foundation.</Definition><Applicability /><ApplicableClasses><ClassName>IfcMember/BRACE</ClassName></ApplicableClasses><ApplicableTypeValue>IfcMember/BRACE</ApplicableTypeValue><PropertyDefs><PropertyDef ifdguid="21f6b0cba32645449bea236f90565734"><Name>MechanicalStressType</Name><Definition>Indicates which type of stress is applied to the element.</Definition><PropertyType><TypePropertyEnumeratedValue><EnumList name="PEnum_MechanicalStressType"><EnumItem>MECHANICAL_COMPRESSION</EnumItem><EnumItem>MECHANICAL_TRACTION</EnumItem><EnumItem>OTHER</EnumItem><EnumItem>NOTKNOWN</EnumItem><EnumItem>UNSET</EnumItem></EnumList><ConstantList><ConstantDef><Name>MECHANICAL_COMPRESSION</Name><Definition>Compression is the application of balanced inward ("pushing") forces to different points on a material or structure.</Definition><NameAliases /><DefinitionAliases /></ConstantDef><ConstantDef><Name>MECHANICAL_TRACTION</Name><Definition>Traction or tension is the application of balanced outward ("pulling") forces  to different points on a material or structure.</Definition><NameAliases /><DefinitionAliases /></ConstantDef><ConstantDef><Name>OTHER</Name><Definition>required category not on scale</Definition><NameAliases><NameAlias lang="en">(other)</NameAlias></NameAliases><DefinitionAliases><DefinitionAlias lang="en">Value is not listed.</DefinitionAlias></DefinitionAliases></ConstantDef><ConstantDef><Name>NOTKNOWN</Name><Definition>Value is unkown</Definition><NameAliases><NameAlias lang="en">(unknown)</NameAlias></NameAliases><DefinitionAliases><DefinitionAlias lang="en">Value is unknown.</DefinitionAlias></DefinitionAliases></ConstantDef><ConstantDef><Name>UNSET</Name><Definition>Value has not been specified</Definition><NameAliases><NameAlias lang="en">(unset)</NameAlias></NameAliases><DefinitionAliases><DefinitionAlias lang="en">Value has not been specified.</DefinitionAlias></DefinitionAliases></ConstantDef></ConstantList></TypePropertyEnumeratedValue></PropertyType><NameAliases /><DefinitionAliases /></PropertyDef><PropertyDef ifdguid="f3657b1bf04849539297a716ee242fc0"><Name>HasLightningRod</Name><Definition>Indicates whether the element is equipped with a lightning rod (TRUE) or not (FALSE).</Definition><PropertyType><TypePropertySingleValue><DataType type="IfcBoolean" /></TypePropertySingleValue></PropertyType><NameAliases /><DefinitionAliases /></PropertyDef></PropertyDefs><PsetDefinitionAliases /></PropertySetDef>