﻿<?xml version="1.0" encoding="utf-8"?><PropertySetDef xmlns:xsi="http://www.w3.org/2001/XMLSchema-instance" xmlns:xsd="http://www.w3.org/2001/XMLSchema" ifdguid="14e4d503721b904ffb751bcf19b8eef8" templatetype="PSET_TYPEDRIVENOVERRIDE" xsi:noNamespaceSchemaLocation="http://buildingSMART-tech.org/xml/psd/PSD_IFC4.xsd" xmlns="http://buildingSMART-tech.org/xml/psd/PSD_IFC4.xsd"><IfcVersion version="IFC4X3_RC4" /><Name>Pset_MobileTelecommunicationsApplianceTypeMobileSwitchingCenter</Name><Definition>Properties common to the definition of all occurrences of  _IfcMobileTelecommunicationsAppliance_ and types of _IfcMobileTelecommunicationsApplianceType_ with the predefined type set to MOBILESWITCHINGCENTER.</Definition><Applicability /><ApplicableClasses><ClassName>IfcMobileTelecommunicationsAppliance/MOBILESWITCHINGCENTER</ClassName></ApplicableClasses><ApplicableTypeValue>IfcMobileTelecommunicationsAppliance/MOBILESWITCHINGCENTER</ApplicableTypeValue><PropertyDefs><PropertyDef ifdguid="a887d8e4dced459586812b35557cbe79"><Name>UserCapacity</Name><Definition>Indicates the user capacity of the device, defined as the maximum number of users that can be active at the same time.</Definition><PropertyType><TypePropertySingleValue><DataType type="IfcInteger" /></TypePropertySingleValue></PropertyType><NameAliases /><DefinitionAliases /></PropertyDef><PropertyDef ifdguid="cd03a478484643ab833d4727038848e9"><Name>NumberOfInterfaces</Name><Definition>Indicates the types of interfaces and their number in the device.</Definition><PropertyType><TypePropertyTableValue><Expression /><DefiningValue><DataType type="IfcLabel" /></DefiningValue><DefinedValue><DataType type="IfcInteger" /></DefinedValue></TypePropertyTableValue></PropertyType><NameAliases /><DefinitionAliases /></PropertyDef><PropertyDef ifdguid="bc24cee719b24b17b5fdd878c27d8f8b"><Name>MaximumNumberOfManagedBSCs</Name><Definition>Indicates the maximum number of base station controller (BSC) that can be managed simultaneously by the mobile switching center (MSC).</Definition><PropertyType><TypePropertySingleValue><DataType type="IfcInteger" /></TypePropertySingleValue></PropertyType><NameAliases /><DefinitionAliases /></PropertyDef></PropertyDefs><PsetDefinitionAliases /></PropertySetDef>