﻿<?xml version="1.0" encoding="utf-8"?><PropertySetDef xmlns:xsi="http://www.w3.org/2001/XMLSchema-instance" xmlns:xsd="http://www.w3.org/2001/XMLSchema" ifdguid="5acba0edce6cff74b58416be0f84c1b6" templatetype="PSET_TYPEDRIVENOVERRIDE" xsi:noNamespaceSchemaLocation="http://buildingSMART-tech.org/xml/psd/PSD_IFC4.xsd" xmlns="http://buildingSMART-tech.org/xml/psd/PSD_IFC4.xsd"><IfcVersion version="IFC4X3_RC4" /><Name>Pset_CommunicationsApplianceTypeOpticalNetworkUnit</Name><Definition>Properties common to a optical network unit. This property set is applied to a type or occurrence of _IfcCommunicationsAppliance_ with predefined type OPTICAL_NETWORK_UNIT.</Definition><Applicability /><ApplicableClasses><ClassName>IfcCommunicationsAppliance/OPTICAL_NETWORK_UNIT</ClassName></ApplicableClasses><ApplicableTypeValue>IfcCommunicationsAppliance/OPTICAL_NETWORK_UNIT</ApplicableTypeValue><PropertyDefs><PropertyDef ifdguid="d6d3cf10bbee4115bf2144b3c70e1388"><Name>OpticalNetworkUnitType</Name><Definition>Indicates the type of the optical network unit equipment.</Definition><PropertyType><TypePropertyEnumeratedValue><EnumList name="PEnum_OpticalNetworkUnitType"><EnumItem>ACTIVE</EnumItem><EnumItem>PASSIVE</EnumItem><EnumItem>OTHER</EnumItem><EnumItem>NOTKNOWN</EnumItem><EnumItem>UNSET</EnumItem></EnumList><ConstantList><ConstantDef><Name>ACTIVE</Name><Definition>Active.</Definition><NameAliases /><DefinitionAliases /></ConstantDef><ConstantDef><Name>PASSIVE</Name><Definition>Passive.</Definition><NameAliases /><DefinitionAliases /></ConstantDef><ConstantDef><Name>OTHER</Name><Definition>required category not on scale</Definition><NameAliases><NameAlias lang="en">(other)</NameAlias></NameAliases><DefinitionAliases><DefinitionAlias lang="en">Value is not listed.</DefinitionAlias></DefinitionAliases></ConstantDef><ConstantDef><Name>NOTKNOWN</Name><Definition>Value is unkown</Definition><NameAliases><NameAlias lang="en">(unknown)</NameAlias></NameAliases><DefinitionAliases><DefinitionAlias lang="en">Value is unknown.</DefinitionAlias></DefinitionAliases></ConstantDef><ConstantDef><Name>UNSET</Name><Definition>Value has not been specified</Definition><NameAliases><NameAlias lang="en">(unset)</NameAlias></NameAliases><DefinitionAliases><DefinitionAlias lang="en">Value has not been specified.</DefinitionAlias></DefinitionAliases></ConstantDef></ConstantList></TypePropertyEnumeratedValue></PropertyType><NameAliases /><DefinitionAliases /></PropertyDef><PropertyDef ifdguid="cd03a478484643ab833d4727038848e9"><Name>NumberOfInterfaces</Name><Definition>Indicates the types of interfaces and their number in the device.</Definition><PropertyType><TypePropertyTableValue><Expression /><DefiningValue><DataType type="IfcLabel" /></DefiningValue><DefinedValue><DataType type="IfcInteger" /></DefinedValue></TypePropertyTableValue></PropertyType><NameAliases /><DefinitionAliases /></PropertyDef></PropertyDefs><PsetDefinitionAliases /></PropertySetDef>