﻿<?xml version="1.0" encoding="utf-8"?><PropertySetDef xmlns:xsi="http://www.w3.org/2001/XMLSchema-instance" xmlns:xsd="http://www.w3.org/2001/XMLSchema" ifdguid="90ba84fb06a6b7a792dc79b53b70b017" templatetype="PSET_TYPEDRIVENOVERRIDE" xsi:noNamespaceSchemaLocation="http://buildingSMART-tech.org/xml/psd/PSD_IFC4.xsd" xmlns="http://buildingSMART-tech.org/xml/psd/PSD_IFC4.xsd"><IfcVersion version="IFC4X3_RC4" /><Name>Pset_SensorTypeTurnoutClosureSensor</Name><Definition>Properties that are applicable for IfcSensor with predefined type TURNOUTCLOSURESENSOR.</Definition><Applicability /><ApplicableClasses><ClassName>IfcSensor/TURNOUTCLOSURESENSOR</ClassName></ApplicableClasses><ApplicableTypeValue>IfcSensor/TURNOUTCLOSURESENSOR</ApplicableTypeValue><PropertyDefs><PropertyDef ifdguid="48dec6b1c34d4390955b5a3ff69ebbe8"><Name>DetectionRange</Name><Definition>The detection range of the equipment.</Definition><PropertyType><TypePropertySingleValue><DataType type="IfcPositiveLengthMeasure" /></TypePropertySingleValue></PropertyType><NameAliases /><DefinitionAliases /></PropertyDef><PropertyDef ifdguid="8e827d0fd4214c15a5300a0db229234d"><Name>IndicationRodMovementRange</Name><Definition>Indicates the range of indication rod movement.</Definition><PropertyType><TypePropertyBoundedValue><DataType type="IfcPositiveLengthMeasure" /></TypePropertyBoundedValue></PropertyType><NameAliases /><DefinitionAliases /></PropertyDef></PropertyDefs><PsetDefinitionAliases /></PropertySetDef>