﻿<?xml version="1.0" encoding="utf-8"?><PropertySetDef xmlns:xsi="http://www.w3.org/2001/XMLSchema-instance" xmlns:xsd="http://www.w3.org/2001/XMLSchema" ifdguid="07d89f75d6888f130e78d26b9581958e" templatetype="PSET_TYPEDRIVENOVERRIDE" xsi:noNamespaceSchemaLocation="http://buildingSMART-tech.org/xml/psd/PSD_IFC4.xsd" xmlns="http://buildingSMART-tech.org/xml/psd/PSD_IFC4.xsd"><IfcVersion version="IFC4X3_RC4" /><Name>Pset_ElectricFlowStorageDeviceTypeBattery</Name><Definition>Properties of batteries. The property set can be used by the predefined type BATTERY of IfcElectricFlowStorageDevice.</Definition><Applicability /><ApplicableClasses><ClassName>IfcElectricFlowStorageDevice/BATTERY</ClassName></ApplicableClasses><ApplicableTypeValue>IfcElectricFlowStorageDevice/BATTERY</ApplicableTypeValue><PropertyDefs><PropertyDef ifdguid="2b48d547dcbb4f78807824723d4b4595"><Name>CurrentRegulationRate</Name><Definition>It shows the ability of DC regulated power supply to suppress the fluctuation of output voltage caused by the change of load current (output current) when the input voltage is constant.</Definition><PropertyType><TypePropertySingleValue><DataType type="IfcRatioMeasure" /></TypePropertySingleValue></PropertyType><NameAliases /><DefinitionAliases /></PropertyDef><PropertyDef ifdguid="ebaa796c8b354e6eb66839aa5da2f1ec"><Name>NominalSupplyCurrent</Name><Definition>The nominal current of the supply.</Definition><PropertyType><TypePropertySingleValue><DataType type="IfcElectricCurrentMeasure" /></TypePropertySingleValue></PropertyType><NameAliases /><DefinitionAliases /></PropertyDef><PropertyDef ifdguid="93e35ccf17ff49a1bea99f139b479a1c"><Name>VoltageRegulationRate</Name><Definition>When the input side voltage changes from the lowest allowable input value to the specified maximum value, the relative change value of the output voltage is the percentage of the rated output voltage.</Definition><PropertyType><TypePropertySingleValue><DataType type="IfcRatioMeasure" /></TypePropertySingleValue></PropertyType><NameAliases /><DefinitionAliases /></PropertyDef><PropertyDef ifdguid="e016c1b196e6495cbdfe58665d2c5b60"><Name>AssemblyInstruction</Name><Definition>Instructions to describe how the system / equipment / facility is assembled.</Definition><PropertyType><TypePropertyReferenceValue reftype="IfcExternalReference" /></PropertyType><NameAliases /><DefinitionAliases /></PropertyDef><PropertyDef ifdguid="6a33aa21809e42108419840e5b755fe9"><Name>BatteryChargingType</Name><Definition>Identifies the predefined types of battery charging.</Definition><PropertyType><TypePropertyEnumeratedValue><EnumList name="PEnum_BatteryChargingType"><EnumItem>RECHARGEABLE</EnumItem><EnumItem>SINGLECHARGE</EnumItem><EnumItem>OTHER</EnumItem><EnumItem>NOTKNOWN</EnumItem><EnumItem>UNSET</EnumItem></EnumList><ConstantList><ConstantDef><Name>RECHARGEABLE</Name><Definition>Rechargeable battery.</Definition><NameAliases /><DefinitionAliases /></ConstantDef><ConstantDef><Name>SINGLECHARGE</Name><Definition>Disposable battery</Definition><NameAliases /><DefinitionAliases /></ConstantDef><ConstantDef><Name>OTHER</Name><Definition>required category not on scale</Definition><NameAliases><NameAlias lang="en">(other)</NameAlias></NameAliases><DefinitionAliases><DefinitionAlias lang="en">Value is not listed.</DefinitionAlias></DefinitionAliases></ConstantDef><ConstantDef><Name>NOTKNOWN</Name><Definition>Value is unkown</Definition><NameAliases><NameAlias lang="en">(unknown)</NameAlias></NameAliases><DefinitionAliases><DefinitionAlias lang="en">Value is unknown.</DefinitionAlias></DefinitionAliases></ConstantDef><ConstantDef><Name>UNSET</Name><Definition>Value has not been specified</Definition><NameAliases><NameAlias lang="en">(unset)</NameAlias></NameAliases><DefinitionAliases><DefinitionAlias lang="en">Value has not been specified.</DefinitionAlias></DefinitionAliases></ConstantDef></ConstantList></TypePropertyEnumeratedValue></PropertyType><NameAliases /><DefinitionAliases /></PropertyDef><PropertyDef ifdguid="472fe2751be14f83a296768f8daf70e5"><Name>EncapsulationTechnologyCode</Name><Definition>Code indicating the encapsulation technology which has been applied in an electric, electronic or electromechanical component.</Definition><PropertyType><TypePropertySingleValue><DataType type="IfcIdentifier" /></TypePropertySingleValue></PropertyType><NameAliases /><DefinitionAliases /></PropertyDef><PropertyDef ifdguid="9aafd1ebc77b48df93abdf21e9a4faa4"><Name>OpenCircuitVoltage</Name><Definition>Voltage of a cell or battery when the discharge current is zero  [Source IEC 482-03-32]</Definition><PropertyType><TypePropertySingleValue><DataType type="IfcElectricVoltageMeasure" /></TypePropertySingleValue></PropertyType><NameAliases /><DefinitionAliases /></PropertyDef></PropertyDefs><PsetDefinitionAliases /></PropertySetDef>