﻿<?xml version="1.0" encoding="utf-8"?><PropertySetDef xmlns:xsi="http://www.w3.org/2001/XMLSchema-instance" xmlns:xsd="http://www.w3.org/2001/XMLSchema" ifdguid="f5295960ff9ae5bf6aa9cfa40b6798d9" templatetype="PSET_TYPEDRIVENOVERRIDE" xsi:noNamespaceSchemaLocation="http://buildingSMART-tech.org/xml/psd/PSD_IFC4.xsd" xmlns="http://buildingSMART-tech.org/xml/psd/PSD_IFC4.xsd"><IfcVersion version="IFC4X3_RC4" /><Name>Pset_DiscreteAccessoryTypeRailBrace</Name><Definition>Properties of a rail brace. The property set can be used by the predefined type RAILBRACE of IfcDiscreteAccessory.</Definition><Applicability /><ApplicableClasses><ClassName>IfcDiscreteAccessory/RAILBRACE</ClassName></ApplicableClasses><ApplicableTypeValue>IfcDiscreteAccessory/RAILBRACE</ApplicableTypeValue><PropertyDefs><PropertyDef ifdguid="6e7dfe8e7e0e42c08f3bc6e6fbbbcc73"><Name>IsTemporary</Name><Definition>Indicates if the installation of the element is temporary or not.</Definition><PropertyType><TypePropertySingleValue><DataType type="IfcBoolean" /></TypePropertySingleValue></PropertyType><NameAliases /><DefinitionAliases /></PropertyDef></PropertyDefs><PsetDefinitionAliases /></PropertySetDef>