﻿<?xml version="1.0" encoding="utf-8"?><PropertySetDef xmlns:xsi="http://www.w3.org/2001/XMLSchema-instance" xmlns:xsd="http://www.w3.org/2001/XMLSchema" ifdguid="bea517d88c3d4f32a2136877adcfb0e6" templatetype="PSET_TYPEDRIVENOVERRIDE" xsi:noNamespaceSchemaLocation="http://buildingSMART-tech.org/xml/psd/PSD_IFC4.xsd" xmlns="http://buildingSMART-tech.org/xml/psd/PSD_IFC4.xsd"><IfcVersion version="IFC4X3_RC4" /><Name>Pset_CableSegmentTypeFiberTubeSegment</Name><Definition>Properties of Fiber tubes segments. This property set is applicable to a type or occurence of _IfcCableSegment_ with predefined type FIBERTUBESEGMENT.</Definition><Applicability /><ApplicableClasses><ClassName>IfcCableSegment/FIBERTUBESEGMENT</ClassName></ApplicableClasses><ApplicableTypeValue>IfcCableSegment/FIBERTUBESEGMENT</ApplicableTypeValue><PropertyDefs><PropertyDef ifdguid="f000f9ecc4c34daca7a477ff67e62f10"><Name>FiberTubeColour</Name><Definition>Indicates the colour of a single fiber tube.</Definition><PropertyType><TypePropertyEnumeratedValue><EnumList name="PEnum_FiberColour"><EnumItem>AQUA</EnumItem><EnumItem>BLACK</EnumItem><EnumItem>BLUE</EnumItem><EnumItem>BROWN</EnumItem><EnumItem>GREEN</EnumItem><EnumItem>ORANGE</EnumItem><EnumItem>RED</EnumItem><EnumItem>ROSE</EnumItem><EnumItem>SLATE</EnumItem><EnumItem>VIOLET</EnumItem><EnumItem>WHITE</EnumItem><EnumItem>YELLOW</EnumItem><EnumItem>OTHER</EnumItem><EnumItem>NOTKNOWN</EnumItem><EnumItem>UNSET</EnumItem></EnumList><ConstantList><ConstantDef><Name>AQUA</Name><NameAliases><NameAlias lang="en">Aqua</NameAlias></NameAliases><DefinitionAliases /></ConstantDef><ConstantDef><Name>BLACK</Name><NameAliases><NameAlias lang="en">Black</NameAlias></NameAliases><DefinitionAliases /></ConstantDef><ConstantDef><Name>BLUE</Name><NameAliases><NameAlias lang="en">Blue</NameAlias></NameAliases><DefinitionAliases /></ConstantDef><ConstantDef><Name>BROWN</Name><NameAliases><NameAlias lang="en">Brown</NameAlias></NameAliases><DefinitionAliases /></ConstantDef><ConstantDef><Name>GREEN</Name><NameAliases><NameAlias lang="en">Green</NameAlias></NameAliases><DefinitionAliases /></ConstantDef><ConstantDef><Name>ORANGE</Name><NameAliases><NameAlias lang="en">Orange</NameAlias></NameAliases><DefinitionAliases /></ConstantDef><ConstantDef><Name>RED</Name><NameAliases><NameAlias lang="en">Red</NameAlias></NameAliases><DefinitionAliases /></ConstantDef><ConstantDef><Name>ROSE</Name><NameAliases><NameAlias lang="en">Rose</NameAlias></NameAliases><DefinitionAliases /></ConstantDef><ConstantDef><Name>SLATE</Name><NameAliases><NameAlias lang="en">Slate</NameAlias></NameAliases><DefinitionAliases /></ConstantDef><ConstantDef><Name>VIOLET</Name><NameAliases><NameAlias lang="en">Violet</NameAlias></NameAliases><DefinitionAliases /></ConstantDef><ConstantDef><Name>WHITE</Name><NameAliases><NameAlias lang="en">White</NameAlias></NameAliases><DefinitionAliases /></ConstantDef><ConstantDef><Name>YELLOW</Name><NameAliases><NameAlias lang="en">Yellow</NameAlias></NameAliases><DefinitionAliases /></ConstantDef><ConstantDef><Name>OTHER</Name><Definition>required category not on scale</Definition><NameAliases><NameAlias lang="en">(other)</NameAlias></NameAliases><DefinitionAliases><DefinitionAlias lang="en">Value is not listed.</DefinitionAlias></DefinitionAliases></ConstantDef><ConstantDef><Name>NOTKNOWN</Name><Definition>Value is unkown</Definition><NameAliases><NameAlias lang="en">(unknown)</NameAlias></NameAliases><DefinitionAliases><DefinitionAlias lang="en">Value is unknown.</DefinitionAlias></DefinitionAliases></ConstantDef><ConstantDef><Name>UNSET</Name><Definition>Value has not been specified</Definition><NameAliases><NameAlias lang="en">(unset)</NameAlias></NameAliases><DefinitionAliases><DefinitionAlias lang="en">Value has not been specified.</DefinitionAlias></DefinitionAliases></ConstantDef></ConstantList></TypePropertyEnumeratedValue></PropertyType><NameAliases /><DefinitionAliases /></PropertyDef><PropertyDef ifdguid="34bfeaf67f57478e8f18b3d955f84973"><Name>NumberOfFibers</Name><Definition>Indicates the number of fibers in the single tube or cable.</Definition><PropertyType><TypePropertySingleValue><DataType type="IfcInteger" /></TypePropertySingleValue></PropertyType><NameAliases /><DefinitionAliases /></PropertyDef></PropertyDefs><PsetDefinitionAliases /></PropertySetDef>