﻿<?xml version="1.0" encoding="utf-8"?><PropertySetDef xmlns:xsi="http://www.w3.org/2001/XMLSchema-instance" xmlns:xsd="http://www.w3.org/2001/XMLSchema" ifdguid="f2db31f5916685b2b08ebd7ab4942b0b" xsi:noNamespaceSchemaLocation="http://buildingSMART-tech.org/xml/psd/PSD_IFC4.xsd" xmlns="http://buildingSMART-tech.org/xml/psd/PSD_IFC4.xsd"><IfcVersion version="IFC4X3_RC4" /><Name>Pset_AudioVisualApplianceTypeRecordingEquipment</Name><Definition>Properties common to _IfcAudioVisualAppliance_ with predefined type set to RECORDINGEQUIPMENT.</Definition><Applicability /><ApplicableClasses><ClassName>IfcAudioVisualAppliance/RECORDINGEQUIPMENT</ClassName></ApplicableClasses><ApplicableTypeValue>IfcAudioVisualAppliance/RECORDINGEQUIPMENT</ApplicableTypeValue><PropertyDefs><PropertyDef ifdguid="cd03a478484643ab833d4727038848e9"><Name>NumberOfInterfaces</Name><Definition>Indicates the types of interfaces and their number in the device.</Definition><PropertyType><TypePropertyTableValue><Expression /><DefiningValue><DataType type="IfcLabel" /></DefiningValue><DefinedValue><DataType type="IfcInteger" /></DefinedValue></TypePropertyTableValue></PropertyType><NameAliases /><DefinitionAliases /></PropertyDef><PropertyDef ifdguid="6f06fed4970c4294af01ae07c73b6581"><Name>StorageCapacity</Name><Definition>Indicates the total data storage capacity of the device. It is defined by bytes.</Definition><PropertyType><TypePropertySingleValue><DataType type="IfcInteger" /></TypePropertySingleValue></PropertyType><NameAliases /><DefinitionAliases /></PropertyDef></PropertyDefs><PsetDefinitionAliases /></PropertySetDef>