﻿<?xml version="1.0" encoding="utf-8"?><PropertySetDef xmlns:xsi="http://www.w3.org/2001/XMLSchema-instance" xmlns:xsd="http://www.w3.org/2001/XMLSchema" ifdguid="ce4042af638a847405217614585d098c" templatetype="PSET_TYPEDRIVENOVERRIDE" xsi:noNamespaceSchemaLocation="http://buildingSMART-tech.org/xml/psd/PSD_IFC4.xsd" xmlns="http://buildingSMART-tech.org/xml/psd/PSD_IFC4.xsd"><IfcVersion version="IFC4X3_RC4" /><Name>Pset_OpticalPigtail</Name><Definition>Property set for optical pigtail. This property set is applicable to a type or occurence of _IfcCableSegment_ with predefined type OPTICALCABLESEGMENT.</Definition><Applicability /><ApplicableClasses><ClassName>IfcCableSegment/OPTICALCABLESEGMENT</ClassName></ApplicableClasses><ApplicableTypeValue>IfcCableSegment/OPTICALCABLESEGMENT</ApplicableTypeValue><PropertyDefs><PropertyDef ifdguid="7947ddd2b15c428f943f4454d56567d9"><Name>JacketColour</Name><Definition>Indicates the colour of the cable or fitting jacket.</Definition><PropertyType><TypePropertySingleValue><DataType type="IfcLabel" /></TypePropertySingleValue></PropertyType><NameAliases /><DefinitionAliases /></PropertyDef><PropertyDef ifdguid="c3ae019c48954823813525cdee2e4b3d"><Name>FiberType</Name><Definition>Indicates the type of the single fiber.</Definition><PropertyType><TypePropertyEnumeratedValue><EnumList name="PEnum_FiberType"><EnumItem>STANDARDSINGLEMODEFIBER</EnumItem><EnumItem>LOWWATERPEAKFIBER</EnumItem><EnumItem>DISPERSIONSHIFTEDFIBER</EnumItem><EnumItem>CUTOFFSHIFTEDFIBER</EnumItem><EnumItem>NON_ZERODISPERSIONSHIFTEDFIBER</EnumItem><EnumItem>BEND_INSENSITIVEFIBER</EnumItem><EnumItem>OM1</EnumItem><EnumItem>OM2</EnumItem><EnumItem>OM3</EnumItem><EnumItem>OM4</EnumItem><EnumItem>OM5</EnumItem><EnumItem>OTHER</EnumItem><EnumItem>NOTKNOWN</EnumItem><EnumItem>UNSET</EnumItem></EnumList><ConstantList><ConstantDef><Name>STANDARDSINGLEMODEFIBER</Name><Definition>Standard single mode fiber.</Definition><NameAliases /><DefinitionAliases /></ConstantDef><ConstantDef><Name>LOWWATERPEAKFIBER</Name><Definition>Low water peak fiber.</Definition><NameAliases /><DefinitionAliases /></ConstantDef><ConstantDef><Name>DISPERSIONSHIFTEDFIBER</Name><Definition>Dispersion shifted fiber.</Definition><NameAliases /><DefinitionAliases /></ConstantDef><ConstantDef><Name>CUTOFFSHIFTEDFIBER</Name><Definition>Cut off shifted fiber.</Definition><NameAliases /><DefinitionAliases /></ConstantDef><ConstantDef><Name>NON_ZERODISPERSIONSHIFTEDFIBER</Name><Definition>Non zero dispersion shifted fiber.</Definition><NameAliases /><DefinitionAliases /></ConstantDef><ConstantDef><Name>BEND_INSENSITIVEFIBER</Name><Definition>Bend insensitive fiber.</Definition><NameAliases /><DefinitionAliases /></ConstantDef><ConstantDef><Name>OM1</Name><Definition>Optical multimode fiber 1.</Definition><NameAliases /><DefinitionAliases /></ConstantDef><ConstantDef><Name>OM2</Name><Definition>Optical multimode fiber 2.</Definition><NameAliases /><DefinitionAliases /></ConstantDef><ConstantDef><Name>OM3</Name><Definition>Optical multimode fiber 3.</Definition><NameAliases /><DefinitionAliases /></ConstantDef><ConstantDef><Name>OM4</Name><Definition>Optical multimode fiber 4.</Definition><NameAliases /><DefinitionAliases /></ConstantDef><ConstantDef><Name>OM5</Name><Definition>Optical multimode fiber 5.</Definition><NameAliases /><DefinitionAliases /></ConstantDef><ConstantDef><Name>OTHER</Name><Definition>required category not on scale</Definition><NameAliases><NameAlias lang="en">(other)</NameAlias></NameAliases><DefinitionAliases><DefinitionAlias lang="en">Value is not listed.</DefinitionAlias></DefinitionAliases></ConstantDef><ConstantDef><Name>NOTKNOWN</Name><Definition>Value is unkown</Definition><NameAliases><NameAlias lang="en">(unknown)</NameAlias></NameAliases><DefinitionAliases><DefinitionAlias lang="en">Value is unknown.</DefinitionAlias></DefinitionAliases></ConstantDef><ConstantDef><Name>UNSET</Name><Definition>Value has not been specified</Definition><NameAliases><NameAlias lang="en">(unset)</NameAlias></NameAliases><DefinitionAliases><DefinitionAlias lang="en">Value has not been specified.</DefinitionAlias></DefinitionAliases></ConstantDef></ConstantList></TypePropertyEnumeratedValue></PropertyType><NameAliases /><DefinitionAliases /></PropertyDef><PropertyDef ifdguid="eb8f3d601e374ee1be2a51469f90e8c3"><Name>ConnectorType</Name><Definition>Indicates the type of connector.</Definition><PropertyType><TypePropertySingleValue><DataType type="IfcLabel" /></TypePropertySingleValue></PropertyType><NameAliases /><DefinitionAliases /></PropertyDef></PropertyDefs><PsetDefinitionAliases /></PropertySetDef>