﻿<?xml version="1.0" encoding="utf-8"?><PropertySetDef xmlns:xsi="http://www.w3.org/2001/XMLSchema-instance" xmlns:xsd="http://www.w3.org/2001/XMLSchema" ifdguid="cf410fd8817c49a6a3a04196876feaee" templatetype="PSET_PERFORMANCEDRIVEN" xsi:noNamespaceSchemaLocation="http://buildingSMART-tech.org/xml/psd/PSD_IFC4.xsd" xmlns="http://buildingSMART-tech.org/xml/psd/PSD_IFC4.xsd"><IfcVersion version="IFC4X3_RC4" /><Name>Pset_IpNetworkEquipmentPHistory</Name><Definition>Properties defining performance information for IP network equipments.</Definition><Applicability /><ApplicableClasses><ClassName>IfcCommunicationsAppliance/IPNETWORKEQUIPMENT</ClassName></ApplicableClasses><ApplicableTypeValue>IfcCommunicationsAppliance/IPNETWORKEQUIPMENT</ApplicableTypeValue><PropertyDefs><PropertyDef ifdguid="f9422feaf5c04f7898833cc9ba144936"><Name>NumberOfPackets</Name><Definition>Indicates the number of packets of the IP network equipment.</Definition><PropertyType><TypePropertyReferenceValue reftype="IfcTimeSeries" /></PropertyType><NameAliases /><DefinitionAliases /></PropertyDef></PropertyDefs><PsetDefinitionAliases /></PropertySetDef>