﻿<?xml version="1.0" encoding="utf-8"?><PropertySetDef xmlns:xsi="http://www.w3.org/2001/XMLSchema-instance" xmlns:xsd="http://www.w3.org/2001/XMLSchema" ifdguid="f9c768c494cd05f5a90c33e797488409" templatetype="PSET_OCCURRENCEDRIVEN" xsi:noNamespaceSchemaLocation="http://buildingSMART-tech.org/xml/psd/PSD_IFC4.xsd" xmlns="http://buildingSMART-tech.org/xml/psd/PSD_IFC4.xsd"><IfcVersion version="IFC4X3_RC4" /><Name>Pset_TrackElementOccurrenceSleeper</Name><Definition>Properties common to the definition to all occurrences of IfcTrackElement with PredefinedType set to SLEEPER.</Definition><Applicability /><ApplicableClasses><ClassName>IfcTrackElement/SLEEPER</ClassName></ApplicableClasses><ApplicableTypeValue>IfcTrackElement/SLEEPER</ApplicableTypeValue><PropertyDefs><PropertyDef ifdguid="57cefb797aca44b79478ab857013a505"><Name>HasSpecialEquipment</Name><Definition>Indicates whether the sleeper has any special equipment for fastening components (e.g. Balise, signum magnet) or not.</Definition><PropertyType><TypePropertySingleValue><DataType type="IfcBoolean" /></TypePropertySingleValue></PropertyType><NameAliases /><DefinitionAliases /></PropertyDef><PropertyDef ifdguid="8aeb986de47d475794d423b91d6970fd"><Name>SequenceInTrackPanel</Name><Definition>Sequence of the sleeper within the track panel.</Definition><PropertyType><TypePropertySingleValue><DataType type="IfcInteger" /></TypePropertySingleValue></PropertyType><NameAliases /><DefinitionAliases /></PropertyDef><PropertyDef ifdguid="2c8f096290c04a7f971687e54e64b0c6"><Name>UnderSleeperPadStiffness</Name><Definition>Indicates the stiffness of the under-sleeper pad as design reference for the sleeper.</Definition><PropertyType><TypePropertyEnumeratedValue><EnumList name="PEnum_UnderSleeperPadStiffness"><EnumItem>MEDIUM</EnumItem><EnumItem>SOFT</EnumItem><EnumItem>STIFF</EnumItem><EnumItem>OTHER</EnumItem><EnumItem>NOTKNOWN</EnumItem><EnumItem>UNSET</EnumItem></EnumList><ConstantList><ConstantDef><Name>MEDIUM</Name><Definition>Medium</Definition><NameAliases /><DefinitionAliases /></ConstantDef><ConstantDef><Name>SOFT</Name><Definition>Soft</Definition><NameAliases /><DefinitionAliases /></ConstantDef><ConstantDef><Name>STIFF</Name><Definition>Stiff</Definition><NameAliases /><DefinitionAliases /></ConstantDef><ConstantDef><Name>OTHER</Name><Definition>required category not on scale</Definition><NameAliases><NameAlias lang="en">(other)</NameAlias></NameAliases><DefinitionAliases><DefinitionAlias lang="en">Value is not listed.</DefinitionAlias></DefinitionAliases></ConstantDef><ConstantDef><Name>NOTKNOWN</Name><Definition>Value is unkown</Definition><NameAliases><NameAlias lang="en">(unknown)</NameAlias></NameAliases><DefinitionAliases><DefinitionAlias lang="en">Value is unknown.</DefinitionAlias></DefinitionAliases></ConstantDef><ConstantDef><Name>UNSET</Name><Definition>Value has not been specified</Definition><NameAliases><NameAlias lang="en">(unset)</NameAlias></NameAliases><DefinitionAliases><DefinitionAlias lang="en">Value has not been specified.</DefinitionAlias></DefinitionAliases></ConstantDef></ConstantList></TypePropertyEnumeratedValue></PropertyType><NameAliases /><DefinitionAliases /></PropertyDef><PropertyDef ifdguid="f9a1ea21907e44c2b9228e572acd4cce"><Name>IsContaminatedSleeper</Name><Definition>Indicates whether the sleeper is contaminated and requires special disposal or not.</Definition><PropertyType><TypePropertySingleValue><DataType type="IfcBoolean" /></TypePropertySingleValue></PropertyType><NameAliases /><DefinitionAliases /></PropertyDef></PropertyDefs><PsetDefinitionAliases /></PropertySetDef>