﻿<?xml version="1.0" encoding="utf-8"?><PropertySetDef xmlns:xsi="http://www.w3.org/2001/XMLSchema-instance" xmlns:xsd="http://www.w3.org/2001/XMLSchema" ifdguid="b2694d80989f8f6e67946a0c7931ab8f" templatetype="PSET_TYPEDRIVENOVERRIDE" xsi:noNamespaceSchemaLocation="http://buildingSMART-tech.org/xml/psd/PSD_IFC4.xsd" xmlns="http://buildingSMART-tech.org/xml/psd/PSD_IFC4.xsd"><IfcVersion version="IFC4X3_RC4" /><Name>Pset_DiscreteAccessoryTypeBracket</Name><Definition>Properties of a bracket. The property set can be used by the predefined type BRACKET of IfcDiscreteAccessory.</Definition><Applicability /><ApplicableClasses><ClassName>IfcDiscreteAccessory/BRACKET</ClassName></ApplicableClasses><ApplicableTypeValue>IfcDiscreteAccessory/BRACKET</ApplicableTypeValue><PropertyDefs><PropertyDef ifdguid="0ed3f4aa2f9f491f8839676c9d47f409"><Name>IsInsulated</Name><Definition>Indicates whether the element is insulated or not.</Definition><PropertyType><TypePropertySingleValue><DataType type="IfcBoolean" /></TypePropertySingleValue></PropertyType><NameAliases /><DefinitionAliases /></PropertyDef></PropertyDefs><PsetDefinitionAliases /></PropertySetDef>