﻿<?xml version="1.0" encoding="utf-8"?><PropertySetDef xmlns:xsi="http://www.w3.org/2001/XMLSchema-instance" xmlns:xsd="http://www.w3.org/2001/XMLSchema" ifdguid="1dbba680d1d211e1800000215ad4efdf" templatetype="PSET_TYPEDRIVENOVERRIDE" xsi:noNamespaceSchemaLocation="http://buildingSMART-tech.org/xml/psd/PSD_IFC4.xsd" xmlns="http://buildingSMART-tech.org/xml/psd/PSD_IFC4.xsd"><IfcVersion version="IFC4X3_RC4" /><Name>Pset_DiscreteAccessoryColumnShoe</Name><Definition>Shape properties common to column shoes.</Definition><Applicability /><ApplicableClasses><ClassName>IfcDiscreteAccessory/SHOE</ClassName></ApplicableClasses><ApplicableTypeValue>IfcDiscreteAccessory/SHOE</ApplicableTypeValue><PropertyDefs><PropertyDef ifdguid="2613e180d1d211e1800000215ad4efdf"><Name>ColumnShoeBasePlateThickness</Name><Definition>The thickness of the column shoe base plate.</Definition><PropertyType><TypePropertySingleValue><DataType type="IfcPositiveLengthMeasure" /></TypePropertySingleValue></PropertyType><NameAliases><NameAlias lang="en">Column Shoe Base Plate Thickness</NameAlias><NameAlias lang="ja-JP">ベースプレート厚</NameAlias><NameAlias lang="ko-KR">베이스 플레이트 두께</NameAlias></NameAliases><DefinitionAliases><DefinitionAlias lang="en" /><DefinitionAlias lang="ja-JP">柱脚ベースプレートの板厚。</DefinitionAlias><DefinitionAlias lang="ko-KR">기둥 다리베이스 플레이트의 두께</DefinitionAlias></DefinitionAliases></PropertyDef><PropertyDef ifdguid="2c09c280d1d211e1800000215ad4efdf"><Name>ColumnShoeBasePlateWidth</Name><Definition>The width of the column shoe base plate.</Definition><PropertyType><TypePropertySingleValue><DataType type="IfcPositiveLengthMeasure" /></TypePropertySingleValue></PropertyType><NameAliases><NameAlias lang="en">Column Shoe Base Plate Width</NameAlias><NameAlias lang="ja-JP">ベースプレート幅</NameAlias><NameAlias lang="ko-KR">베이스 플레이트 폭</NameAlias></NameAliases><DefinitionAliases><DefinitionAlias lang="en" /><DefinitionAlias lang="ja-JP">柱脚ベースプレートの幅。</DefinitionAlias><DefinitionAlias lang="ko-KR">기둥 다리 받침판 폭</DefinitionAlias></DefinitionAliases></PropertyDef><PropertyDef ifdguid="30ce7680d1d211e1800000215ad4efdf"><Name>ColumnShoeBasePlateDepth</Name><Definition>The depth of the column shoe base plate.</Definition><PropertyType><TypePropertySingleValue><DataType type="IfcPositiveLengthMeasure" /></TypePropertySingleValue></PropertyType><NameAliases><NameAlias lang="en">Column Shoe Base Plate Depth</NameAlias><NameAlias lang="ja-JP">ベースプレート成</NameAlias><NameAlias lang="ko-KR">베이스 플레이트 구성</NameAlias></NameAliases><DefinitionAliases><DefinitionAlias lang="en" /><DefinitionAlias lang="ja-JP">柱脚ベースプレートの成。</DefinitionAlias><DefinitionAlias lang="ko-KR">기둥 다리 받침판 구성</DefinitionAlias></DefinitionAliases></PropertyDef><PropertyDef ifdguid="362bc100d1d211e1800000215ad4efdf"><Name>ColumnShoeCasingHeight</Name><Definition>The height of the column shoe casing.</Definition><PropertyType><TypePropertySingleValue><DataType type="IfcPositiveLengthMeasure" /></TypePropertySingleValue></PropertyType><NameAliases><NameAlias lang="en">Column Shoe Casing Height</NameAlias><NameAlias lang="ja-JP">ケーシング厚</NameAlias><NameAlias lang="ko-KR">케이스 두께</NameAlias></NameAliases><DefinitionAliases><DefinitionAlias lang="en" /><DefinitionAlias lang="ja-JP">柱脚ケーシングの板厚。</DefinitionAlias><DefinitionAlias lang="ko-KR">기둥 다리 케이스의 두께</DefinitionAlias></DefinitionAliases></PropertyDef><PropertyDef ifdguid="3af07500d1d211e1800000215ad4efdf"><Name>ColumnShoeCasingWidth</Name><Definition>The width of the column shoe casing.</Definition><PropertyType><TypePropertySingleValue><DataType type="IfcPositiveLengthMeasure" /></TypePropertySingleValue></PropertyType><NameAliases><NameAlias lang="en">Column Shoe Casing Width</NameAlias><NameAlias lang="ja-JP">ケーシング幅</NameAlias><NameAlias lang="ko-KR">케이스 폭</NameAlias></NameAliases><DefinitionAliases><DefinitionAlias lang="en" /><DefinitionAlias lang="ja-JP">柱脚ケーシングの幅。</DefinitionAlias><DefinitionAlias lang="ko-KR">기둥 다리 케이스의 폭</DefinitionAlias></DefinitionAliases></PropertyDef><PropertyDef ifdguid="404dbf80d1d211e1800000215ad4efdf"><Name>ColumnShoeCasingDepth</Name><Definition>The depth of the column shoe casing.</Definition><PropertyType><TypePropertySingleValue><DataType type="IfcPositiveLengthMeasure" /></TypePropertySingleValue></PropertyType><NameAliases><NameAlias lang="en">Column Shoe Casing Depth</NameAlias><NameAlias lang="ja-JP">ケーシング成</NameAlias><NameAlias lang="ko-KR">케이스 구성</NameAlias></NameAliases><DefinitionAliases><DefinitionAlias lang="en" /><DefinitionAlias lang="ja-JP">柱脚ケーシングの成。</DefinitionAlias><DefinitionAlias lang="ko-KR">기둥 다리 케이스의 구성</DefinitionAlias></DefinitionAliases></PropertyDef></PropertyDefs><PsetDefinitionAliases><PsetDefinitionAlias lang="en" /><PsetDefinitionAlias lang="ja-JP">柱脚の共通形状特性。</PsetDefinitionAlias></PsetDefinitionAliases></PropertySetDef>