﻿<?xml version="1.0" encoding="utf-8"?><PropertySetDef xmlns:xsi="http://www.w3.org/2001/XMLSchema-instance" xmlns:xsd="http://www.w3.org/2001/XMLSchema" ifdguid="d380f800d1c611e1800000215ad4efdf" templatetype="PSET_TYPEDRIVENOVERRIDE" xsi:noNamespaceSchemaLocation="http://buildingSMART-tech.org/xml/psd/PSD_IFC4.xsd" xmlns="http://buildingSMART-tech.org/xml/psd/PSD_IFC4.xsd"><IfcVersion version="IFC4X3_RC4" /><Name>Pset_CableCarrierSegmentTypeConduitSegment</Name><Definition>An enclosed tubular carrier segment through which cables are pulled.
HISTORY: IFC4 - NominalLength deleted. To be handled as a quantity measure.</Definition><Applicability /><ApplicableClasses><ClassName>IfcCableCarrierSegment/CONDUITSEGMENT</ClassName></ApplicableClasses><ApplicableTypeValue>IfcCableCarrierSegment/CONDUITSEGMENT</ApplicableTypeValue><PropertyDefs><PropertyDef ifdguid="a28e9f226e204a909976810e633a45f4"><Name>NominalWidth</Name><Definition>The nominal width of the object.</Definition><PropertyType><TypePropertySingleValue><DataType type="IfcNonNegativeLengthMeasure" /></TypePropertySingleValue></PropertyType><NameAliases><NameAlias lang="en">Nominal Width</NameAlias><NameAlias lang="ja-JP">公称幅</NameAlias><NameAlias lang="ko-KR">공칭 폭</NameAlias></NameAliases><DefinitionAliases><DefinitionAlias lang="en" /><DefinitionAlias lang="ja-JP">呼び幅寸法。</DefinitionAlias><DefinitionAlias lang="ko-KR">폭 치수</DefinitionAlias></DefinitionAliases></PropertyDef><PropertyDef ifdguid="df6cba00d1c611e1800000215ad4efdf"><Name>NominalHeight</Name><Definition>The nominal height of the segment.</Definition><PropertyType><TypePropertySingleValue><DataType type="IfcPositiveLengthMeasure" /></TypePropertySingleValue></PropertyType><NameAliases><NameAlias lang="en">Nominal Height</NameAlias><NameAlias lang="ja-JP">公称高</NameAlias><NameAlias lang="ko-KR">공칭 높이</NameAlias></NameAliases><DefinitionAliases><DefinitionAlias lang="en" /><DefinitionAlias lang="ja-JP">呼び高寸法。</DefinitionAlias><DefinitionAlias lang="ko-KR">고 치수</DefinitionAlias></DefinitionAliases></PropertyDef><PropertyDef ifdguid="e5fb3180d1c611e1800000215ad4efdf"><Name>ConduitShapeType</Name><Definition>The shape of the conduit segment.</Definition><PropertyType><TypePropertyEnumeratedValue><EnumList name="PEnum_ConduitShapeType"><EnumItem>CIRCULAR</EnumItem><EnumItem>OVAL</EnumItem><EnumItem>OTHER</EnumItem><EnumItem>NOTKNOWN</EnumItem><EnumItem>UNSET</EnumItem></EnumList><ConstantList><ConstantDef><Name>CIRCULAR</Name><NameAliases><NameAlias lang="en">Circular</NameAlias></NameAliases><DefinitionAliases /></ConstantDef><ConstantDef><Name>OVAL</Name><NameAliases><NameAlias lang="en">Oval</NameAlias></NameAliases><DefinitionAliases /></ConstantDef><ConstantDef><Name>OTHER</Name><Definition>required category not on scale</Definition><NameAliases><NameAlias lang="en">(other)</NameAlias></NameAliases><DefinitionAliases><DefinitionAlias lang="en">Value is not listed.</DefinitionAlias></DefinitionAliases></ConstantDef><ConstantDef><Name>NOTKNOWN</Name><Definition>Value is unkown</Definition><NameAliases><NameAlias lang="en">(unknown)</NameAlias></NameAliases><DefinitionAliases><DefinitionAlias lang="en">Value is unknown.</DefinitionAlias></DefinitionAliases></ConstantDef><ConstantDef><Name>UNSET</Name><Definition>Value has not been specified</Definition><NameAliases><NameAlias lang="en">(unset)</NameAlias></NameAliases><DefinitionAliases><DefinitionAlias lang="en">Value has not been specified.</DefinitionAlias></DefinitionAliases></ConstantDef></ConstantList></TypePropertyEnumeratedValue></PropertyType><NameAliases><NameAlias lang="en">Conduit Shape Type</NameAlias><NameAlias lang="ja-JP">電線管のタイプ</NameAlias><NameAlias lang="ko-KR">전선관의 유형</NameAlias></NameAliases><DefinitionAliases><DefinitionAlias lang="en" /><DefinitionAlias lang="ja-JP">電線管の形状タイプ。
（円筒形,卵形,その他,不明,なし）</DefinitionAlias><DefinitionAlias lang="ko-KR">전선관의 형상 타입. (원통형, 계란 모양, 기타 알 수 없음) "</DefinitionAlias></DefinitionAliases></PropertyDef><PropertyDef ifdguid="f4494d80d1c611e1800000215ad4efdf"><Name>IsRigid</Name><Definition>Indication of whether the segment is rigid (= TRUE) or flexible (= FALSE).</Definition><PropertyType><TypePropertySingleValue><DataType type="IfcBoolean" /></TypePropertySingleValue></PropertyType><NameAliases><NameAlias lang="en">Is Rigid</NameAlias><NameAlias lang="ja-JP">鋼管</NameAlias><NameAlias lang="ko-KR">강관</NameAlias></NameAliases><DefinitionAliases><DefinitionAlias lang="en" /><DefinitionAlias lang="ja-JP">鋼管か否か。</DefinitionAlias><DefinitionAlias lang="ko-KR" /></DefinitionAliases></PropertyDef><PropertyDef ifdguid="8e82b300d21211e1800000215ad4efdf"><Name>NominalDiameter</Name><Definition>Nominal diameter or width of the tubes in the tube bundle.</Definition><PropertyType><TypePropertySingleValue><DataType type="IfcPositiveLengthMeasure" /></TypePropertySingleValue></PropertyType><NameAliases><NameAlias lang="en">Nominal Diameter</NameAlias><NameAlias lang="ja-JP">公称直径</NameAlias></NameAliases><DefinitionAliases><DefinitionAlias lang="en" /><DefinitionAlias lang="ja-JP">チューブ束内のチューブ公称直径又は幅</DefinitionAlias></DefinitionAliases></PropertyDef></PropertyDefs><PsetDefinitionAliases><PsetDefinitionAlias lang="en" /><PsetDefinitionAlias lang="ja-JP">電線管のプロパティを設定。</PsetDefinitionAlias></PsetDefinitionAliases></PropertySetDef>