﻿<?xml version="1.0" encoding="utf-8"?><PropertySetDef xmlns:xsi="http://www.w3.org/2001/XMLSchema-instance" xmlns:xsd="http://www.w3.org/2001/XMLSchema" ifdguid="1cfe63b4ddfbbcfbc93b7d2233065a75" templatetype="PSET_TYPEDRIVENOVERRIDE" xsi:noNamespaceSchemaLocation="http://buildingSMART-tech.org/xml/psd/PSD_IFC4.xsd" xmlns="http://buildingSMART-tech.org/xml/psd/PSD_IFC4.xsd"><IfcVersion version="IFC4X3_RC4" /><Name>Pset_PowerControlSystem</Name><Definition>Properties of power control system. The property set can be used by the predefined type ELECTRICAL of IfcDistributionSystem. The property set can be used to characterize the system that controls the railway energy network.</Definition><Applicability /><ApplicableClasses><ClassName>IfcDistributionSystem/ELECTRICAL</ClassName></ApplicableClasses><ApplicableTypeValue>IfcDistributionSystem/ELECTRICAL</ApplicableTypeValue><PropertyDefs><PropertyDef ifdguid="e016c1b196e6495cbdfe58665d2c5b60"><Name>AssemblyInstruction</Name><Definition>Instructions to describe how the system / equipment / facility is assembled.</Definition><PropertyType><TypePropertyReferenceValue reftype="IfcExternalReference" /></PropertyType><NameAliases /><DefinitionAliases /></PropertyDef></PropertyDefs><PsetDefinitionAliases /></PropertySetDef>