﻿<?xml version="1.0" encoding="utf-8"?><PropertySetDef xmlns:xsi="http://www.w3.org/2001/XMLSchema-instance" xmlns:xsd="http://www.w3.org/2001/XMLSchema" ifdguid="1beaa2e6a4a14d14a2c7ba651e6baec6" xsi:noNamespaceSchemaLocation="http://buildingSMART-tech.org/xml/psd/PSD_IFC4.xsd" xmlns="http://buildingSMART-tech.org/xml/psd/PSD_IFC4.xsd"><IfcVersion version="IFC4X3_RC4" /><Name>Pset_RoadSymbolsCommon</Name><Definition>Properties for road symbols.</Definition><Applicability /><ApplicableClasses><ClassName>IfcSurfaceFeature/(.SYMBOLMARKING.)</ClassName></ApplicableClasses><ApplicableTypeValue>IfcSurfaceFeature/(.SYMBOLMARKING.)</ApplicableTypeValue><PropertyDefs><PropertyDef ifdguid="ebd38aa8ddd646f08a9a588f0bc095af"><Name>Text</Name><Definition>Text content</Definition><PropertyType><TypePropertySingleValue><DataType type="IfcText" /></TypePropertySingleValue></PropertyType><NameAliases /><DefinitionAliases /></PropertyDef><PropertyDef ifdguid="fec5ed14d21e43eeba124e8eb03952d0"><Name>TypeDesignation</Name><Definition>Type designator according to local standards</Definition><PropertyType><TypePropertySingleValue><DataType type="IfcLabel" /></TypePropertySingleValue></PropertyType><NameAliases /><DefinitionAliases /></PropertyDef></PropertyDefs><PsetDefinitionAliases /></PropertySetDef>