﻿<?xml version="1.0" encoding="utf-8"?><PropertySetDef xmlns:xsi="http://www.w3.org/2001/XMLSchema-instance" xmlns:xsd="http://www.w3.org/2001/XMLSchema" ifdguid="24ddb700d1c811e1800000215ad4efdf" templatetype="PSET_TYPEDRIVENOVERRIDE" xsi:noNamespaceSchemaLocation="http://buildingSMART-tech.org/xml/psd/PSD_IFC4.xsd" xmlns="http://buildingSMART-tech.org/xml/psd/PSD_IFC4.xsd"><IfcVersion version="IFC4X3_RC4" /><Name>Pset_CableSegmentTypeConductorSegment</Name><Definition>An electrical conductor is a single linear element with the specific purpose to lead electric current. The core of one lead is normally single wired or multiwired which are intertwined. According to IEC 60050: IEV 195-01-07, a conductor is a conductive part intended to carry a specified electric current.</Definition><Applicability /><ApplicableClasses><ClassName>IfcCableSegment/CONDUCTORSEGMENT</ClassName></ApplicableClasses><ApplicableTypeValue>IfcCableSegment/CONDUCTORSEGMENT</ApplicableTypeValue><PropertyDefs><PropertyDef ifdguid="2a3b0180d1c811e1800000215ad4efdf"><Name>CrossSectionalArea</Name><Definition>Cross section area of the phase(s) lead(s).</Definition><PropertyType><TypePropertySingleValue><DataType type="IfcAreaMeasure" /></TypePropertySingleValue></PropertyType><NameAliases><NameAlias lang="en">Cross Sectional Area</NameAlias><NameAlias lang="ja-JP">断面積</NameAlias><NameAlias lang="ko-KR">단면적 영역</NameAlias></NameAliases><DefinitionAliases><DefinitionAlias lang="en" /><DefinitionAlias lang="ja-JP">位相、リードの断面積。</DefinitionAlias><DefinitionAlias lang="ko-KR">리드 단면적.</DefinitionAlias></DefinitionAliases></PropertyDef><PropertyDef ifdguid="30c97900d1c811e1800000215ad4efdf"><Name>Function</Name><Definition>Type of function for which the conductor is intended.</Definition><PropertyType><TypePropertyEnumeratedValue><EnumList name="PEnum_FunctionEnum"><EnumItem>LINE</EnumItem><EnumItem>NEUTRAL</EnumItem><EnumItem>PROTECTIVEEARTH</EnumItem><EnumItem>PROTECTIVEEARTHNEUTRAL</EnumItem><EnumItem>OTHER</EnumItem><EnumItem>NOTKNOWN</EnumItem><EnumItem>UNSET</EnumItem></EnumList><ConstantList><ConstantDef><Name>LINE</Name><NameAliases><NameAlias lang="en">Line</NameAlias></NameAliases><DefinitionAliases /></ConstantDef><ConstantDef><Name>NEUTRAL</Name><NameAliases><NameAlias lang="en">Neutral</NameAlias></NameAliases><DefinitionAliases /></ConstantDef><ConstantDef><Name>PROTECTIVEEARTH</Name><NameAliases><NameAlias lang="en">Protective Earth</NameAlias></NameAliases><DefinitionAliases /></ConstantDef><ConstantDef><Name>PROTECTIVEEARTHNEUTRAL</Name><NameAliases><NameAlias lang="en">Protective Earth Neutral</NameAlias></NameAliases><DefinitionAliases /></ConstantDef><ConstantDef><Name>OTHER</Name><Definition>required category not on scale</Definition><NameAliases><NameAlias lang="en">(other)</NameAlias></NameAliases><DefinitionAliases><DefinitionAlias lang="en">Value is not listed.</DefinitionAlias></DefinitionAliases></ConstantDef><ConstantDef><Name>NOTKNOWN</Name><Definition>Value is unkown</Definition><NameAliases><NameAlias lang="en">(unknown)</NameAlias></NameAliases><DefinitionAliases><DefinitionAlias lang="en">Value is unknown.</DefinitionAlias></DefinitionAliases></ConstantDef><ConstantDef><Name>UNSET</Name><Definition>Value has not been specified</Definition><NameAliases><NameAlias lang="en">(unset)</NameAlias></NameAliases><DefinitionAliases><DefinitionAlias lang="en">Value has not been specified.</DefinitionAlias></DefinitionAliases></ConstantDef></ConstantList></TypePropertyEnumeratedValue></PropertyType><NameAliases><NameAlias lang="en">Function</NameAlias><NameAlias lang="ja-JP">機能</NameAlias><NameAlias lang="ko-KR">기능</NameAlias></NameAliases><DefinitionAliases><DefinitionAlias lang="en" /><DefinitionAlias lang="ja-JP">導体の機能のタイプ。</DefinitionAlias><DefinitionAlias lang="ko-KR">도체의 기능 유형.</DefinitionAlias></DefinitionAliases></PropertyDef><PropertyDef ifdguid="40e15880d1c811e1800000215ad4efdf"><Name>Material</Name><Definition>Type of material from which the conductor is constructed.</Definition><PropertyType><TypePropertyEnumeratedValue><EnumList name="PEnum_MaterialEnum"><EnumItem>ALUMINIUM</EnumItem><EnumItem>COPPER</EnumItem><EnumItem>OTHER</EnumItem><EnumItem>NOTKNOWN</EnumItem><EnumItem>UNSET</EnumItem></EnumList><ConstantList><ConstantDef><Name>ALUMINIUM</Name><NameAliases><NameAlias lang="en">Aluminium</NameAlias></NameAliases><DefinitionAliases /></ConstantDef><ConstantDef><Name>COPPER</Name><NameAliases><NameAlias lang="en">Copper</NameAlias></NameAliases><DefinitionAliases /></ConstantDef><ConstantDef><Name>OTHER</Name><Definition>required category not on scale</Definition><NameAliases><NameAlias lang="en">(other)</NameAlias></NameAliases><DefinitionAliases><DefinitionAlias lang="en">Value is not listed.</DefinitionAlias></DefinitionAliases></ConstantDef><ConstantDef><Name>NOTKNOWN</Name><Definition>Value is unkown</Definition><NameAliases><NameAlias lang="en">(unknown)</NameAlias></NameAliases><DefinitionAliases><DefinitionAlias lang="en">Value is unknown.</DefinitionAlias></DefinitionAliases></ConstantDef><ConstantDef><Name>UNSET</Name><Definition>Value has not been specified</Definition><NameAliases><NameAlias lang="en">(unset)</NameAlias></NameAliases><DefinitionAliases><DefinitionAlias lang="en">Value has not been specified.</DefinitionAlias></DefinitionAliases></ConstantDef></ConstantList></TypePropertyEnumeratedValue></PropertyType><NameAliases><NameAlias lang="en">Material</NameAlias><NameAlias lang="ja-JP">材料</NameAlias><NameAlias lang="ko-KR">도체의 기능 유형.</NameAlias></NameAliases><DefinitionAliases><DefinitionAlias lang="en" /><DefinitionAlias lang="ja-JP">導体を構成する材料のタイプ。</DefinitionAlias><DefinitionAlias lang="ko-KR">도체를 구성하는 재료의 종류.</DefinitionAlias></DefinitionAliases></PropertyDef><PropertyDef ifdguid="4ccd1a80d1c811e1800000215ad4efdf"><Name>Construction</Name><Definition>Purpose of informing on how the vonductor is constucted (interwined or solid). I.e. Solid (IEV 461-01-06), stranded (IEV 461-01-07), solid-/finestranded(IEV 461-01-11) (not flexible/flexible).</Definition><PropertyType><TypePropertyEnumeratedValue><EnumList name="PEnum_ConstructionEnum"><EnumItem>SOLIDCONDUCTOR</EnumItem><EnumItem>STRANDEDCONDUCTOR</EnumItem><EnumItem>FLEXIBLESTRANDEDCONDUCTOR</EnumItem><EnumItem>OTHER</EnumItem><EnumItem>NOTKNOWN</EnumItem><EnumItem>UNSET</EnumItem></EnumList><ConstantList><ConstantDef><Name>SOLIDCONDUCTOR</Name><NameAliases><NameAlias lang="en">Solid Conductor</NameAlias></NameAliases><DefinitionAliases /></ConstantDef><ConstantDef><Name>STRANDEDCONDUCTOR</Name><NameAliases><NameAlias lang="en">Stranded Conductor</NameAlias></NameAliases><DefinitionAliases /></ConstantDef><ConstantDef><Name>FLEXIBLESTRANDEDCONDUCTOR</Name><NameAliases><NameAlias lang="en">Flexible Stranded Conductor</NameAlias></NameAliases><DefinitionAliases /></ConstantDef><ConstantDef><Name>OTHER</Name><Definition>required category not on scale</Definition><NameAliases><NameAlias lang="en">(other)</NameAlias></NameAliases><DefinitionAliases><DefinitionAlias lang="en">Value is not listed.</DefinitionAlias></DefinitionAliases></ConstantDef><ConstantDef><Name>NOTKNOWN</Name><Definition>Value is unkown</Definition><NameAliases><NameAlias lang="en">(unknown)</NameAlias></NameAliases><DefinitionAliases><DefinitionAlias lang="en">Value is unknown.</DefinitionAlias></DefinitionAliases></ConstantDef><ConstantDef><Name>UNSET</Name><Definition>Value has not been specified</Definition><NameAliases><NameAlias lang="en">(unset)</NameAlias></NameAliases><DefinitionAliases><DefinitionAlias lang="en">Value has not been specified.</DefinitionAlias></DefinitionAliases></ConstantDef></ConstantList></TypePropertyEnumeratedValue></PropertyType><NameAliases><NameAlias lang="en">Construction</NameAlias><NameAlias lang="ja-JP">構造</NameAlias><NameAlias lang="ko-KR">구조</NameAlias></NameAliases><DefinitionAliases><DefinitionAlias lang="en" /><DefinitionAlias lang="ja-JP">導体の構成（より線か単線）の定義。すなわち単線（IEV 461-01-06）、より線（IEV 461-01-07）、フレキシブル導体（IEV 461-01-11）（フレキシブルか否か）で定義。</DefinitionAlias><DefinitionAlias lang="ko-KR">도체 구성 (연선 또는 단선)의 정의 즉 단선 (IEV 461-01-06), 트위스트 (IEV 461-01-07), 플렉서블 도체 (IEV 461-01-11) (유연한 아닌지 가) 정의</DefinitionAlias></DefinitionAliases></PropertyDef><PropertyDef ifdguid="59ea0980d1c811e1800000215ad4efdf"><Name>Shape</Name><Definition>Indication of the shape of the conductor.</Definition><PropertyType><TypePropertyEnumeratedValue><EnumList name="PEnum_ShapeEnum"><EnumItem>HELICALCONDUCTOR</EnumItem><EnumItem>CIRCULARCONDUCTOR</EnumItem><EnumItem>SECTORCONDUCTOR</EnumItem><EnumItem>RECTANGULARCONDUCTOR</EnumItem><EnumItem>OTHER</EnumItem><EnumItem>NOTKNOWN</EnumItem><EnumItem>UNSET</EnumItem></EnumList><ConstantList><ConstantDef><Name>HELICALCONDUCTOR</Name><NameAliases><NameAlias lang="en">Helical Conductor</NameAlias></NameAliases><DefinitionAliases /></ConstantDef><ConstantDef><Name>CIRCULARCONDUCTOR</Name><NameAliases><NameAlias lang="en">Circular Conductor</NameAlias></NameAliases><DefinitionAliases /></ConstantDef><ConstantDef><Name>SECTORCONDUCTOR</Name><NameAliases><NameAlias lang="en">Sector Conductor</NameAlias></NameAliases><DefinitionAliases /></ConstantDef><ConstantDef><Name>RECTANGULARCONDUCTOR</Name><NameAliases><NameAlias lang="en">Rectangular Conductor</NameAlias></NameAliases><DefinitionAliases /></ConstantDef><ConstantDef><Name>OTHER</Name><Definition>required category not on scale</Definition><NameAliases><NameAlias lang="en">(other)</NameAlias></NameAliases><DefinitionAliases><DefinitionAlias lang="en">Value is not listed.</DefinitionAlias></DefinitionAliases></ConstantDef><ConstantDef><Name>NOTKNOWN</Name><Definition>Value is unkown</Definition><NameAliases><NameAlias lang="en">(unknown)</NameAlias></NameAliases><DefinitionAliases><DefinitionAlias lang="en">Value is unknown.</DefinitionAlias></DefinitionAliases></ConstantDef><ConstantDef><Name>UNSET</Name><Definition>Value has not been specified</Definition><NameAliases><NameAlias lang="en">(unset)</NameAlias></NameAliases><DefinitionAliases><DefinitionAlias lang="en">Value has not been specified.</DefinitionAlias></DefinitionAliases></ConstantDef></ConstantList></TypePropertyEnumeratedValue></PropertyType><NameAliases><NameAlias lang="en">Shape</NameAlias><NameAlias lang="ja-JP">形状</NameAlias><NameAlias lang="ko-KR">형상</NameAlias></NameAliases><DefinitionAliases><DefinitionAlias lang="en" /><DefinitionAlias lang="ja-JP">導体の形状を表示。</DefinitionAlias><DefinitionAlias lang="ko-KR">도체의 형상을 표시합니다.</DefinitionAlias></DefinitionAliases></PropertyDef><PropertyDef ifdguid="3636bb80d1e811e1800000215ad4efdf"><Name>NominalCurrent</Name><Definition>The nominal current that is designed to be measured.</Definition><PropertyType><TypePropertySingleValue><DataType type="IfcElectricCurrentMeasure" /></TypePropertySingleValue></PropertyType><NameAliases><NameAlias lang="en">Nominal Current</NameAlias></NameAliases><DefinitionAliases><DefinitionAlias lang="en" /></DefinitionAliases></PropertyDef><PropertyDef ifdguid="bf9dd06046c447428099a348641c3733"><Name>ACResistance</Name><Definition>The resistance under AC.</Definition><PropertyType><TypePropertySingleValue><DataType type="IfcElectricResistanceMeasure" /></TypePropertySingleValue></PropertyType><NameAliases /><DefinitionAliases /></PropertyDef><PropertyDef ifdguid="8b290080d1ed11e1800000215ad4efdf"><Name>ThermalExpansionCoefficient</Name><Definition>Quantity characterizing the variation with thermodynamic temperature T of the distance l between two points of a body, under given conditions (IEC 113-04-27). The ratio is defined per Kelvin.</Definition><PropertyType><TypePropertySingleValue><DataType type="IfcThermalExpansionCoefficientMeasure" /></TypePropertySingleValue></PropertyType><NameAliases><NameAlias lang="en">Thermal Expansion Coefficient</NameAlias></NameAliases><DefinitionAliases><DefinitionAlias lang="en" /></DefinitionAliases></PropertyDef><PropertyDef ifdguid="a56d336272784003b1418d8169f8652f"><Name>CurrentCarryingCapacity</Name><Definition>Maximum value of electric current which can be carried continuously by a conductor, a device or an apparatus, under specified conditions without its steady-state temperature exceeding a  specified value. Based on IEC60826-11-13. NOTE: The temperature specified value is maximum Design Ambient Temperature.</Definition><PropertyType><TypePropertySingleValue><DataType type="IfcElectricCurrentMeasure" /></TypePropertySingleValue></PropertyType><NameAliases><NameAlias lang="en">Current Carrying Capasity</NameAlias></NameAliases><DefinitionAliases><DefinitionAlias lang="en" /></DefinitionAliases></PropertyDef><PropertyDef ifdguid="284d71d234d045d8badb4db9c476d31e"><Name>UltimateTensileStrength</Name><Definition>Indicates the maximum stress that a material or element can withstand before breaking while being stretched or pulled.</Definition><PropertyType><TypePropertySingleValue><DataType type="IfcForceMeasure" /></TypePropertySingleValue></PropertyType><NameAliases /><DefinitionAliases /></PropertyDef><PropertyDef ifdguid="65ecc000d1f611e1800000215ad4efdf"><Name>MassPerLength</Name><Definition>Mass per length, i.e. mass of a beam with a unit length of extrusion. For example measured in kg/m.</Definition><PropertyType><TypePropertySingleValue><DataType type="IfcMassPerLengthMeasure" /></TypePropertySingleValue></PropertyType><NameAliases><NameAlias lang="en">Mass Per Length</NameAlias></NameAliases><DefinitionAliases><DefinitionAlias lang="en" /></DefinitionAliases></PropertyDef><PropertyDef ifdguid="7561e794915842b6a10e7015c0cbcd6c"><Name>TensileStrength</Name><Definition>Indicates the ability to withstand breakage apart under applied force.</Definition><PropertyType><TypePropertySingleValue><DataType type="IfcPressureMeasure" /></TypePropertySingleValue></PropertyType><NameAliases /><DefinitionAliases /></PropertyDef><PropertyDef ifdguid="7b112100d1ed11e1800000215ad4efdf"><Name>YoungModulus</Name><Definition>A measure of the Young's modulus of elasticity of the material.</Definition><PropertyType><TypePropertySingleValue><DataType type="IfcModulusOfElasticityMeasure" /></TypePropertySingleValue></PropertyType><NameAliases><NameAlias lang="en">Young Modulus</NameAlias></NameAliases><DefinitionAliases><DefinitionAlias lang="en" /></DefinitionAliases></PropertyDef><PropertyDef ifdguid="6c4768ceed5f40fab50dc297372ba984"><Name>DCResistance</Name><Definition>The resistance under direct current and 20 degrees centigrade.</Definition><PropertyType><TypePropertySingleValue><DataType type="IfcElectricResistanceMeasure" /></TypePropertySingleValue></PropertyType><NameAliases /><DefinitionAliases /></PropertyDef><PropertyDef ifdguid="38d4e900d1c711e1800000215ad4efdf"><Name>OverallDiameter</Name><Definition>The overall diameter of a Cable/Bus.</Definition><PropertyType><TypePropertySingleValue><DataType type="IfcPositiveLengthMeasure" /></TypePropertySingleValue></PropertyType><NameAliases><NameAlias lang="en">Overall Diameter</NameAlias><NameAlias lang="ja-JP">直径</NameAlias><NameAlias lang="ko-KR">직경</NameAlias></NameAliases><DefinitionAliases><DefinitionAlias lang="en" /><DefinitionAlias lang="ja-JP">ケーブルや母線の外形寸法（直径）を示す。</DefinitionAlias><DefinitionAlias lang="ko-KR">케이블과 모선의 외형 치수 (직경)를 나타낸다.</DefinitionAlias></DefinitionAliases></PropertyDef><PropertyDef ifdguid="31154480d1c711e1800000215ad4efdf"><Name>NumberOfCores</Name><Definition>The number of cores in Cable/Bus.</Definition><PropertyType><TypePropertySingleValue><DataType type="IfcInteger" /></TypePropertySingleValue></PropertyType><NameAliases><NameAlias lang="en">Number Of Cores</NameAlias><NameAlias lang="ja-JP">芯数</NameAlias><NameAlias lang="ko-KR">심수</NameAlias></NameAliases><DefinitionAliases><DefinitionAlias lang="en" /><DefinitionAlias lang="ja-JP">ケーブルや母線の芯数を示す。</DefinitionAlias><DefinitionAlias lang="ko-KR">케이블과 모선의 심수 보여준다.</DefinitionAlias></DefinitionAliases></PropertyDef><PropertyDef ifdguid="78e89b80d1c811e1800000215ad4efdf"><Name>RatedVoltage</Name><Definition>The range of allowed voltage that a device is certified to handle. The upper bound of this value is the maximum.</Definition><PropertyType><TypePropertyBoundedValue><DataType type="IfcElectricVoltageMeasure" /></TypePropertyBoundedValue></PropertyType><NameAliases><NameAlias lang="en">Rated Voltage</NameAlias><NameAlias lang="ja-JP">定格電圧</NameAlias><NameAlias lang="ko-KR">정격 전압</NameAlias></NameAliases><DefinitionAliases><DefinitionAlias lang="en" /><DefinitionAlias lang="ja-JP">機器を使用できる保障された電圧。上限値は最大値。</DefinitionAlias><DefinitionAlias lang="ko-KR">장치를 사용할 보장된 전압. 상한은 최대.</DefinitionAlias></DefinitionAliases></PropertyDef></PropertyDefs><PsetDefinitionAliases><PsetDefinitionAlias lang="en" /><PsetDefinitionAlias lang="ja-JP">電気導体は電流を導く目的で使用される線状の導体である。
1本の導体の中心は、1本のワイヤーまたは、寄り合わせた複数のワイヤーからなる。IEC 60050：IEV 195-01-07によると、導体は指定された電流を運ぶことを目的とする伝導部分である。</PsetDefinitionAlias></PsetDefinitionAliases></PropertySetDef>