﻿<?xml version="1.0" encoding="utf-8"?><PropertySetDef xmlns:xsi="http://www.w3.org/2001/XMLSchema-instance" xmlns:xsd="http://www.w3.org/2001/XMLSchema" ifdguid="cf9e51960da44b1fa8668b95fd297478" templatetype="PSET_OCCURRENCEDRIVEN" xsi:noNamespaceSchemaLocation="http://buildingSMART-tech.org/xml/psd/PSD_IFC4.xsd" xmlns="http://buildingSMART-tech.org/xml/psd/PSD_IFC4.xsd"><IfcVersion version="IFC4X3_RC4" /><Name>Pset_ImpactProtectionDeviceOccurrenceBumper</Name><Definition>Properties common to all occurrences of _IfcImpactProtectionDevice_ with PredefinedType set to _BUMPER_.</Definition><Applicability /><ApplicableClasses><ClassName>IfcImpactProtectionDevice/IfcImpactProtectionDeviceTypeEnum(.BUMPER.)</ClassName></ApplicableClasses><ApplicableTypeValue>IfcImpactProtectionDevice/IfcImpactProtectionDeviceTypeEnum(.BUMPER.)</ApplicableTypeValue><PropertyDefs><PropertyDef ifdguid="dc14c12fb90a43fb9a39511091483544"><Name>BrakingLength</Name><Definition>Length of the braking distance as a design parameter of the bumper occurrence.</Definition><PropertyType><TypePropertySingleValue><DataType type="IfcPositiveLengthMeasure" /></TypePropertySingleValue></PropertyType><NameAliases /><DefinitionAliases /></PropertyDef><PropertyDef ifdguid="db2161c31a874f6eaa2d31e5f5699e15"><Name>IsRemovableBumper</Name><Definition>Indicates if the bumper is removable or not.</Definition><PropertyType><TypePropertySingleValue><DataType type="IfcBoolean" /></TypePropertySingleValue></PropertyType><NameAliases /><DefinitionAliases /></PropertyDef><PropertyDef ifdguid="caad034656d64d478633817996dfc834"><Name>BumperOrientation</Name><Definition>Direction in which the bumper is aligned, e.g. same direction as increasing stationing values or opposite.</Definition><PropertyType><TypePropertyEnumeratedValue><EnumList name="PEnum_BumperOrientation"><EnumItem>STATIONDIRECTION</EnumItem><EnumItem>OPPOSITETOSTATIONDIRECTION</EnumItem><EnumItem>OTHER</EnumItem><EnumItem>NOTKNOWN</EnumItem><EnumItem>UNSET</EnumItem></EnumList><ConstantList><ConstantDef><Name>STATIONDIRECTION</Name><Definition>Same with the direction of increasing stationing values.</Definition><NameAliases /><DefinitionAliases /></ConstantDef><ConstantDef><Name>OPPOSITETOSTATIONDIRECTION</Name><Definition>Opposite to the direction of increasing stationing values.</Definition><NameAliases /><DefinitionAliases /></ConstantDef><ConstantDef><Name>OTHER</Name><Definition>required category not on scale</Definition><NameAliases><NameAlias lang="en">(other)</NameAlias></NameAliases><DefinitionAliases><DefinitionAlias lang="en">Value is not listed.</DefinitionAlias></DefinitionAliases></ConstantDef><ConstantDef><Name>NOTKNOWN</Name><Definition>Value is unkown</Definition><NameAliases><NameAlias lang="en">(unknown)</NameAlias></NameAliases><DefinitionAliases><DefinitionAlias lang="en">Value is unknown.</DefinitionAlias></DefinitionAliases></ConstantDef><ConstantDef><Name>UNSET</Name><Definition>Value has not been specified</Definition><NameAliases><NameAlias lang="en">(unset)</NameAlias></NameAliases><DefinitionAliases><DefinitionAlias lang="en">Value has not been specified.</DefinitionAlias></DefinitionAliases></ConstantDef></ConstantList></TypePropertyEnumeratedValue></PropertyType><NameAliases /><DefinitionAliases /></PropertyDef></PropertyDefs><PsetDefinitionAliases /></PropertySetDef>