﻿<?xml version="1.0" encoding="utf-8"?><PropertySetDef xmlns:xsi="http://www.w3.org/2001/XMLSchema-instance" xmlns:xsd="http://www.w3.org/2001/XMLSchema" ifdguid="aa214672692fec0ebef7094de9f511bb" templatetype="PSET_TYPEDRIVENOVERRIDE" xsi:noNamespaceSchemaLocation="http://buildingSMART-tech.org/xml/psd/PSD_IFC4.xsd" xmlns="http://buildingSMART-tech.org/xml/psd/PSD_IFC4.xsd"><IfcVersion version="IFC4X3_RC4" /><Name>Pset_MechanicalFastenerOCSFitting</Name><Definition>Common properties of clamps and fittings used in railway overhead contact system (OCS).</Definition><Applicability /><ApplicableClasses><ClassName>IfcMechanicalFastener/COUPLER</ClassName></ApplicableClasses><ApplicableTypeValue>IfcMechanicalFastener/COUPLER</ApplicableTypeValue><PropertyDefs><PropertyDef ifdguid="c12049689f004e2d82ac01e17e66ed5a"><Name>ManufacturingTechnology</Name><Definition>The method / technology used to produce the equipment.</Definition><PropertyType><TypePropertySingleValue><DataType type="IfcLabel" /></TypePropertySingleValue></PropertyType><NameAliases /><DefinitionAliases /></PropertyDef><PropertyDef ifdguid="aa79b2dfe1364176a4e30d991e52f4c7"><Name>OCSFasteningType</Name><Definition>Indicates the type of the overhead contact system (OCS) mechanical fastener.</Definition><PropertyType><TypePropertyEnumeratedValue><EnumList name="PEnum_OCSFasteningType"><EnumItem>SUPPORT_FITTING</EnumItem><EnumItem>SUSPENSION_FITTING</EnumItem><EnumItem>REGISTRATION_FITTING</EnumItem><EnumItem>TERMINATION_FITTING</EnumItem><EnumItem>TENSIONING_FITTING</EnumItem><EnumItem>EARTHING_FITTING</EnumItem><EnumItem>JOINT_FITTING</EnumItem><EnumItem>OTHER</EnumItem><EnumItem>NOTKNOWN</EnumItem><EnumItem>UNSET</EnumItem></EnumList><ConstantList><ConstantDef><Name>SUPPORT_FITTING</Name><Definition>Fitting used in OCS support.</Definition><NameAliases /><DefinitionAliases /></ConstantDef><ConstantDef><Name>SUSPENSION_FITTING</Name><Definition>Fitting used in OCS suspension.</Definition><NameAliases /><DefinitionAliases /></ConstantDef><ConstantDef><Name>REGISTRATION_FITTING</Name><Definition>Fitting used in OCS registration tube.</Definition><NameAliases /><DefinitionAliases /></ConstantDef><ConstantDef><Name>TERMINATION_FITTING</Name><Definition>Fitting used in OCS termination.</Definition><NameAliases /><DefinitionAliases /></ConstantDef><ConstantDef><Name>TENSIONING_FITTING</Name><Definition>Fitting used in OCS tensioning system.</Definition><NameAliases /><DefinitionAliases /></ConstantDef><ConstantDef><Name>EARTHING_FITTING</Name><Definition>Fitting used in OCS earthing system.</Definition><NameAliases /><DefinitionAliases /></ConstantDef><ConstantDef><Name>JOINT_FITTING</Name><Definition>Joint fitting used to make the link between elements.</Definition><NameAliases /><DefinitionAliases /></ConstantDef><ConstantDef><Name>OTHER</Name><Definition>required category not on scale</Definition><NameAliases><NameAlias lang="en">(other)</NameAlias></NameAliases><DefinitionAliases><DefinitionAlias lang="en">Value is not listed.</DefinitionAlias></DefinitionAliases></ConstantDef><ConstantDef><Name>NOTKNOWN</Name><Definition>Value is unkown</Definition><NameAliases><NameAlias lang="en">(unknown)</NameAlias></NameAliases><DefinitionAliases><DefinitionAlias lang="en">Value is unknown.</DefinitionAlias></DefinitionAliases></ConstantDef><ConstantDef><Name>UNSET</Name><Definition>Value has not been specified</Definition><NameAliases><NameAlias lang="en">(unset)</NameAlias></NameAliases><DefinitionAliases><DefinitionAlias lang="en">Value has not been specified.</DefinitionAlias></DefinitionAliases></ConstantDef></ConstantList></TypePropertyEnumeratedValue></PropertyType><NameAliases /><DefinitionAliases /></PropertyDef></PropertyDefs><PsetDefinitionAliases /></PropertySetDef>