﻿<?xml version="1.0" encoding="utf-8"?><PropertySetDef xmlns:xsi="http://www.w3.org/2001/XMLSchema-instance" xmlns:xsd="http://www.w3.org/2001/XMLSchema" ifdguid="4f91e246caa3cc9470c12cc07b62d9ce" templatetype="PSET_TYPEDRIVENOVERRIDE" xsi:noNamespaceSchemaLocation="http://buildingSMART-tech.org/xml/psd/PSD_IFC4.xsd" xmlns="http://buildingSMART-tech.org/xml/psd/PSD_IFC4.xsd"><IfcVersion version="IFC4X3_RC4" /><Name>Pset_JunctionBoxTypeData</Name><Definition>The property set can be used by the predefined type DATA of IfcJunctionBox.</Definition><Applicability /><ApplicableClasses><ClassName>IfcJunctionBox/DATA</ClassName></ApplicableClasses><ApplicableTypeValue>IfcJunctionBox/DATA</ApplicableTypeValue><PropertyDefs><PropertyDef ifdguid="a660d80dc5424a25b30bb8234e022b19"><Name>DataConnectionType</Name><Definition>Indicates the data connection type of the junction box e.g. copper pair, fiber or others.</Definition><PropertyType><TypePropertyEnumeratedValue><EnumList name="PEnum_DataConnectionType"><EnumItem>COPPER</EnumItem><EnumItem>FIBER</EnumItem><EnumItem>OTHER</EnumItem><EnumItem>NOTKNOWN</EnumItem><EnumItem>UNSET</EnumItem></EnumList><ConstantList><ConstantDef><Name>COPPER</Name><Definition>Copper cable connection.</Definition><NameAliases /><DefinitionAliases /></ConstantDef><ConstantDef><Name>FIBER</Name><Definition>Fiber connection.</Definition><NameAliases /><DefinitionAliases /></ConstantDef><ConstantDef><Name>OTHER</Name><Definition>required category not on scale</Definition><NameAliases><NameAlias lang="en">(other)</NameAlias></NameAliases><DefinitionAliases><DefinitionAlias lang="en">Value is not listed.</DefinitionAlias></DefinitionAliases></ConstantDef><ConstantDef><Name>NOTKNOWN</Name><Definition>Value is unkown</Definition><NameAliases><NameAlias lang="en">(unknown)</NameAlias></NameAliases><DefinitionAliases><DefinitionAlias lang="en">Value is unknown.</DefinitionAlias></DefinitionAliases></ConstantDef><ConstantDef><Name>UNSET</Name><Definition>Value has not been specified</Definition><NameAliases><NameAlias lang="en">(unset)</NameAlias></NameAliases><DefinitionAliases><DefinitionAlias lang="en">Value has not been specified.</DefinitionAlias></DefinitionAliases></ConstantDef></ConstantList></TypePropertyEnumeratedValue></PropertyType><NameAliases /><DefinitionAliases /></PropertyDef></PropertyDefs><PsetDefinitionAliases /></PropertySetDef>