﻿<?xml version="1.0" encoding="utf-8"?><PropertySetDef xmlns:xsi="http://www.w3.org/2001/XMLSchema-instance" xmlns:xsd="http://www.w3.org/2001/XMLSchema" ifdguid="842a5e4ea131ea5d4ff71176fbb44a3c" templatetype="PSET_TYPEDRIVENOVERRIDE" xsi:noNamespaceSchemaLocation="http://buildingSMART-tech.org/xml/psd/PSD_IFC4.xsd" xmlns="http://buildingSMART-tech.org/xml/psd/PSD_IFC4.xsd"><IfcVersion version="IFC4X3_RC4" /><Name>Pset_SlabTypeTrackSlab</Name><Definition>Properties in this property set are generally applicable slabs used in railway tracks, modelled as IfcSlab with PredefinedType TRACKSLAB.</Definition><Applicability /><ApplicableClasses><ClassName>IfcSlab/TRACKSLAB</ClassName></ApplicableClasses><ApplicableTypeValue>IfcSlab/TRACKSLAB</ApplicableTypeValue><PropertyDefs><PropertyDef ifdguid="96fda0722ef44f2eb78ad71c11566120"><Name>TechnicalStandard</Name><Definition>The technical standard which the element should comply with.</Definition><PropertyType><TypePropertyReferenceValue reftype="IfcExternalReference" /></PropertyType><NameAliases /><DefinitionAliases /></PropertyDef></PropertyDefs><PsetDefinitionAliases /></PropertySetDef>