﻿<?xml version="1.0" encoding="utf-8"?><PropertySetDef xmlns:xsi="http://www.w3.org/2001/XMLSchema-instance" xmlns:xsd="http://www.w3.org/2001/XMLSchema" ifdguid="8d33738e67e568576c68266a75921b56" templatetype="PSET_TYPEDRIVENOVERRIDE" xsi:noNamespaceSchemaLocation="http://buildingSMART-tech.org/xml/psd/PSD_IFC4.xsd" xmlns="http://buildingSMART-tech.org/xml/psd/PSD_IFC4.xsd"><IfcVersion version="IFC4X3_RC4" /><Name>Pset_ElementAssemblyTypeOCSSuspension</Name><Definition>Common energy suspension properties used in railway. The property set can be used by the predefined type SUSPENSION_ASSEMBLY of IfcElementAssembly.</Definition><Applicability /><ApplicableClasses><ClassName>IfcElementAssembly/SUSPENSIONASSEMBLY</ClassName></ApplicableClasses><ApplicableTypeValue>IfcElementAssembly/SUSPENSIONASSEMBLY</ApplicableTypeValue><PropertyDefs><PropertyDef ifdguid="6780df8508d34fae87ae569e54fa0aa4"><Name>ContactWireStagger</Name><Definition>Lateral displacement of the contact wire to opposite sides of the track centre at successive supports.</Definition><PropertyType><TypePropertySingleValue><DataType type="IfcPositiveLengthMeasure" /></TypePropertySingleValue></PropertyType><NameAliases /><DefinitionAliases /></PropertyDef><PropertyDef ifdguid="604aa71eb5bd4a0b9995f31db02bca84"><Name>ContactWireHeight</Name><Definition>Distance from the top of the rail to the lower face of the contact wire, measured perpendicular to the track.</Definition><PropertyType><TypePropertySingleValue><DataType type="IfcPositiveLengthMeasure" /></TypePropertySingleValue></PropertyType><NameAliases /><DefinitionAliases /></PropertyDef></PropertyDefs><PsetDefinitionAliases /></PropertySetDef>