﻿<?xml version="1.0" encoding="utf-8"?><PropertySetDef xmlns:xsi="http://www.w3.org/2001/XMLSchema-instance" xmlns:xsd="http://www.w3.org/2001/XMLSchema" ifdguid="ea082094fd15d0f1dd5b09e17a960453" templatetype="PSET_TYPEDRIVENOVERRIDE" xsi:noNamespaceSchemaLocation="http://buildingSMART-tech.org/xml/psd/PSD_IFC4.xsd" xmlns="http://buildingSMART-tech.org/xml/psd/PSD_IFC4.xsd"><IfcVersion version="IFC4X3_RC4" /><Name>Pset_TrackElementTypeDerailer</Name><Definition>Properties common to the definition to all occurrences and types of IfcTrackElement with PredefinedType set to DERAILER.</Definition><Applicability /><ApplicableClasses><ClassName>IfcTrackElement/DERAILER</ClassName></ApplicableClasses><ApplicableTypeValue>IfcTrackElement/DERAILER</ApplicableTypeValue><PropertyDefs><PropertyDef ifdguid="dd16da361f294f98b0ee865b8ff8e64e"><Name>AppliedLineLoad</Name><Definition>The load of line where the derailer is installed. It is a design parameter and is defined by mass per length.</Definition><PropertyType><TypePropertySingleValue><DataType type="IfcMassPerLengthMeasure" /></TypePropertySingleValue></PropertyType><NameAliases /><DefinitionAliases /></PropertyDef><PropertyDef ifdguid="5d97a3a4d22541d89b1fd2cbcd602042"><Name>DerailmentMaximumSpeedLimit</Name><Definition>Indicates the maximum allowable train speed for the derailer.</Definition><PropertyType><TypePropertySingleValue><DataType type="IfcLinearVelocityMeasure" /></TypePropertySingleValue></PropertyType><NameAliases /><DefinitionAliases /></PropertyDef><PropertyDef ifdguid="6ab253e123794f87b07d68e1246aab2f"><Name>DerailmentWheelDiameter</Name><Definition>Indicates the wheel diameter requirement for the derailer.</Definition><PropertyType><TypePropertySingleValue><DataType type="IfcPositiveLengthMeasure" /></TypePropertySingleValue></PropertyType><NameAliases /><DefinitionAliases /></PropertyDef><PropertyDef ifdguid="4ca22a7c99b14868918d62e4d216cc6b"><Name>DerailmentHeight</Name><Definition>Height of derailment block when derailer in protection state.</Definition><PropertyType><TypePropertySingleValue><DataType type="IfcPositiveLengthMeasure" /></TypePropertySingleValue></PropertyType><NameAliases /><DefinitionAliases /></PropertyDef></PropertyDefs><PsetDefinitionAliases /></PropertySetDef>