﻿<?xml version="1.0" encoding="utf-8"?><PropertySetDef xmlns:xsi="http://www.w3.org/2001/XMLSchema-instance" xmlns:xsd="http://www.w3.org/2001/XMLSchema" ifdguid="7a6ea86ac228d78b56d838a6ae61f7b1" templatetype="PSET_TYPEDRIVENOVERRIDE" xsi:noNamespaceSchemaLocation="http://buildingSMART-tech.org/xml/psd/PSD_IFC4.xsd" xmlns="http://buildingSMART-tech.org/xml/psd/PSD_IFC4.xsd"><IfcVersion version="IFC4X3_RC4" /><Name>Pset_ElectricFlowStorageDeviceTypeInductor</Name><Definition>Properties of inductors. The property set can be used by the predefined type INDUCTOR of IfcElectricFlowStorageDevice.</Definition><Applicability /><ApplicableClasses><ClassName>IfcElectricFlowStorageDevice/INDUCTOR</ClassName></ApplicableClasses><ApplicableTypeValue>IfcElectricFlowStorageDevice/INDUCTOR</ApplicableTypeValue><PropertyDefs><PropertyDef ifdguid="865d846614a44ad9b9d27f9ff9d1afaa"><Name>Inductance</Name><Definition>Measure of the Inductance.</Definition><PropertyType><TypePropertySingleValue><DataType type="IfcInductanceMeasure" /></TypePropertySingleValue></PropertyType><NameAliases /><DefinitionAliases /></PropertyDef><PropertyDef ifdguid="4b4b3bfcecb54fa78c2f014e518c1f02"><Name>NumberOfPhases</Name><Definition>Number of phases that the equipment operates on.</Definition><PropertyType><TypePropertySingleValue><DataType type="IfcInteger" /></TypePropertySingleValue></PropertyType><NameAliases /><DefinitionAliases /></PropertyDef></PropertyDefs><PsetDefinitionAliases /></PropertySetDef>