﻿<?xml version="1.0" encoding="utf-8"?><PropertySetDef xmlns:xsi="http://www.w3.org/2001/XMLSchema-instance" xmlns:xsd="http://www.w3.org/2001/XMLSchema" ifdguid="af95bbb503d698bd60d97d43069087ef" templatetype="PSET_TYPEDRIVENOVERRIDE" xsi:noNamespaceSchemaLocation="http://buildingSMART-tech.org/xml/psd/PSD_IFC4.xsd" xmlns="http://buildingSMART-tech.org/xml/psd/PSD_IFC4.xsd"><IfcVersion version="IFC4X3_RC4" /><Name>Pset_CommunicationsApplianceTypeComputer</Name><Definition>Properties common to a computer. This property set is applied to a type or occurrence of _IfcCommunicationsAppliance_ with predefined type of COMPUTER.</Definition><Applicability /><ApplicableClasses><ClassName>IfcCommunicationsAppliance/COMPUTER</ClassName></ApplicableClasses><ApplicableTypeValue>IfcCommunicationsAppliance/COMPUTER</ApplicableTypeValue><PropertyDefs><PropertyDef ifdguid="7fb23b07a587459c8ec038cf387002c0"><Name>StorageCapacity</Name><Definition>Indicates the storage capacity defined by bytes that can be handled by the appliance.</Definition><PropertyType><TypePropertySingleValue><DataType type="IfcInteger" /></TypePropertySingleValue></PropertyType><NameAliases /><DefinitionAliases /></PropertyDef><PropertyDef ifdguid="b9733a62313e41b8b49c79c4aa6b7e98"><Name>UserInterfaceType</Name><Definition>Indicates the user interface of the computer.</Definition><PropertyType><TypePropertyEnumeratedValue><EnumList name="PEnum_ComputerUIType"><EnumItem>CLI</EnumItem><EnumItem>GUI</EnumItem><EnumItem>TOUCHSCREEN</EnumItem><EnumItem>TOUCHTONE</EnumItem><EnumItem>OTHER</EnumItem><EnumItem>NOTKNOWN</EnumItem><EnumItem>UNSET</EnumItem></EnumList><ConstantList><ConstantDef><Name>CLI</Name><Definition>Command line user interface.</Definition><NameAliases /><DefinitionAliases /></ConstantDef><ConstantDef><Name>GUI</Name><Definition>Graphical user interface.</Definition><NameAliases /><DefinitionAliases /></ConstantDef><ConstantDef><Name>TOUCHSCREEN</Name><Definition>Touch screen.</Definition><NameAliases><NameAlias lang="en">Touchscreen</NameAlias></NameAliases><DefinitionAliases /></ConstantDef><ConstantDef><Name>TOUCHTONE</Name><Definition>Touch tone user interface.</Definition><NameAliases /><DefinitionAliases /></ConstantDef><ConstantDef><Name>OTHER</Name><Definition>required category not on scale</Definition><NameAliases><NameAlias lang="en">(other)</NameAlias></NameAliases><DefinitionAliases><DefinitionAlias lang="en">Value is not listed.</DefinitionAlias></DefinitionAliases></ConstantDef><ConstantDef><Name>NOTKNOWN</Name><Definition>Value is unkown</Definition><NameAliases><NameAlias lang="en">(unknown)</NameAlias></NameAliases><DefinitionAliases><DefinitionAlias lang="en">Value is unknown.</DefinitionAlias></DefinitionAliases></ConstantDef><ConstantDef><Name>UNSET</Name><Definition>Value has not been specified</Definition><NameAliases><NameAlias lang="en">(unset)</NameAlias></NameAliases><DefinitionAliases><DefinitionAlias lang="en">Value has not been specified.</DefinitionAlias></DefinitionAliases></ConstantDef></ConstantList></TypePropertyEnumeratedValue></PropertyType><NameAliases /><DefinitionAliases /></PropertyDef></PropertyDefs><PsetDefinitionAliases /></PropertySetDef>