﻿<?xml version="1.0" encoding="utf-8"?><PropertySetDef xmlns:xsi="http://www.w3.org/2001/XMLSchema-instance" xmlns:xsd="http://www.w3.org/2001/XMLSchema" ifdguid="ad208400d1e911e1800000215ad4efdf" templatetype="PSET_TYPEDRIVENOVERRIDE" xsi:noNamespaceSchemaLocation="http://buildingSMART-tech.org/xml/psd/PSD_IFC4.xsd" xmlns="http://buildingSMART-tech.org/xml/psd/PSD_IFC4.xsd"><IfcVersion version="IFC4X3_RC4" /><Name>Pset_HumidifierTypeCommon</Name><Definition>Humidifier type common attributes.
WaterProperties attribute renamed to WaterRequirement and unit type modified in IFC2x2 Pset Addendum.</Definition><Applicability /><ApplicableClasses><ClassName>IfcHumidifier</ClassName></ApplicableClasses><ApplicableTypeValue>IfcHumidifier</ApplicableTypeValue><PropertyDefs><PropertyDef ifdguid="b3166500d1e911e1800000215ad4efdf"><Name>Reference</Name><Definition>Reference ID for this specified type in this project (e.g. type 'A-1').</Definition><PropertyType><TypePropertySingleValue><DataType type="IfcIdentifier" /></TypePropertySingleValue></PropertyType><NameAliases><NameAlias lang="en">Reference</NameAlias><NameAlias lang="ja-JP">参照記号</NameAlias></NameAliases><DefinitionAliases><DefinitionAlias lang="en" /><DefinitionAlias lang="ja-JP">このプロジェクトにおける参照記号(例：A-1)。分類コードではなく内部で使用されるプロジェクトタイプとして使用されるもの。</DefinitionAlias></DefinitionAliases></PropertyDef><PropertyDef ifdguid="b90c4600d1e911e1800000215ad4efdf"><Name>Status</Name><Definition>Status of the element, predominately used in renovation or retrofitting projects. The status can be assigned to as "New" - element designed as new addition, "Existing" - element exists and remains, "Demolish" - element existed but is to be demolished,  "Temporary" - element will exists only temporary (like a temporary support structure).</Definition><PropertyType><TypePropertyEnumeratedValue><EnumList name="PEnum_ElementStatus"><EnumItem>NEW</EnumItem><EnumItem>EXISTING</EnumItem><EnumItem>DEMOLISH</EnumItem><EnumItem>TEMPORARY</EnumItem><EnumItem>OTHER</EnumItem><EnumItem>NOTKNOWN</EnumItem><EnumItem>UNSET</EnumItem></EnumList><ConstantList><ConstantDef><Name>NEW</Name><Definition>element designed as new addition</Definition><NameAliases><NameAlias lang="en">New</NameAlias></NameAliases><DefinitionAliases /></ConstantDef><ConstantDef><Name>EXISTING</Name><Definition>element exists and is to remain</Definition><NameAliases><NameAlias lang="en">Existing</NameAlias></NameAliases><DefinitionAliases /></ConstantDef><ConstantDef><Name>DEMOLISH</Name><Definition>element exists but is to be demolished</Definition><NameAliases><NameAlias lang="en">Demolish</NameAlias></NameAliases><DefinitionAliases /></ConstantDef><ConstantDef><Name>TEMPORARY</Name><Definition>element will exist only temporarily (such as a temporary support structure)</Definition><NameAliases><NameAlias lang="en">Temporary</NameAlias></NameAliases><DefinitionAliases /></ConstantDef><ConstantDef><Name>OTHER</Name><Definition>required category not on scale</Definition><NameAliases><NameAlias lang="en">(other)</NameAlias></NameAliases><DefinitionAliases><DefinitionAlias lang="en">Value is not listed.</DefinitionAlias></DefinitionAliases></ConstantDef><ConstantDef><Name>NOTKNOWN</Name><Definition>Value is unkown</Definition><NameAliases><NameAlias lang="en">(unknown)</NameAlias></NameAliases><DefinitionAliases><DefinitionAlias lang="en">Value is unknown.</DefinitionAlias></DefinitionAliases></ConstantDef><ConstantDef><Name>UNSET</Name><Definition>Value has not been specified</Definition><NameAliases><NameAlias lang="en">(unset)</NameAlias></NameAliases><DefinitionAliases><DefinitionAlias lang="en">Value has not been specified.</DefinitionAlias></DefinitionAliases></ConstantDef></ConstantList></TypePropertyEnumeratedValue></PropertyType><NameAliases><NameAlias lang="en">Status</NameAlias><NameAlias lang="ja-JP">状態</NameAlias></NameAliases><DefinitionAliases><DefinitionAlias lang="en" /><DefinitionAlias lang="ja-JP">要素（主にリノベーションまたは改修プロジェクトにおいて）の状態。 状態は、「新規(New)」－新しく追加される要素。「既存」－要素は存在し、かつ残りもの。「破壊」－要素は存在したが、廃棄されるもの。「一時的」－一時的に存在する要素（一時的にサポートしている構造のようなもの）。</DefinitionAlias></DefinitionAliases></PropertyDef><PropertyDef ifdguid="caede900d1e911e1800000215ad4efdf"><Name>Application</Name><Definition>Humidifier application.

Fixed: Humidifier installed in a ducted flow distribution system.
Portable: Humidifier is not installed in a ducted flow distribution system.</Definition><PropertyType><TypePropertyEnumeratedValue><EnumList name="PEnum_HumidifierApplication"><EnumItem>PORTABLE</EnumItem><EnumItem>FIXED</EnumItem><EnumItem>OTHER</EnumItem><EnumItem>NOTKNOWN</EnumItem><EnumItem>UNSET</EnumItem></EnumList><ConstantList><ConstantDef><Name>PORTABLE</Name><NameAliases><NameAlias lang="en">Portable</NameAlias></NameAliases><DefinitionAliases /></ConstantDef><ConstantDef><Name>FIXED</Name><NameAliases><NameAlias lang="en">Fixed</NameAlias></NameAliases><DefinitionAliases /></ConstantDef><ConstantDef><Name>OTHER</Name><Definition>required category not on scale</Definition><NameAliases><NameAlias lang="en">(other)</NameAlias></NameAliases><DefinitionAliases><DefinitionAlias lang="en">Value is not listed.</DefinitionAlias></DefinitionAliases></ConstantDef><ConstantDef><Name>NOTKNOWN</Name><Definition>Value is unkown</Definition><NameAliases><NameAlias lang="en">(unknown)</NameAlias></NameAliases><DefinitionAliases><DefinitionAlias lang="en">Value is unknown.</DefinitionAlias></DefinitionAliases></ConstantDef><ConstantDef><Name>UNSET</Name><Definition>Value has not been specified</Definition><NameAliases><NameAlias lang="en">(unset)</NameAlias></NameAliases><DefinitionAliases><DefinitionAlias lang="en">Value has not been specified.</DefinitionAlias></DefinitionAliases></ConstantDef></ConstantList></TypePropertyEnumeratedValue></PropertyType><NameAliases><NameAlias lang="en">Application</NameAlias><NameAlias lang="ja-JP">応用</NameAlias></NameAliases><DefinitionAliases><DefinitionAlias lang="en" /><DefinitionAlias lang="ja-JP">加湿器の応用　(固定式：ダクト搬送系に設置する加湿器、可搬式：クト搬送系に設置しない加湿器)</DefinitionAlias></DefinitionAliases></PropertyDef><PropertyDef ifdguid="d6d9ab00d1e911e1800000215ad4efdf"><Name>Weight</Name><Definition>The weight of the humidifier.</Definition><PropertyType><TypePropertySingleValue><DataType type="IfcMassMeasure" /></TypePropertySingleValue></PropertyType><NameAliases><NameAlias lang="en">Weight</NameAlias><NameAlias lang="ja-JP">重量</NameAlias></NameAliases><DefinitionAliases><DefinitionAlias lang="en" /><DefinitionAlias lang="ja-JP">加湿器の重量</DefinitionAlias></DefinitionAliases></PropertyDef><PropertyDef ifdguid="dc36f580d1e911e1800000215ad4efdf"><Name>NominalMoistureGain</Name><Definition>Nominal rate of water vapor added into the airstream.</Definition><PropertyType><TypePropertySingleValue><DataType type="IfcMassFlowRateMeasure" /></TypePropertySingleValue></PropertyType><NameAliases><NameAlias lang="en">Nominal Moisture Gain</NameAlias><NameAlias lang="ja-JP">加湿量の平均</NameAlias></NameAliases><DefinitionAliases><DefinitionAlias lang="en" /><DefinitionAlias lang="ja-JP">気流に加わった水蒸気の平均量</DefinitionAlias></DefinitionAliases></PropertyDef><PropertyDef ifdguid="e1944000d1e911e1800000215ad4efdf"><Name>NominalAirFlowRate</Name><Definition>Nominal rate of air flow into which water vapor is added.</Definition><PropertyType><TypePropertySingleValue><DataType type="IfcVolumetricFlowRateMeasure" /></TypePropertySingleValue></PropertyType><NameAliases><NameAlias lang="en">Nominal Air Flow Rate</NameAlias><NameAlias lang="ja-JP">気流量の平均</NameAlias></NameAliases><DefinitionAliases><DefinitionAlias lang="en" /><DefinitionAlias lang="ja-JP">加湿される気流の平均量</DefinitionAlias></DefinitionAliases></PropertyDef><PropertyDef ifdguid="e953e480d1e911e1800000215ad4efdf"><Name>InternalControl</Name><Definition>Internal modulation control.</Definition><PropertyType><TypePropertyEnumeratedValue><EnumList name="PEnum_HumidifierInternalControl"><EnumItem>ONOFF</EnumItem><EnumItem>STEPPED</EnumItem><EnumItem>MODULATING</EnumItem><EnumItem>NONE</EnumItem><EnumItem>OTHER</EnumItem><EnumItem>NOTKNOWN</EnumItem><EnumItem>UNSET</EnumItem></EnumList><ConstantList><ConstantDef><Name>ONOFF</Name><NameAliases><NameAlias lang="en">Onoff</NameAlias></NameAliases><DefinitionAliases /></ConstantDef><ConstantDef><Name>STEPPED</Name><NameAliases><NameAlias lang="en">Stepped</NameAlias></NameAliases><DefinitionAliases /></ConstantDef><ConstantDef><Name>MODULATING</Name><NameAliases><NameAlias lang="en">Modulating</NameAlias></NameAliases><DefinitionAliases /></ConstantDef><ConstantDef><Name>NONE</Name><Definition>No waterproof.</Definition><NameAliases><NameAlias lang="en">None</NameAlias></NameAliases><DefinitionAliases><DefinitionAlias lang="en">None, empty or no additional action or function.</DefinitionAlias></DefinitionAliases></ConstantDef><ConstantDef><Name>OTHER</Name><Definition>required category not on scale</Definition><NameAliases><NameAlias lang="en">(other)</NameAlias></NameAliases><DefinitionAliases><DefinitionAlias lang="en">Value is not listed.</DefinitionAlias></DefinitionAliases></ConstantDef><ConstantDef><Name>NOTKNOWN</Name><Definition>Value is unkown</Definition><NameAliases><NameAlias lang="en">(unknown)</NameAlias></NameAliases><DefinitionAliases><DefinitionAlias lang="en">Value is unknown.</DefinitionAlias></DefinitionAliases></ConstantDef><ConstantDef><Name>UNSET</Name><Definition>Value has not been specified</Definition><NameAliases><NameAlias lang="en">(unset)</NameAlias></NameAliases><DefinitionAliases><DefinitionAlias lang="en">Value has not been specified.</DefinitionAlias></DefinitionAliases></ConstantDef></ConstantList></TypePropertyEnumeratedValue></PropertyType><NameAliases><NameAlias lang="en">Internal Control</NameAlias><NameAlias lang="ja-JP">内部制御</NameAlias></NameAliases><DefinitionAliases><DefinitionAlias lang="en" /><DefinitionAlias lang="ja-JP">内部調整の制御</DefinitionAlias></DefinitionAliases></PropertyDef><PropertyDef ifdguid="fcff4b00d1e911e1800000215ad4efdf"><Name>WaterRequirement</Name><Definition>Make-up water requirement.</Definition><PropertyType><TypePropertySingleValue><DataType type="IfcVolumetricFlowRateMeasure" /></TypePropertySingleValue></PropertyType><NameAliases><NameAlias lang="en">Water Requirement</NameAlias><NameAlias lang="ja-JP">水必要量</NameAlias></NameAliases><DefinitionAliases><DefinitionAlias lang="en" /><DefinitionAlias lang="ja-JP">補給水の必要量</DefinitionAlias></DefinitionAliases></PropertyDef><PropertyDef ifdguid="02f52c00d1ea11e1800000215ad4efdf"><Name>SaturationEfficiencyCurve</Name><Definition>Saturation efficiency as a function of the air flow rate.</Definition><PropertyType><TypePropertyTableValue><Expression /><DefiningValue><DataType type="IfcVolumetricFlowRateMeasure" /></DefiningValue><DefinedValue><DataType type="IfcNormalisedRatioMeasure" /></DefinedValue></TypePropertyTableValue></PropertyType><NameAliases><NameAlias lang="en">Saturation Efficiency Curve</NameAlias></NameAliases><DefinitionAliases><DefinitionAlias lang="en" /></DefinitionAliases></PropertyDef><PropertyDef ifdguid="11dbde80d1ea11e1800000215ad4efdf"><Name>AirPressureDropCurve</Name><Definition>Air pressure drop versus air-flow rate.</Definition><PropertyType><TypePropertyTableValue><Expression /><DefiningValue><DataType type="IfcVolumetricFlowRateMeasure" /></DefiningValue><DefinedValue><DataType type="IfcPressureMeasure" /></DefinedValue></TypePropertyTableValue></PropertyType><NameAliases><NameAlias lang="en">Air Pressure Drop Curve</NameAlias></NameAliases><DefinitionAliases><DefinitionAlias lang="en" /></DefinitionAliases></PropertyDef></PropertyDefs><PsetDefinitionAliases><PsetDefinitionAlias lang="en" /><PsetDefinitionAlias lang="ja-JP">加湿器型情報に関する共通プロパティ属性設定。</PsetDefinitionAlias></PsetDefinitionAliases></PropertySetDef>