﻿<?xml version="1.0" encoding="utf-8"?><PropertySetDef xmlns:xsi="http://www.w3.org/2001/XMLSchema-instance" xmlns:xsd="http://www.w3.org/2001/XMLSchema" ifdguid="f520371205194c5414f7df0d969555c6" templatetype="PSET_TYPEDRIVENOVERRIDE" xsi:noNamespaceSchemaLocation="http://buildingSMART-tech.org/xml/psd/PSD_IFC4.xsd" xmlns="http://buildingSMART-tech.org/xml/psd/PSD_IFC4.xsd"><IfcVersion version="IFC4X3_RC4" /><Name>Pset_TractionPowerSystem</Name><Definition>Properties of a traction power system. The property is associated to the predefined type ELECTRICAL of _IfcDistributionSystem_, and is used to characterise systems such as railway electrical distribution networks used to provide energy for rolling stock.</Definition><Applicability /><ApplicableClasses><ClassName>IfcDistributionSystem/ELECTRICAL</ClassName></ApplicableClasses><ApplicableTypeValue>IfcDistributionSystem/ELECTRICAL</ApplicableTypeValue><PropertyDefs><PropertyDef ifdguid="1b165d4992c0482395038aa87a2a3baa"><Name>PowerSupplyMode</Name><Definition>Power supply mode of the equipment or system.</Definition><PropertyType><TypePropertyEnumeratedValue><EnumList name="PEnum_PowerSupplyMode"><EnumItem>AC</EnumItem><EnumItem>DC</EnumItem><EnumItem>OTHER</EnumItem><EnumItem>NOTKNOWN</EnumItem><EnumItem>UNSET</EnumItem></EnumList><ConstantList><ConstantDef><Name>AC</Name><NameAliases><NameAlias lang="en">Ac</NameAlias></NameAliases><DefinitionAliases /></ConstantDef><ConstantDef><Name>DC</Name><NameAliases><NameAlias lang="en">Dc</NameAlias></NameAliases><DefinitionAliases /></ConstantDef><ConstantDef><Name>OTHER</Name><Definition>required category not on scale</Definition><NameAliases><NameAlias lang="en">(other)</NameAlias></NameAliases><DefinitionAliases><DefinitionAlias lang="en">Value is not listed.</DefinitionAlias></DefinitionAliases></ConstantDef><ConstantDef><Name>NOTKNOWN</Name><Definition>Value is unkown</Definition><NameAliases><NameAlias lang="en">(unknown)</NameAlias></NameAliases><DefinitionAliases><DefinitionAlias lang="en">Value is unknown.</DefinitionAlias></DefinitionAliases></ConstantDef><ConstantDef><Name>UNSET</Name><Definition>Value has not been specified</Definition><NameAliases><NameAlias lang="en">(unset)</NameAlias></NameAliases><DefinitionAliases><DefinitionAlias lang="en">Value has not been specified.</DefinitionAlias></DefinitionAliases></ConstantDef></ConstantList></TypePropertyEnumeratedValue></PropertyType><NameAliases /><DefinitionAliases /></PropertyDef><PropertyDef ifdguid="7e7b5454d17e43ffa1557f54a5a336c6"><Name>ElectrificationType</Name><Definition>Indicates the type of railway electrification.</Definition><PropertyType><TypePropertyEnumeratedValue><EnumList name="PEnum_ElectrificationType"><EnumItem>NON_ELECTRIFIED</EnumItem><EnumItem>AC</EnumItem><EnumItem>DC</EnumItem><EnumItem>OTHER</EnumItem><EnumItem>NOTKNOWN</EnumItem><EnumItem>UNSET</EnumItem></EnumList><ConstantList><ConstantDef><Name>NON_ELECTRIFIED</Name><NameAliases /><DefinitionAliases /></ConstantDef><ConstantDef><Name>AC</Name><NameAliases><NameAlias lang="en">Ac</NameAlias></NameAliases><DefinitionAliases /></ConstantDef><ConstantDef><Name>DC</Name><NameAliases><NameAlias lang="en">Dc</NameAlias></NameAliases><DefinitionAliases /></ConstantDef><ConstantDef><Name>OTHER</Name><Definition>required category not on scale</Definition><NameAliases><NameAlias lang="en">(other)</NameAlias></NameAliases><DefinitionAliases><DefinitionAlias lang="en">Value is not listed.</DefinitionAlias></DefinitionAliases></ConstantDef><ConstantDef><Name>NOTKNOWN</Name><Definition>Value is unkown</Definition><NameAliases><NameAlias lang="en">(unknown)</NameAlias></NameAliases><DefinitionAliases><DefinitionAlias lang="en">Value is unknown.</DefinitionAlias></DefinitionAliases></ConstantDef><ConstantDef><Name>UNSET</Name><Definition>Value has not been specified</Definition><NameAliases><NameAlias lang="en">(unset)</NameAlias></NameAliases><DefinitionAliases><DefinitionAlias lang="en">Value has not been specified.</DefinitionAlias></DefinitionAliases></ConstantDef></ConstantList></TypePropertyEnumeratedValue></PropertyType><NameAliases /><DefinitionAliases /></PropertyDef><PropertyDef ifdguid="a802249c01c648a6976bc860a2b8b715"><Name>RatedFrequency</Name><Definition>Frequency at which an AC electric power system reaches its optimum operating condition.</Definition><PropertyType><TypePropertySingleValue><DataType type="IfcFrequencyMeasure" /></TypePropertySingleValue></PropertyType><NameAliases /><DefinitionAliases /></PropertyDef><PropertyDef ifdguid="efd02ef465124fc79a9463d20d6198b7"><Name>NominalVoltage</Name><Definition>The optimum voltage for the electrical appliance or system.</Definition><PropertyType><TypePropertySingleValue><DataType type="IfcElectricVoltageMeasure" /></TypePropertySingleValue></PropertyType><NameAliases /><DefinitionAliases /></PropertyDef></PropertyDefs><PsetDefinitionAliases /></PropertySetDef>