﻿<?xml version="1.0" encoding="utf-8"?><PropertySetDef xmlns:xsi="http://www.w3.org/2001/XMLSchema-instance" xmlns:xsd="http://www.w3.org/2001/XMLSchema" ifdguid="a21055989c4d51936da638b831d22adf" templatetype="PSET_TYPEDRIVENOVERRIDE" xsi:noNamespaceSchemaLocation="http://buildingSMART-tech.org/xml/psd/PSD_IFC4.xsd" xmlns="http://buildingSMART-tech.org/xml/psd/PSD_IFC4.xsd"><IfcVersion version="IFC4X3_RC4" /><Name>Pset_FootingTypePadFooting</Name><Definition>Properties of footing. The property set can be used by the predefined type PAD_FOOTING of IfcFooting.</Definition><Applicability /><ApplicableClasses><ClassName>IfcFooting/PAD_FOOTING</ClassName></ApplicableClasses><ApplicableTypeValue>IfcFooting/PAD_FOOTING</ApplicableTypeValue><PropertyDefs><PropertyDef ifdguid="9b2cea00d1c511e1800000215ad4efdf"><Name>LoadBearingCapacity</Name><Definition>Maximum load bearing capacity of a supporting structure ( e.g. as applied to the floor structure of a storey, or the supporting capacity of a frame assembly).</Definition><PropertyType><TypePropertySingleValue><DataType type="IfcPlanarForceMeasure" /></TypePropertySingleValue></PropertyType><NameAliases><NameAlias lang="de-DE">Deckentragfähigkeit</NameAlias><NameAlias lang="en">Load Bearing Capacity</NameAlias><NameAlias lang="fr-FR">Capacité porteuse</NameAlias></NameAliases><DefinitionAliases><DefinitionAlias lang="de-DE">Maximale Deckentragfähigkeit in diesem Geschoss.</DefinitionAlias><DefinitionAlias lang="en"></DefinitionAlias><DefinitionAlias lang="fr-FR">Indique la force maximale pouvant être acceptée par le sol.</DefinitionAlias></DefinitionAliases></PropertyDef><PropertyDef ifdguid="5acc985c41c34300a85ec7df26f34369"><Name>IsReinforced</Name><Definition>Indicates whether the foundation is reinforced (TRUE) or not (FALSE).</Definition><PropertyType><TypePropertySingleValue><DataType type="IfcBoolean" /></TypePropertySingleValue></PropertyType><NameAliases /><DefinitionAliases /></PropertyDef></PropertyDefs><PsetDefinitionAliases /></PropertySetDef>