﻿<?xml version="1.0" encoding="utf-8"?><PropertySetDef xmlns:xsi="http://www.w3.org/2001/XMLSchema-instance" xmlns:xsd="http://www.w3.org/2001/XMLSchema" ifdguid="a68af808e57282b8558dbf839aafe05a" templatetype="PSET_TYPEDRIVENOVERRIDE" xsi:noNamespaceSchemaLocation="http://buildingSMART-tech.org/xml/psd/PSD_IFC4.xsd" xmlns="http://buildingSMART-tech.org/xml/psd/PSD_IFC4.xsd"><IfcVersion version="IFC4X3_RC4" /><Name>Pset_MobileTeleCommunicationsApplianceTypeRemoteRadioUnit</Name><Definition>Properties common to the definition of all occurrences of  _IfcMobileTelecommunicationsAppliance_ and types of _IfcMobileTelecommunicationsApplianceType_ with the predefined type set to REMOTERADIOUNIT.</Definition><Applicability /><ApplicableClasses><ClassName>IfcMobileTelecommunicationsAppliance/REMOTERADIOUNIT</ClassName></ApplicableClasses><ApplicableTypeValue>IfcMobileTelecommunicationsAppliance/REMOTERADIOUNIT</ApplicableTypeValue><PropertyDefs><PropertyDef ifdguid="a7acc21f25ff4b2bbb585c4ea46f3509"><Name>DownlinkRadioBand</Name><Definition>Indicates the frequency range, delimited by a lower frequency and an upper frequency, allocated for downlink transmission.</Definition><PropertyType><TypePropertyBoundedValue><DataType type="IfcFrequencyMeasure" /></TypePropertyBoundedValue></PropertyType><NameAliases /><DefinitionAliases /></PropertyDef><PropertyDef ifdguid="07ecdef39b6c46f0a04411063e903a66"><Name>NumberOfCarriers</Name><Definition>Indicates how many carrier frequencies can be managed by the device.</Definition><PropertyType><TypePropertySingleValue><DataType type="IfcInteger" /></TypePropertySingleValue></PropertyType><NameAliases /><DefinitionAliases /></PropertyDef><PropertyDef ifdguid="cd03a478484643ab833d4727038848e9"><Name>NumberOfInterfaces</Name><Definition>Indicates the types of interfaces and their number in the device.</Definition><PropertyType><TypePropertyTableValue><Expression /><DefiningValue><DataType type="IfcLabel" /></DefiningValue><DefinedValue><DataType type="IfcInteger" /></DefinedValue></TypePropertyTableValue></PropertyType><NameAliases /><DefinitionAliases /></PropertyDef><PropertyDef ifdguid="46e012b2c5a347d2850037360837c8a3"><Name>UplinkRadioBand</Name><Definition>Indicates the frequency range, delimited by a lower frequency and an upper frequency, allocated for uplink transmission.</Definition><PropertyType><TypePropertyBoundedValue><DataType type="IfcFrequencyMeasure" /></TypePropertyBoundedValue></PropertyType><NameAliases /><DefinitionAliases /></PropertyDef><PropertyDef ifdguid="3e6c522acfcc42999f27ade4ed8a8a66"><Name>NumberOfTransceiversPerAntenna</Name><Definition>Indicates the number of transceivers per antenna.</Definition><PropertyType><TypePropertyTableValue><Expression /><DefiningValue><DataType type="IfcLabel" /></DefiningValue><DefinedValue><DataType type="IfcInteger" /></DefinedValue></TypePropertyTableValue></PropertyType><NameAliases /><DefinitionAliases /></PropertyDef><PropertyDef ifdguid="784496ecc8684ff088c638bb418ad965"><Name>RadiatedOutputPowerPerAntenna</Name><Definition>Indicates the power of radio waves emitted by each antenna of the base transceiver station.</Definition><PropertyType><TypePropertyTableValue><Expression /><DefiningValue><DataType type="IfcLabel" /></DefiningValue><DefinedValue><DataType type="IfcPowerMeasure" /></DefinedValue></TypePropertyTableValue></PropertyType><NameAliases /><DefinitionAliases /></PropertyDef><PropertyDef ifdguid="99f36675d14b43919826a691c1363d8a"><Name>AntennaType</Name><Definition>Indicates the type of antenna integrated in the device.</Definition><PropertyType><TypePropertySingleValue><DataType type="IfcLabel" /></TypePropertySingleValue></PropertyType><NameAliases /><DefinitionAliases /></PropertyDef><PropertyDef ifdguid="afbd1043fcee4a88856625f40012e023"><Name>RRUConnectionType</Name><Definition>Indicates the connection type between the remote radio unit and baseband unit.</Definition><PropertyType><TypePropertyEnumeratedValue><EnumList name="PEnum_UnitConnectionType"><EnumItem>CHAIN</EnumItem><EnumItem>MIXED</EnumItem><EnumItem>RING</EnumItem><EnumItem>STAR</EnumItem><EnumItem>OTHER</EnumItem><EnumItem>NOTKNOWN</EnumItem><EnumItem>UNSET</EnumItem></EnumList><ConstantList><ConstantDef><Name>CHAIN</Name><NameAliases /><DefinitionAliases /></ConstantDef><ConstantDef><Name>MIXED</Name><NameAliases /><DefinitionAliases /></ConstantDef><ConstantDef><Name>RING</Name><NameAliases /><DefinitionAliases /></ConstantDef><ConstantDef><Name>STAR</Name><NameAliases /><DefinitionAliases /></ConstantDef><ConstantDef><Name>OTHER</Name><Definition>required category not on scale</Definition><NameAliases><NameAlias lang="en">(other)</NameAlias></NameAliases><DefinitionAliases><DefinitionAlias lang="en">Value is not listed.</DefinitionAlias></DefinitionAliases></ConstantDef><ConstantDef><Name>NOTKNOWN</Name><Definition>Value is unkown</Definition><NameAliases><NameAlias lang="en">(unknown)</NameAlias></NameAliases><DefinitionAliases><DefinitionAlias lang="en">Value is unknown.</DefinitionAlias></DefinitionAliases></ConstantDef><ConstantDef><Name>UNSET</Name><Definition>Value has not been specified</Definition><NameAliases><NameAlias lang="en">(unset)</NameAlias></NameAliases><DefinitionAliases><DefinitionAlias lang="en">Value has not been specified.</DefinitionAlias></DefinitionAliases></ConstantDef></ConstantList></TypePropertyEnumeratedValue></PropertyType><NameAliases /><DefinitionAliases /></PropertyDef></PropertyDefs><PsetDefinitionAliases /></PropertySetDef>