﻿<?xml version="1.0" encoding="utf-8"?><PropertySetDef xmlns:xsi="http://www.w3.org/2001/XMLSchema-instance" xmlns:xsd="http://www.w3.org/2001/XMLSchema" ifdguid="74ea80ea99c44e08a1e7761b358483e2" templatetype="PSET_TYPEDRIVENOVERRIDE" xsi:noNamespaceSchemaLocation="http://buildingSMART-tech.org/xml/psd/PSD_IFC4.xsd" xmlns="http://buildingSMART-tech.org/xml/psd/PSD_IFC4.xsd"><IfcVersion version="IFC4X3_RC4" /><Name>Pset_ElementAssemblyTypeTurnoutPanel</Name><Definition>Turnout panel properties used in railway. The property set can be used by the predefined type TURNOUT_PANEL of IfcElementAssembly.</Definition><Applicability /><ApplicableClasses><ClassName>IfcElementAssembly/TURNOUTPANEL</ClassName></ApplicableClasses><ApplicableTypeValue>IfcElementAssembly/TURNOUTPANEL</ApplicableTypeValue><PropertyDefs><PropertyDef ifdguid="db1571054e0b497b8c1ce3ea5e52883d"><Name>IsAccessibleByVehicle</Name><Definition>Indicates whether the element is accessible by a vehicle or not.</Definition><PropertyType><TypePropertySingleValue><DataType type="IfcBoolean" /></TypePropertySingleValue></PropertyType><NameAliases /><DefinitionAliases /></PropertyDef><PropertyDef ifdguid="82b6914fb7594769a5f6036b0c412d9a"><Name>BranchLineDirection</Name><Definition>Describes the direction associated to the branch line of the turnout (deviated branch).</Definition><PropertyType><TypePropertyEnumeratedValue><EnumList name="PEnum_BranchLineDirection"><EnumItem>LEFTDEVIATION</EnumItem><EnumItem>RIGHTDEVIATION</EnumItem><EnumItem>SYMETRIC</EnumItem><EnumItem>RIGHT_LEFTDEVIATION</EnumItem><EnumItem>RIGHT_RIGHTDEVIATION</EnumItem><EnumItem>LEFT_LEFTDEVIATION</EnumItem><EnumItem>LEFT_RIGHTDEVIATION</EnumItem><EnumItem>OTHER</EnumItem><EnumItem>NOTKNOWN</EnumItem><EnumItem>UNSET</EnumItem></EnumList><ConstantList><ConstantDef><Name>LEFTDEVIATION</Name><Definition>Diverging path to the left</Definition><NameAliases /><DefinitionAliases /></ConstantDef><ConstantDef><Name>RIGHTDEVIATION</Name><Definition>Diverging path to the right</Definition><NameAliases /><DefinitionAliases /></ConstantDef><ConstantDef><Name>SYMETRIC</Name><NameAliases /><DefinitionAliases /></ConstantDef><ConstantDef><Name>RIGHT_LEFTDEVIATION</Name><Definition>In case of double slip crossing, the first deviation is to the right, the second to the left.</Definition><NameAliases /><DefinitionAliases /></ConstantDef><ConstantDef><Name>RIGHT_RIGHTDEVIATION</Name><Definition>In case of double slip crossing, the first and the second deviation are to the right.</Definition><NameAliases /><DefinitionAliases /></ConstantDef><ConstantDef><Name>LEFT_LEFTDEVIATION</Name><Definition>In case of double slip crossing, the first and the second deviation are to the left.</Definition><NameAliases /><DefinitionAliases /></ConstantDef><ConstantDef><Name>LEFT_RIGHTDEVIATION</Name><Definition>In case of double slip crossing, the first deviation is to the left, the second to the right.</Definition><NameAliases /><DefinitionAliases /></ConstantDef><ConstantDef><Name>OTHER</Name><Definition>required category not on scale</Definition><NameAliases><NameAlias lang="en">(other)</NameAlias></NameAliases><DefinitionAliases><DefinitionAlias lang="en">Value is not listed.</DefinitionAlias></DefinitionAliases></ConstantDef><ConstantDef><Name>NOTKNOWN</Name><Definition>Value is unkown</Definition><NameAliases><NameAlias lang="en">(unknown)</NameAlias></NameAliases><DefinitionAliases><DefinitionAlias lang="en">Value is unknown.</DefinitionAlias></DefinitionAliases></ConstantDef><ConstantDef><Name>UNSET</Name><Definition>Value has not been specified</Definition><NameAliases><NameAlias lang="en">(unset)</NameAlias></NameAliases><DefinitionAliases><DefinitionAlias lang="en">Value has not been specified.</DefinitionAlias></DefinitionAliases></ConstantDef></ConstantList></TypePropertyEnumeratedValue></PropertyType><NameAliases /><DefinitionAliases /></PropertyDef><PropertyDef ifdguid="3991e414e7a64b6abb86b02c58fe9206"><Name>TrackExpansion</Name><Definition>In curvature context, bounded value of the expansion distance that can be added to rail gauge.</Definition><PropertyType><TypePropertyBoundedValue><DataType type="IfcPositiveLengthMeasure" /></TypePropertyBoundedValue></PropertyType><NameAliases /><DefinitionAliases /></PropertyDef><PropertyDef ifdguid="cf8bf619e3f9464c88d66074e1f354e8"><Name>TurnoutCurvedRadius</Name><Definition>If turnout is curved, the main branch radius of curvature.</Definition><PropertyType><TypePropertySingleValue><DataType type="IfcLengthMeasure" /></TypePropertySingleValue></PropertyType><NameAliases /><DefinitionAliases /></PropertyDef><PropertyDef ifdguid="8901934ceecb4be2af03a8022aeae16c"><Name>TypeOfCurvedTurnout</Name><Definition>Turnouts that are positioned in the curved part of the alignment.</Definition><PropertyType><TypePropertyEnumeratedValue><EnumList name="PEnum_TypeOfCurvedTurnout"><EnumItem>STRAIGHT</EnumItem><EnumItem>CIRCULAR_ARC</EnumItem><EnumItem>TRANSITION</EnumItem><EnumItem>OTHER</EnumItem><EnumItem>NOTKNOWN</EnumItem><EnumItem>UNSET</EnumItem></EnumList><ConstantList><ConstantDef><Name>STRAIGHT</Name><Definition>Straight curved turnout.</Definition><NameAliases /><DefinitionAliases /></ConstantDef><ConstantDef><Name>CIRCULAR_ARC</Name><Definition>Circular arc curved turnout.</Definition><NameAliases /><DefinitionAliases /></ConstantDef><ConstantDef><Name>TRANSITION</Name><Definition>Transition curved turnout.</Definition><NameAliases /><DefinitionAliases /></ConstantDef><ConstantDef><Name>OTHER</Name><Definition>required category not on scale</Definition><NameAliases><NameAlias lang="en">(other)</NameAlias></NameAliases><DefinitionAliases><DefinitionAlias lang="en">Value is not listed.</DefinitionAlias></DefinitionAliases></ConstantDef><ConstantDef><Name>NOTKNOWN</Name><Definition>Value is unkown</Definition><NameAliases><NameAlias lang="en">(unknown)</NameAlias></NameAliases><DefinitionAliases><DefinitionAlias lang="en">Value is unknown.</DefinitionAlias></DefinitionAliases></ConstantDef><ConstantDef><Name>UNSET</Name><Definition>Value has not been specified</Definition><NameAliases><NameAlias lang="en">(unset)</NameAlias></NameAliases><DefinitionAliases><DefinitionAlias lang="en">Value has not been specified.</DefinitionAlias></DefinitionAliases></ConstantDef></ConstantList></TypePropertyEnumeratedValue></PropertyType><NameAliases /><DefinitionAliases /></PropertyDef><PropertyDef ifdguid="7f7557a952e4459db81dcb5b64a7c7e5"><Name>InstallationPlan</Name><Definition>Identifier of the corresponding installation plan.</Definition><PropertyType><TypePropertyReferenceValue reftype="IfcDocumentReference" /></PropertyType><NameAliases /><DefinitionAliases /></PropertyDef><PropertyDef ifdguid="e33559ac20d6401b807f3f7142f35397"><Name>IsSharedTurnout</Name><Definition>Indicates if the turnout makes a connection to another infrastructure owner (for sharing costs).</Definition><PropertyType><TypePropertySingleValue><DataType type="IfcBoolean" /></TypePropertySingleValue></PropertyType><NameAliases /><DefinitionAliases /></PropertyDef><PropertyDef ifdguid="ee7659fc659540e681e47583291d4931"><Name>MaximumSpeedLimitOfDivergingLine</Name><Definition>Maximum speed for diverging line that corresponds to the type of turnout and design constraints.</Definition><PropertyType><TypePropertySingleValue><DataType type="IfcLinearVelocityMeasure" /></TypePropertySingleValue></PropertyType><NameAliases /><DefinitionAliases /></PropertyDef><PropertyDef ifdguid="4866836c7ac241da94d3bbf7ca14039f"><Name>TypeOfDrivingDevice</Name><Definition>Type of the driving device used for the turnout.</Definition><PropertyType><TypePropertyEnumeratedValue><EnumList name="PEnum_TypeOfDrivingDevice"><EnumItem>ELECTRIC</EnumItem><EnumItem>MANUAL</EnumItem><EnumItem>HYDRAULIC</EnumItem><EnumItem>PNEUMATIC</EnumItem><EnumItem>MIXED</EnumItem><EnumItem>MOTORISED</EnumItem><EnumItem>OTHER</EnumItem><EnumItem>NOTKNOWN</EnumItem><EnumItem>UNSET</EnumItem></EnumList><ConstantList><ConstantDef><Name>ELECTRIC</Name><NameAliases /><DefinitionAliases /></ConstantDef><ConstantDef><Name>MANUAL</Name><NameAliases /><DefinitionAliases /></ConstantDef><ConstantDef><Name>HYDRAULIC</Name><NameAliases /><DefinitionAliases /></ConstantDef><ConstantDef><Name>PNEUMATIC</Name><NameAliases /><DefinitionAliases /></ConstantDef><ConstantDef><Name>MIXED</Name><NameAliases /><DefinitionAliases /></ConstantDef><ConstantDef><Name>MOTORISED</Name><NameAliases /><DefinitionAliases /></ConstantDef><ConstantDef><Name>OTHER</Name><Definition>required category not on scale</Definition><NameAliases><NameAlias lang="en">(other)</NameAlias></NameAliases><DefinitionAliases><DefinitionAlias lang="en">Value is not listed.</DefinitionAlias></DefinitionAliases></ConstantDef><ConstantDef><Name>NOTKNOWN</Name><Definition>Value is unkown</Definition><NameAliases><NameAlias lang="en">(unknown)</NameAlias></NameAliases><DefinitionAliases><DefinitionAlias lang="en">Value is unknown.</DefinitionAlias></DefinitionAliases></ConstantDef><ConstantDef><Name>UNSET</Name><Definition>Value has not been specified</Definition><NameAliases><NameAlias lang="en">(unset)</NameAlias></NameAliases><DefinitionAliases><DefinitionAlias lang="en">Value has not been specified.</DefinitionAlias></DefinitionAliases></ConstantDef></ConstantList></TypePropertyEnumeratedValue></PropertyType><NameAliases /><DefinitionAliases /></PropertyDef><PropertyDef ifdguid="43ef974820cf49e9b9ca717020240f91"><Name>TrackElementOrientation</Name><Definition>Turnout panels can be placed in 2 mirror-symmetric directions in the field. To distinguish both ends of the turnout panel, a definition of an orientation system with respect to the panel is necessary. The orientation defines, if the panel is oriented in a way or opposite with respect to the direction of the alignment/stationing.</Definition><PropertyType><TypePropertyEnumeratedValue><EnumList name="PEnum_TurnoutPanelOrientation"><EnumItem>FRONT</EnumItem><EnumItem>BACK</EnumItem><EnumItem>OTHER</EnumItem><EnumItem>NOTKNOWN</EnumItem><EnumItem>UNSET</EnumItem></EnumList><ConstantList><ConstantDef><Name>FRONT</Name><NameAliases /><DefinitionAliases /></ConstantDef><ConstantDef><Name>BACK</Name><NameAliases /><DefinitionAliases /></ConstantDef><ConstantDef><Name>OTHER</Name><Definition>required category not on scale</Definition><NameAliases><NameAlias lang="en">(other)</NameAlias></NameAliases><DefinitionAliases><DefinitionAlias lang="en">Value is not listed.</DefinitionAlias></DefinitionAliases></ConstantDef><ConstantDef><Name>NOTKNOWN</Name><Definition>Value is unkown</Definition><NameAliases><NameAlias lang="en">(unknown)</NameAlias></NameAliases><DefinitionAliases><DefinitionAlias lang="en">Value is unknown.</DefinitionAlias></DefinitionAliases></ConstantDef><ConstantDef><Name>UNSET</Name><Definition>Value has not been specified</Definition><NameAliases><NameAlias lang="en">(unset)</NameAlias></NameAliases><DefinitionAliases><DefinitionAlias lang="en">Value has not been specified.</DefinitionAlias></DefinitionAliases></ConstantDef></ConstantList></TypePropertyEnumeratedValue></PropertyType><NameAliases /><DefinitionAliases /></PropertyDef><PropertyDef ifdguid="878737be40b14ab08eab223a67498dab"><Name>PercentShared</Name><Definition>Percent of costs paid by the other infrastructure owner.</Definition><PropertyType><TypePropertySingleValue><DataType type="IfcPositiveRatioMeasure" /></TypePropertySingleValue></PropertyType><NameAliases /><DefinitionAliases /></PropertyDef><PropertyDef ifdguid="79053b41fabc4345b6bb88e4182fbf00"><Name>TrackGaugeLength</Name><Definition>Basic track gauge of permanent way.</Definition><PropertyType><TypePropertySingleValue><DataType type="IfcPositiveLengthMeasure" /></TypePropertySingleValue></PropertyType><NameAliases /><DefinitionAliases /></PropertyDef><PropertyDef ifdguid="8424cf3a9ab24b789a4e80ca999d86d4"><Name>TurnoutPointMachineCount</Name><Definition>Count of point machines inside turnout panel.</Definition><PropertyType><TypePropertySingleValue><DataType type="IfcCountMeasure" /></TypePropertySingleValue></PropertyType><NameAliases /><DefinitionAliases /></PropertyDef><PropertyDef ifdguid="87d63dd26dfb4540baad25be6d39db95"><Name>TurnoutHeaterType</Name><Definition>Defines the kind of turnout heater installed.</Definition><PropertyType><TypePropertyEnumeratedValue><EnumList name="PEnum_TurnoutHeaterType"><EnumItem>GAS</EnumItem><EnumItem>GEOTHERMAL</EnumItem><EnumItem>OTHER</EnumItem><EnumItem>NOTKNOWN</EnumItem><EnumItem>UNSET</EnumItem><EnumItem>ELECTRIC</EnumItem></EnumList><ConstantList><ConstantDef><Name>GAS</Name><NameAliases /><DefinitionAliases /></ConstantDef><ConstantDef><Name>GEOTHERMAL</Name><NameAliases /><DefinitionAliases /></ConstantDef><ConstantDef><Name>OTHER</Name><Definition>required category not on scale</Definition><NameAliases><NameAlias lang="en">(other)</NameAlias></NameAliases><DefinitionAliases><DefinitionAlias lang="en">Value is not listed.</DefinitionAlias></DefinitionAliases></ConstantDef><ConstantDef><Name>NOTKNOWN</Name><Definition>Value is unkown</Definition><NameAliases><NameAlias lang="en">(unknown)</NameAlias></NameAliases><DefinitionAliases><DefinitionAlias lang="en">Value is unknown.</DefinitionAlias></DefinitionAliases></ConstantDef><ConstantDef><Name>UNSET</Name><Definition>Value has not been specified</Definition><NameAliases><NameAlias lang="en">(unset)</NameAlias></NameAliases><DefinitionAliases><DefinitionAlias lang="en">Value has not been specified.</DefinitionAlias></DefinitionAliases></ConstantDef><ConstantDef><Name>ELECTRIC</Name><NameAliases /><DefinitionAliases /></ConstantDef></ConstantList></TypePropertyEnumeratedValue></PropertyType><NameAliases /><DefinitionAliases /></PropertyDef><PropertyDef ifdguid="4c653b9fcad542c2924da1cc7f4a2538"><Name>TypeOfJunction</Name><Definition>The turnout part of the continuous welded rail.</Definition><PropertyType><TypePropertyEnumeratedValue><EnumList name="PEnum_TypeOfJunction"><EnumItem>ISOLATED_JOINT</EnumItem><EnumItem>JOINTED</EnumItem><EnumItem>WELDED_AND_INSERTABLE</EnumItem><EnumItem>WELDED_AND_NOT_INSERTABLE</EnumItem><EnumItem>OTHER</EnumItem><EnumItem>NOTKNOWN</EnumItem><EnumItem>UNSET</EnumItem></EnumList><ConstantList><ConstantDef><Name>ISOLATED_JOINT</Name><NameAliases /><DefinitionAliases /></ConstantDef><ConstantDef><Name>JOINTED</Name><NameAliases /><DefinitionAliases /></ConstantDef><ConstantDef><Name>WELDED_AND_INSERTABLE</Name><Definition>Welded and insertable to a continous welded rail.</Definition><NameAliases /><DefinitionAliases /></ConstantDef><ConstantDef><Name>WELDED_AND_NOT_INSERTABLE</Name><Definition>Welded and not insertable to a continous welded rail.</Definition><NameAliases /><DefinitionAliases /></ConstantDef><ConstantDef><Name>OTHER</Name><Definition>required category not on scale</Definition><NameAliases><NameAlias lang="en">(other)</NameAlias></NameAliases><DefinitionAliases><DefinitionAlias lang="en">Value is not listed.</DefinitionAlias></DefinitionAliases></ConstantDef><ConstantDef><Name>NOTKNOWN</Name><Definition>Value is unkown</Definition><NameAliases><NameAlias lang="en">(unknown)</NameAlias></NameAliases><DefinitionAliases><DefinitionAlias lang="en">Value is unknown.</DefinitionAlias></DefinitionAliases></ConstantDef><ConstantDef><Name>UNSET</Name><Definition>Value has not been specified</Definition><NameAliases><NameAlias lang="en">(unset)</NameAlias></NameAliases><DefinitionAliases><DefinitionAlias lang="en">Value has not been specified.</DefinitionAlias></DefinitionAliases></ConstantDef></ConstantList></TypePropertyEnumeratedValue></PropertyType><NameAliases /><DefinitionAliases /></PropertyDef><PropertyDef ifdguid="98a6448da7744ccd8fce6e70148715a4"><Name>TypeOfTurnout</Name><Definition>Type of turnout.</Definition><PropertyType><TypePropertyEnumeratedValue><EnumList name="PEnum_TypeOfTurnout"><EnumItem>DERAILMENT_TURNOUT</EnumItem><EnumItem>SLIP_TURNOUT_AND_SCISSORS_CROSSING </EnumItem><EnumItem>THREE_WAYS_TURNOUT</EnumItem><EnumItem>SYMMETRIC_TURNOUT</EnumItem><EnumItem>SINGLE_SLIP_CROSSING</EnumItem><EnumItem>DOUBLE_SLIP_CROSSING</EnumItem><EnumItem>DIAMOND_CROSSING</EnumItem><EnumItem>SCISSOR_CROSSOVER</EnumItem><EnumItem>OTHER</EnumItem><EnumItem>NOTKNOWN</EnumItem><EnumItem>UNSET</EnumItem></EnumList><ConstantList><ConstantDef><Name>DERAILMENT_TURNOUT</Name><Definition>Derailment turnout.</Definition><NameAliases /><DefinitionAliases /></ConstantDef><ConstantDef><Name>SLIP_TURNOUT_AND_SCISSORS_CROSSING</Name><Definition>Slip turnout and scissors crossing.</Definition><NameAliases /><DefinitionAliases /></ConstantDef><ConstantDef><Name>THREE_WAYS_TURNOUT</Name><Definition>Three ways turnout.</Definition><NameAliases /><DefinitionAliases /></ConstantDef><ConstantDef><Name>SYMMETRIC_TURNOUT</Name><Definition>Symmetric turnout.</Definition><NameAliases /><DefinitionAliases /></ConstantDef><ConstantDef><Name>SINGLE_SLIP_CROSSING</Name><Definition>Single slip crossing turnout.</Definition><NameAliases /><DefinitionAliases /></ConstantDef><ConstantDef><Name>DOUBLE_SLIP_CROSSING</Name><Definition>Double slip crossing turnout.</Definition><NameAliases /><DefinitionAliases /></ConstantDef><ConstantDef><Name>DIAMOND_CROSSING</Name><Definition>Diamond crossing turnout.</Definition><NameAliases /><DefinitionAliases /></ConstantDef><ConstantDef><Name>SCISSOR_CROSSOVER</Name><Definition>Scissor crossover turnout.</Definition><NameAliases /><DefinitionAliases /></ConstantDef><ConstantDef><Name>OTHER</Name><Definition>required category not on scale</Definition><NameAliases><NameAlias lang="en">(other)</NameAlias></NameAliases><DefinitionAliases><DefinitionAlias lang="en">Value is not listed.</DefinitionAlias></DefinitionAliases></ConstantDef><ConstantDef><Name>NOTKNOWN</Name><Definition>Value is unkown</Definition><NameAliases><NameAlias lang="en">(unknown)</NameAlias></NameAliases><DefinitionAliases><DefinitionAlias lang="en">Value is unknown.</DefinitionAlias></DefinitionAliases></ConstantDef><ConstantDef><Name>UNSET</Name><Definition>Value has not been specified</Definition><NameAliases><NameAlias lang="en">(unset)</NameAlias></NameAliases><DefinitionAliases><DefinitionAlias lang="en">Value has not been specified.</DefinitionAlias></DefinitionAliases></ConstantDef></ConstantList></TypePropertyEnumeratedValue></PropertyType><NameAliases /><DefinitionAliases /></PropertyDef></PropertyDefs><PsetDefinitionAliases /></PropertySetDef>