﻿<?xml version="1.0" encoding="utf-8"?><PropertySetDef xmlns:xsi="http://www.w3.org/2001/XMLSchema-instance" xmlns:xsd="http://www.w3.org/2001/XMLSchema" ifdguid="8c900400d1c011e1800000215ad4efdf" templatetype="PSET_TYPEDRIVENOVERRIDE" xsi:noNamespaceSchemaLocation="http://buildingSMART-tech.org/xml/psd/PSD_IFC4.xsd" xmlns="http://buildingSMART-tech.org/xml/psd/PSD_IFC4.xsd"><IfcVersion version="IFC4X3_RC4" /><Name>Pset_AirToAirHeatRecoveryTypeCommon</Name><Definition>Air to Air Heat Recovery type common attributes.</Definition><Applicability /><ApplicableClasses><ClassName>IfcAirToAirHeatRecovery</ClassName></ApplicableClasses><ApplicableTypeValue>IfcAirToAirHeatRecovery</ApplicableTypeValue><PropertyDefs><PropertyDef ifdguid="9285e500d1c011e1800000215ad4efdf"><Name>Reference</Name><Definition>Reference ID for this specified type in this project (e.g. type 'A-1'), provided, if there is no classification reference to a recognized classification system used.</Definition><PropertyType><TypePropertySingleValue><DataType type="IfcIdentifier" /></TypePropertySingleValue></PropertyType><NameAliases><NameAlias lang="en">Reference</NameAlias><NameAlias lang="fr-FR">Référence</NameAlias><NameAlias lang="ja-JP">参照記号</NameAlias></NameAliases><DefinitionAliases><DefinitionAlias lang="en" /><DefinitionAlias lang="fr-FR">Identification de référence pour ce type spécifique à ce projet, c'est-à-dire type'A-1', fourni à partir du moment où, s'il n'y a pas de référence de classification par rapport à un système de classification reconnu et en usage.</DefinitionAlias><DefinitionAlias lang="ja-JP">このプロジェクトにおける参照記号(例：A-1)。分類コードではなく内部で使用されるプロジェクトタイプとして使用されるもの。</DefinitionAlias></DefinitionAliases></PropertyDef><PropertyDef ifdguid="987bc600d1c011e1800000215ad4efdf"><Name>Status</Name><Definition>Status of the element, predominately used in renovation or retrofitting projects. The status can be assigned to as "New" - element designed as new addition, "Existing" - element exists and remains, "Demolish" - element existed but is to be demolished,  "Temporary" - element will exists only temporary (like a temporary support structure).</Definition><PropertyType><TypePropertyEnumeratedValue><EnumList name="PEnum_ElementStatus"><EnumItem>NEW</EnumItem><EnumItem>EXISTING</EnumItem><EnumItem>DEMOLISH</EnumItem><EnumItem>TEMPORARY</EnumItem><EnumItem>OTHER</EnumItem><EnumItem>NOTKNOWN</EnumItem><EnumItem>UNSET</EnumItem></EnumList><ConstantList><ConstantDef><Name>NEW</Name><Definition>element designed as new addition</Definition><NameAliases><NameAlias lang="en">New</NameAlias></NameAliases><DefinitionAliases /></ConstantDef><ConstantDef><Name>EXISTING</Name><Definition>element exists and is to remain</Definition><NameAliases><NameAlias lang="en">Existing</NameAlias></NameAliases><DefinitionAliases /></ConstantDef><ConstantDef><Name>DEMOLISH</Name><Definition>element exists but is to be demolished</Definition><NameAliases><NameAlias lang="en">Demolish</NameAlias></NameAliases><DefinitionAliases /></ConstantDef><ConstantDef><Name>TEMPORARY</Name><Definition>element will exist only temporarily (such as a temporary support structure)</Definition><NameAliases><NameAlias lang="en">Temporary</NameAlias></NameAliases><DefinitionAliases /></ConstantDef><ConstantDef><Name>OTHER</Name><Definition>required category not on scale</Definition><NameAliases><NameAlias lang="en">(other)</NameAlias></NameAliases><DefinitionAliases><DefinitionAlias lang="en">Value is not listed.</DefinitionAlias></DefinitionAliases></ConstantDef><ConstantDef><Name>NOTKNOWN</Name><Definition>Value is unkown</Definition><NameAliases><NameAlias lang="en">(unknown)</NameAlias></NameAliases><DefinitionAliases><DefinitionAlias lang="en">Value is unknown.</DefinitionAlias></DefinitionAliases></ConstantDef><ConstantDef><Name>UNSET</Name><Definition>Value has not been specified</Definition><NameAliases><NameAlias lang="en">(unset)</NameAlias></NameAliases><DefinitionAliases><DefinitionAlias lang="en">Value has not been specified.</DefinitionAlias></DefinitionAliases></ConstantDef></ConstantList></TypePropertyEnumeratedValue></PropertyType><NameAliases><NameAlias lang="en">Status</NameAlias><NameAlias lang="fr-FR">Etat</NameAlias><NameAlias lang="ja-JP">状態</NameAlias></NameAliases><DefinitionAliases><DefinitionAlias lang="en" /><DefinitionAlias lang="fr-FR">Etat de l'élément, utilisé avant tout pour les projets de rénovation et réaménagement. L'état assigné peut être "Nouveau" - l'élément prévu pour du neuf, "Existant" - l'élément existait et est maintenu, "Démoli" - l'élément existait mais doit être démoli/supprimé, "Provisoire" - l'élément existera à titre provisoire seulement (comme un support structurel par exemple).</DefinitionAlias><DefinitionAlias lang="ja-JP">要素（主にリノベーションまたは改修プロジェクトにおいて）の状態。 状態は、「新規(New)」－新しく追加される要素。「既存」－要素は存在し、かつ残りもの。「破壊」－要素は存在したが、廃棄されるもの。「一時的」－一時的に存在する要素（一時的にサポートしている構造のようなもの）。</DefinitionAlias></DefinitionAliases></PropertyDef><PropertyDef ifdguid="a893a580d1c011e1800000215ad4efdf"><Name>HeatTransferTypeEnum</Name><Definition>Type of heat transfer between the two air streams.</Definition><PropertyType><TypePropertyEnumeratedValue><EnumList name="PEnum_AirToAirHeatTransferHeatTransferType"><EnumItem>SENSIBLE</EnumItem><EnumItem>LATENT</EnumItem><EnumItem>OTHER</EnumItem><EnumItem>NOTKNOWN</EnumItem><EnumItem>UNSET</EnumItem></EnumList><ConstantList><ConstantDef><Name>SENSIBLE</Name><NameAliases><NameAlias lang="en">Sensible</NameAlias></NameAliases><DefinitionAliases /></ConstantDef><ConstantDef><Name>LATENT</Name><NameAliases><NameAlias lang="en">Latent</NameAlias></NameAliases><DefinitionAliases /></ConstantDef><ConstantDef><Name>OTHER</Name><Definition>required category not on scale</Definition><NameAliases><NameAlias lang="en">(other)</NameAlias></NameAliases><DefinitionAliases><DefinitionAlias lang="en">Value is not listed.</DefinitionAlias></DefinitionAliases></ConstantDef><ConstantDef><Name>NOTKNOWN</Name><Definition>Value is unkown</Definition><NameAliases><NameAlias lang="en">(unknown)</NameAlias></NameAliases><DefinitionAliases><DefinitionAlias lang="en">Value is unknown.</DefinitionAlias></DefinitionAliases></ConstantDef><ConstantDef><Name>UNSET</Name><Definition>Value has not been specified</Definition><NameAliases><NameAlias lang="en">(unset)</NameAlias></NameAliases><DefinitionAliases><DefinitionAlias lang="en">Value has not been specified.</DefinitionAlias></DefinitionAliases></ConstantDef></ConstantList></TypePropertyEnumeratedValue></PropertyType><NameAliases><NameAlias lang="en">Heat Transfer Type Enum</NameAlias><NameAlias lang="fr-FR">TypeEchangeChaleurEnum</NameAlias><NameAlias lang="ja-JP">熱交換種類</NameAlias></NameAliases><DefinitionAliases><DefinitionAlias lang="en" /><DefinitionAlias lang="fr-FR">Type de transfert de chaleur entre deux flux d'air.</DefinitionAlias><DefinitionAlias lang="ja-JP">空気間の熱交換の種類（顕熱、潜熱…）</DefinitionAlias></DefinitionAliases></PropertyDef><PropertyDef ifdguid="b77a5800d1c011e1800000215ad4efdf"><Name>HasDefrost</Name><Definition>has the heat exchanger has defrost function or not.</Definition><PropertyType><TypePropertySingleValue><DataType type="IfcBoolean" /></TypePropertySingleValue></PropertyType><NameAliases><NameAlias lang="en">Has Defrost</NameAlias><NameAlias lang="fr-FR">PossèdeDégel</NameAlias><NameAlias lang="ja-JP">デフロスト有無</NameAlias></NameAliases><DefinitionAliases><DefinitionAlias lang="en" /><DefinitionAlias lang="fr-FR">Possède ou non une fonction dégel sur l'échangeur de chaleur</DefinitionAlias><DefinitionAlias lang="ja-JP">熱交換器のデフロスト機能有無</DefinitionAlias></DefinitionAliases></PropertyDef><PropertyDef ifdguid="bea16600d1c011e1800000215ad4efdf"><Name>OperationalTemperatureRange</Name><Definition>Allowable operation ambient air temperature range.</Definition><PropertyType><TypePropertyBoundedValue><DataType type="IfcThermodynamicTemperatureMeasure" /></TypePropertyBoundedValue></PropertyType><NameAliases><NameAlias lang="en">Operational Temperature Range</NameAlias><NameAlias lang="fr-FR">PlageTempératureOpérationelle</NameAlias><NameAlias lang="ja-JP">動作温度範囲</NameAlias></NameAliases><DefinitionAliases><DefinitionAlias lang="en" /><DefinitionAlias lang="fr-FR">Opération admise sur la plage de température de l'air ambiant</DefinitionAlias><DefinitionAlias lang="ja-JP">動作を許容する周囲温度の範囲</DefinitionAlias></DefinitionAliases></PropertyDef><PropertyDef ifdguid="d1b43600d1c011e1800000215ad4efdf"><Name>PrimaryAirflowRateRange</Name><Definition>possible range of primary airflow that can be delivered..</Definition><PropertyType><TypePropertyBoundedValue><DataType type="IfcVolumetricFlowRateMeasure" /></TypePropertyBoundedValue></PropertyType><NameAliases><NameAlias lang="en">Primary Airflow Rate Range</NameAlias><NameAlias lang="fr-FR">PlageDébitAirPrimaire</NameAlias><NameAlias lang="ja-JP">一次側風量範囲</NameAlias></NameAliases><DefinitionAliases><DefinitionAlias lang="en" /><DefinitionAlias lang="fr-FR">Plage possible de débit d'air au primaire qui peut être fourni.</DefinitionAlias><DefinitionAlias lang="ja-JP">一次側の送風可能範囲</DefinitionAlias></DefinitionAliases></PropertyDef><PropertyDef ifdguid="db3d9e00d1c011e1800000215ad4efdf"><Name>SecondaryAirflowRateRange</Name><Definition>possible range of secondary airflow that can be delivered.</Definition><PropertyType><TypePropertyBoundedValue><DataType type="IfcPressureMeasure" /></TypePropertyBoundedValue></PropertyType><NameAliases><NameAlias lang="en">Secondary Airflow Rate Range</NameAlias><NameAlias lang="fr-FR">PlageDébitAirSecondaire</NameAlias><NameAlias lang="ja-JP">二次側風量範囲</NameAlias></NameAliases><DefinitionAliases><DefinitionAlias lang="en" /><DefinitionAlias lang="fr-FR">Plage possible de débit d'air au secondaire qui peut être fourni.</DefinitionAlias><DefinitionAlias lang="ja-JP">二次側の送風可能範囲</DefinitionAlias></DefinitionAliases></PropertyDef></PropertyDefs><PsetDefinitionAliases><PsetDefinitionAlias lang="en" /><PsetDefinitionAlias lang="ja-JP">空気熱回収タイプ共通属性。</PsetDefinitionAlias></PsetDefinitionAliases></PropertySetDef>