﻿<?xml version="1.0" encoding="utf-8"?><PropertySetDef xmlns:xsi="http://www.w3.org/2001/XMLSchema-instance" xmlns:xsd="http://www.w3.org/2001/XMLSchema" ifdguid="ed840000d1f111e1800000215ad4efdf" templatetype="PSET_TYPEDRIVENOVERRIDE" xsi:noNamespaceSchemaLocation="http://buildingSMART-tech.org/xml/psd/PSD_IFC4.xsd" xmlns="http://buildingSMART-tech.org/xml/psd/PSD_IFC4.xsd"><IfcVersion version="IFC4X3_RC4" /><Name>Pset_OutsideDesignCriteria</Name><Definition>Outside air conditions used as the basis for calculating thermal loads at peak conditions, as well as the weather data location from which these conditions were obtained. HISTORY: New property set in IFC Release 1.0.</Definition><Applicability /><ApplicableClasses><ClassName>IfcBuilding</ClassName></ApplicableClasses><ApplicableTypeValue>IfcBuilding</ApplicableTypeValue><PropertyDefs><PropertyDef ifdguid="f2e14a80d1f111e1800000215ad4efdf"><Name>HeatingDryBulb</Name><Definition>Outside dry bulb temperature for heating design.</Definition><PropertyType><TypePropertySingleValue><DataType type="IfcThermodynamicTemperatureMeasure" /></TypePropertySingleValue></PropertyType><NameAliases><NameAlias lang="en">Heating Dry Bulb</NameAlias><NameAlias lang="ja-JP">暖房用設計外気乾球温度</NameAlias><NameAlias lang="ko-KR">난방 설계 외기 건구 온도</NameAlias></NameAliases><DefinitionAliases><DefinitionAlias lang="en" /><DefinitionAlias lang="ja-JP">暖房用設計用外気乾球温度。</DefinitionAlias><DefinitionAlias lang="ko-KR">난방 설계 외기 건구 온도</DefinitionAlias></DefinitionAliases></PropertyDef><PropertyDef ifdguid="f8d72b80d1f111e1800000215ad4efdf"><Name>HeatingWetBulb</Name><Definition>Outside wet bulb temperature for heating design.</Definition><PropertyType><TypePropertySingleValue><DataType type="IfcThermodynamicTemperatureMeasure" /></TypePropertySingleValue></PropertyType><NameAliases><NameAlias lang="en">Heating Wet Bulb</NameAlias><NameAlias lang="ja-JP">暖房用設計外気湿球温度</NameAlias><NameAlias lang="ko-KR">난방 설계 외기 습구온도</NameAlias></NameAliases><DefinitionAliases><DefinitionAlias lang="en" /><DefinitionAlias lang="ja-JP">暖房用設計用外気湿球温度。</DefinitionAlias><DefinitionAlias lang="ko-KR">난방 설계 외기 습구온도</DefinitionAlias></DefinitionAliases></PropertyDef><PropertyDef ifdguid="fecd0c80d1f111e1800000215ad4efdf"><Name>HeatingDesignDay</Name><Definition>The month, day and time that has been selected for the heating design calculations.</Definition><PropertyType><TypePropertySingleValue><DataType type="IfcDateTime" /></TypePropertySingleValue></PropertyType><NameAliases><NameAlias lang="en">Heating Design Day</NameAlias><NameAlias lang="ja-JP">暖房設計基準日</NameAlias><NameAlias lang="ko-KR">난방 설계 기준일</NameAlias></NameAliases><DefinitionAliases><DefinitionAlias lang="en" /><DefinitionAlias lang="ja-JP">暖房設計用気象データの日付。</DefinitionAlias><DefinitionAlias lang="ko-KR">난방 설계 기상 데이터의 날짜</DefinitionAlias></DefinitionAliases></PropertyDef><PropertyDef ifdguid="0391c080d1f211e1800000215ad4efdf"><Name>CoolingDryBulb</Name><Definition>Outside dry bulb temperature for cooling design.</Definition><PropertyType><TypePropertySingleValue><DataType type="IfcThermodynamicTemperatureMeasure" /></TypePropertySingleValue></PropertyType><NameAliases><NameAlias lang="en">Cooling Dry Bulb</NameAlias><NameAlias lang="ja-JP">冷房用設計外気乾球温度</NameAlias><NameAlias lang="ko-KR">냉방용 설계 외기건구 온도</NameAlias></NameAliases><DefinitionAliases><DefinitionAlias lang="en" /><DefinitionAlias lang="ja-JP">冷房用設計用外気乾球温度。</DefinitionAlias><DefinitionAlias lang="ko-KR">냉방용 설계 외기건구 온도</DefinitionAlias></DefinitionAliases></PropertyDef><PropertyDef ifdguid="08ef0b00d1f211e1800000215ad4efdf"><Name>CoolingWetBulb</Name><Definition>Outside wet bulb temperature for cooling design.</Definition><PropertyType><TypePropertySingleValue><DataType type="IfcThermodynamicTemperatureMeasure" /></TypePropertySingleValue></PropertyType><NameAliases><NameAlias lang="en">Cooling Wet Bulb</NameAlias><NameAlias lang="ja-JP">冷房用設計外気湿球温度</NameAlias><NameAlias lang="ko-KR">냉방용 설계외기 습구온도</NameAlias></NameAliases><DefinitionAliases><DefinitionAlias lang="en" /><DefinitionAlias lang="ja-JP">冷房用設計用外気湿球温度。</DefinitionAlias><DefinitionAlias lang="ko-KR">냉방용 설계외기 습구온도</DefinitionAlias></DefinitionAliases></PropertyDef><PropertyDef ifdguid="0e4c5580d1f211e1800000215ad4efdf"><Name>CoolingDesignDay</Name><Definition>The month, day  and time that has been selected for the cooling design calculations.</Definition><PropertyType><TypePropertySingleValue><DataType type="IfcDateTime" /></TypePropertySingleValue></PropertyType><NameAliases><NameAlias lang="en">Cooling Design Day</NameAlias><NameAlias lang="ja-JP">冷房設計基準日</NameAlias><NameAlias lang="ko-KR">냉방설계 기준일</NameAlias></NameAliases><DefinitionAliases><DefinitionAlias lang="en" /><DefinitionAlias lang="ja-JP">冷房設計用気象データの日時（月、日、時刻）。</DefinitionAlias><DefinitionAlias lang="ko-KR">냉방 설계 기상 데이터의 시간 (월, 일, 시간).</DefinitionAlias></DefinitionAliases></PropertyDef><PropertyDef ifdguid="13110980d1f211e1800000215ad4efdf"><Name>WeatherDataStation</Name><Definition>The site weather data station description or reference to the data source from which weather data was obtained for use in calculations.</Definition><PropertyType><TypePropertySingleValue><DataType type="IfcText" /></TypePropertySingleValue></PropertyType><NameAliases><NameAlias lang="en">Weather Data Station</NameAlias><NameAlias lang="ja-JP">気象台所在地</NameAlias><NameAlias lang="ko-KR">기상대 위치</NameAlias></NameAliases><DefinitionAliases><DefinitionAlias lang="en" /><DefinitionAlias lang="ja-JP">空調負荷計算時使用する気象データの気象台所在地。</DefinitionAlias><DefinitionAlias lang="ko-KR">공조 부하 계산시 사용하는 기상 데이터 기상대 위치.</DefinitionAlias></DefinitionAliases></PropertyDef><PropertyDef ifdguid="186e5400d1f211e1800000215ad4efdf"><Name>WeatherDataDate</Name><Definition>The date for which the weather data was gathered.</Definition><PropertyType><TypePropertySingleValue><DataType type="IfcDateTime" /></TypePropertySingleValue></PropertyType><NameAliases><NameAlias lang="en">Weather Data Date</NameAlias><NameAlias lang="ja-JP">気象データ</NameAlias><NameAlias lang="ko-KR">기상데이터</NameAlias></NameAliases><DefinitionAliases><DefinitionAlias lang="en" /><DefinitionAlias lang="ja-JP">気象台所在地の気象データ。</DefinitionAlias><DefinitionAlias lang="ko-KR">기상대 지역의 기상 데이터입니다.</DefinitionAlias></DefinitionAliases></PropertyDef><PropertyDef ifdguid="1c9a7180d1f211e1800000215ad4efdf"><Name>BuildingThermalExposure</Name><Definition>The thermal exposure expected by the building based on surrounding site conditions.</Definition><PropertyType><TypePropertyEnumeratedValue><EnumList name="PEnum_BuildingThermalExposure"><EnumItem>LIGHT</EnumItem><EnumItem>MEDIUM</EnumItem><EnumItem>HEAVY</EnumItem><EnumItem>NOTKNOWN</EnumItem><EnumItem>UNSET</EnumItem></EnumList><ConstantList><ConstantDef><Name>LIGHT</Name><NameAliases><NameAlias lang="en">Light</NameAlias></NameAliases><DefinitionAliases /></ConstantDef><ConstantDef><Name>MEDIUM</Name><NameAliases><NameAlias lang="en">Medium</NameAlias></NameAliases><DefinitionAliases /></ConstantDef><ConstantDef><Name>HEAVY</Name><NameAliases><NameAlias lang="en">Heavy</NameAlias></NameAliases><DefinitionAliases /></ConstantDef><ConstantDef><Name>NOTKNOWN</Name><Definition>Value is unkown</Definition><NameAliases><NameAlias lang="en">(unknown)</NameAlias></NameAliases><DefinitionAliases><DefinitionAlias lang="en">Value is unknown.</DefinitionAlias></DefinitionAliases></ConstantDef><ConstantDef><Name>UNSET</Name><Definition>Value has not been specified</Definition><NameAliases><NameAlias lang="en">(unset)</NameAlias></NameAliases><DefinitionAliases><DefinitionAlias lang="en">Value has not been specified.</DefinitionAlias></DefinitionAliases></ConstantDef></ConstantList></TypePropertyEnumeratedValue></PropertyType><NameAliases><NameAlias lang="en">Building Thermal Exposure</NameAlias><NameAlias lang="ja-JP">周囲環境からの熱放射強度</NameAlias><NameAlias lang="ko-KR">주위환경에서 열의 방사강도</NameAlias></NameAliases><DefinitionAliases><DefinitionAlias lang="en" /><DefinitionAlias lang="ja-JP">周囲環境から建物への熱放射強度。</DefinitionAlias><DefinitionAlias lang="ko-KR">주위 환경​​에서 건물의 열 방사 강도.</DefinitionAlias></DefinitionAliases></PropertyDef><PropertyDef ifdguid="27ed9d00d1f211e1800000215ad4efdf"><Name>PrevailingWindDirection</Name><Definition>The prevailing wind angle direction measured from True North (0 degrees) in a clockwise direction.</Definition><PropertyType><TypePropertySingleValue><DataType type="IfcPlaneAngleMeasure" /></TypePropertySingleValue></PropertyType><NameAliases><NameAlias lang="en">Prevailing Wind Direction</NameAlias><NameAlias lang="ja-JP">卓越風の風向</NameAlias><NameAlias lang="ko-KR">탁월한 방람의 풍향</NameAlias></NameAliases><DefinitionAliases><DefinitionAlias lang="en" /><DefinitionAlias lang="ja-JP">卓越風の風向、真北は0°、時計回り。</DefinitionAlias><DefinitionAlias lang="ko-KR">탁월한 바람의 풍향, 북쪽은 0 ° 시계 방향.</DefinitionAlias></DefinitionAliases></PropertyDef><PropertyDef ifdguid="2d4ae780d1f211e1800000215ad4efdf"><Name>PrevailingWindVelocity</Name><Definition>The design wind velocity coming from the direction specified by the PrevailingWindDirection attribute.</Definition><PropertyType><TypePropertySingleValue><DataType type="IfcLinearVelocityMeasure" /></TypePropertySingleValue></PropertyType><NameAliases><NameAlias lang="en">Prevailing Wind Velocity</NameAlias><NameAlias lang="ja-JP">卓越風の風速</NameAlias><NameAlias lang="ko-KR">탁월한 바람의 풍속</NameAlias></NameAliases><DefinitionAliases><DefinitionAlias lang="en" /><DefinitionAlias lang="ja-JP">PrevailingWindDirection 属性に示された風向から来た卓越風の風速。</DefinitionAlias><DefinitionAlias lang="ko-KR">PrevailingWindDirection 속성에 지정된 풍향 온 탁월한 바람 바람.</DefinitionAlias></DefinitionAliases></PropertyDef></PropertyDefs><PsetDefinitionAliases><PsetDefinitionAlias lang="en" /><PsetDefinitionAlias lang="ja-JP">ピーク時熱負荷を計算するために使用する所在地の外気条件。履歴：IFC1.0に定義された新属性。</PsetDefinitionAlias></PsetDefinitionAliases></PropertySetDef>