﻿<?xml version="1.0" encoding="utf-8"?><PropertySetDef xmlns:xsi="http://www.w3.org/2001/XMLSchema-instance" xmlns:xsd="http://www.w3.org/2001/XMLSchema" ifdguid="cb4e84ae22653263b59578cae54076f8" templatetype="PSET_TYPEDRIVENOVERRIDE" xsi:noNamespaceSchemaLocation="http://buildingSMART-tech.org/xml/psd/PSD_IFC4.xsd" xmlns="http://buildingSMART-tech.org/xml/psd/PSD_IFC4.xsd"><IfcVersion version="IFC4X3_RC4" /><Name>Pset_SectionInsulator</Name><Definition>Properties applicable to the insulator type of discrete accessory, indicated that the insulator is a section insulator used in the overhead contact line system.</Definition><Applicability /><ApplicableClasses><ClassName>IfcDiscreteAccessory/INSULATOR</ClassName></ApplicableClasses><ApplicableTypeValue>IfcDiscreteAccessory/INSULATOR</ApplicableTypeValue><PropertyDefs><PropertyDef ifdguid="bf9dd06046c447428099a348641c3733"><Name>ACResistance</Name><Definition>The resistance under AC.</Definition><PropertyType><TypePropertySingleValue><DataType type="IfcElectricResistanceMeasure" /></TypePropertySingleValue></PropertyType><NameAliases /><DefinitionAliases /></PropertyDef><PropertyDef ifdguid="b95f1304b699479eaeabfaf6d6d4bb9e"><Name>NumberOfWires</Name><Definition>The number of wires used in the element.</Definition><PropertyType><TypePropertySingleValue><DataType type="IfcInteger" /></TypePropertySingleValue></PropertyType><NameAliases /><DefinitionAliases /></PropertyDef><PropertyDef ifdguid="a5b439a388a347d39cf19d15efa89e59"><Name>IsArcSuppressing</Name><Definition>Indicates whether the element has the ability to suppress an arc.</Definition><PropertyType><TypePropertySingleValue><DataType type="IfcBoolean" /></TypePropertySingleValue></PropertyType><NameAliases /><DefinitionAliases /></PropertyDef><PropertyDef ifdguid="94a71fe8b1844edeb934016e43c86dc4"><Name>TensileStrength</Name><Definition>Measurement of the ability to withstand breakage under applied force.</Definition><PropertyType><TypePropertySingleValue><DataType type="IfcForceMeasure" /></TypePropertySingleValue></PropertyType><NameAliases /><DefinitionAliases /></PropertyDef></PropertyDefs><PsetDefinitionAliases /></PropertySetDef>