﻿<?xml version="1.0" encoding="utf-8"?><PropertySetDef xmlns:xsi="http://www.w3.org/2001/XMLSchema-instance" xmlns:xsd="http://www.w3.org/2001/XMLSchema" ifdguid="d7d28a8cb3d9700c805340d5ab22a5a3" templatetype="PSET_TYPEDRIVENOVERRIDE" xsi:noNamespaceSchemaLocation="http://buildingSMART-tech.org/xml/psd/PSD_IFC4.xsd" xmlns="http://buildingSMART-tech.org/xml/psd/PSD_IFC4.xsd"><IfcVersion version="IFC4X3_RC4" /><Name>Pset_MobileTelecommunicationsApplianceTypeAccessPoint</Name><Definition>Properties common to the definition of all occurrences of  _IfcMobileTelecommunicationsAppliance_ and types of _IfcMobileTelecommunicationsApplianceType_ with the predefined type set to ACCESSPOINT.</Definition><Applicability /><ApplicableClasses><ClassName>IfcMobileTelecommunicationsAppliance/ACCESSPOINT</ClassName></ApplicableClasses><ApplicableTypeValue>IfcMobileTelecommunicationsAppliance/ACCESSPOINT</ApplicableTypeValue><PropertyDefs><PropertyDef ifdguid="f4425d406812499b879e8ac603c6202c"><Name>BandWidth</Name><Definition>Indicates the bandwidth for telecommunication of the device.</Definition><PropertyType><TypePropertySingleValue><DataType type="IfcFrequencyMeasure" /></TypePropertySingleValue></PropertyType><NameAliases /><DefinitionAliases /></PropertyDef><PropertyDef ifdguid="33d25600d9fb4b6db151f28c7cf366ef"><Name>DataEncryptionType</Name><Definition>Indicates the type of security protocols that can be used in the access point to protect the wireless network.</Definition><PropertyType><TypePropertySingleValue><DataType type="IfcLabel" /></TypePropertySingleValue></PropertyType><NameAliases /><DefinitionAliases /></PropertyDef><PropertyDef ifdguid="8ae116c1bfb041c191f64b3ebd278223"><Name>DataExchangeRate</Name><Definition>Indicates the data transfer rate of the access point in bit per second (bps).</Definition><PropertyType><TypePropertySingleValue><DataType type="IfcIntegerCountRateMeasure" /></TypePropertySingleValue></PropertyType><NameAliases /><DefinitionAliases /></PropertyDef><PropertyDef ifdguid="f39b2aecdea34813a8bd755ff5f5d613"><Name>NumberOfAntennas</Name><Definition>Indicates the number of antennas integrated in the device.</Definition><PropertyType><TypePropertySingleValue><DataType type="IfcInteger" /></TypePropertySingleValue></PropertyType><NameAliases /><DefinitionAliases /></PropertyDef><PropertyDef ifdguid="cd03a478484643ab833d4727038848e9"><Name>NumberOfInterfaces</Name><Definition>Indicates the types of interfaces and their number in the device.</Definition><PropertyType><TypePropertyTableValue><Expression /><DefiningValue><DataType type="IfcLabel" /></DefiningValue><DefinedValue><DataType type="IfcInteger" /></DefinedValue></TypePropertyTableValue></PropertyType><NameAliases /><DefinitionAliases /></PropertyDef><PropertyDef ifdguid="a887d8e4dced459586812b35557cbe79"><Name>UserCapacity</Name><Definition>Indicates the user capacity of the device, defined as the maximum number of users that can be active at the same time.</Definition><PropertyType><TypePropertySingleValue><DataType type="IfcInteger" /></TypePropertySingleValue></PropertyType><NameAliases /><DefinitionAliases /></PropertyDef></PropertyDefs><PsetDefinitionAliases /></PropertySetDef>