﻿<?xml version="1.0" encoding="utf-8"?><PropertySetDef xmlns:xsi="http://www.w3.org/2001/XMLSchema-instance" xmlns:xsd="http://www.w3.org/2001/XMLSchema" ifdguid="9dea8b0838e54a2cda4be0e4501890ff" templatetype="PSET_TYPEDRIVENOVERRIDE" xsi:noNamespaceSchemaLocation="http://buildingSMART-tech.org/xml/psd/PSD_IFC4.xsd" xmlns="http://buildingSMART-tech.org/xml/psd/PSD_IFC4.xsd"><IfcVersion version="IFC4X3_RC4" /><Name>Pset_CoaxialCable</Name><Definition>Properties applicable to a coaxial cable, which is a copper cable with a variable number of copper coaxial pair conductors used to transmit data by means of electrical signals, especially at radio frequency. This property set is applicable to a type or occurence of _IfcCableSegment_ with predefined type CABLESEGMENT.</Definition><Applicability /><ApplicableClasses><ClassName>IfcCableSegment/CABLESEGMENT</ClassName></ApplicableClasses><ApplicableTypeValue>IfcCableSegment/CABLESEGMENT</ApplicableTypeValue><PropertyDefs><PropertyDef ifdguid="40c2a797c51a417e92aa1faf950f25ac"><Name>CharacteristicImpedance</Name><Definition>A quantity defined for a mode of propagation at a given frequency in a specific uniform transmission line or uniform waveguide by one of the three following relations:  
Z1 = S/ |I|2
Z2 = |U|2 / S
Z3 = U / I
where Z is the complex characteristic impedance, S the complex power and U and I are the values, usually complex, respectively of a voltage and a current conventionally defined for each type of mode by analogy with transmission line equations.</Definition><PropertyType><TypePropertySingleValue><DataType type="IfcElectricResistanceMeasure" /></TypePropertySingleValue></PropertyType><NameAliases /><DefinitionAliases /></PropertyDef><PropertyDef ifdguid="7b9912a8585f40b280db78c8db78abc0"><Name>CouplingLoss</Name><Definition>Indicates the coupling loss of a leaky coaxial cable (radiating cable).</Definition><PropertyType><TypePropertySingleValue><DataType type="IfcNormalisedRatioMeasure" /></TypePropertySingleValue></PropertyType><NameAliases /><DefinitionAliases /></PropertyDef><PropertyDef ifdguid="39fb64a6970645d2967c9ef9dbd693ba"><Name>MaximumTransmissionAttenuation</Name><Definition>Indicates the Maximum transmission attenuation of feeder.</Definition><PropertyType><TypePropertySingleValue><DataType type="IfcSoundPowerLevelMeasure" /></TypePropertySingleValue></PropertyType><NameAliases /><DefinitionAliases /></PropertyDef><PropertyDef ifdguid="c88ff1052bfa4eb4a3ad5130682585e8"><Name>NumberOfCoaxialPairs</Name><Definition>Indicates the total number of coaxial pairs in the coaxial cable.</Definition><PropertyType><TypePropertySingleValue><DataType type="IfcInteger" /></TypePropertySingleValue></PropertyType><NameAliases /><DefinitionAliases /></PropertyDef><PropertyDef ifdguid="0a508b054f084dee981d95c7530f1241"><Name>PropagationSpeedCoefficient</Name><Definition>Indicates the propagation speed coefficient.</Definition><PropertyType><TypePropertySingleValue><DataType type="IfcRatioMeasure" /></TypePropertySingleValue></PropertyType><NameAliases /><DefinitionAliases /></PropertyDef><PropertyDef ifdguid="d34639d5355a4c8ab9ad27af5c36f878"><Name>TransmissionLoss</Name><Definition>Indicates the transmission loss of the leaky coaxial cable (radiating cable).</Definition><PropertyType><TypePropertySingleValue><DataType type="IfcNormalisedRatioMeasure" /></TypePropertySingleValue></PropertyType><NameAliases /><DefinitionAliases /></PropertyDef><PropertyDef ifdguid="5d6dc7a24be04618a78fd6f923ebf763"><Name>RadiantFrequency</Name><Definition>Indicates the radiant frequency of the leaky coaxial cable (radiating cable).</Definition><PropertyType><TypePropertySingleValue><DataType type="IfcFrequencyMeasure" /></TypePropertySingleValue></PropertyType><NameAliases /><DefinitionAliases /></PropertyDef></PropertyDefs><PsetDefinitionAliases /></PropertySetDef>