﻿<?xml version="1.0" encoding="utf-8"?><PropertySetDef xmlns:xsi="http://www.w3.org/2001/XMLSchema-instance" xmlns:xsd="http://www.w3.org/2001/XMLSchema" ifdguid="73de7766c0db28aafa36f084c270d01e" templatetype="PSET_TYPEDRIVENOVERRIDE" xsi:noNamespaceSchemaLocation="http://buildingSMART-tech.org/xml/psd/PSD_IFC4.xsd" xmlns="http://buildingSMART-tech.org/xml/psd/PSD_IFC4.xsd"><IfcVersion version="IFC4X3_RC4" /><Name>Pset_CableCarrierSegmentTypeDropper</Name><Definition>Properties that are applicable to a type or an occurence of dropper.</Definition><Applicability /><ApplicableClasses><ClassName>IfcCableCarrierSegment/DROPPER</ClassName></ApplicableClasses><ApplicableTypeValue>IfcCableCarrierSegment/DROPPER</ApplicableTypeValue><PropertyDefs><PropertyDef ifdguid="a56d336272784003b1418d8169f8652f"><Name>CurrentCarryingCapacity</Name><Definition>Maximum value of electric current which can be carried continuously by a conductor, a device or an apparatus, under specified conditions without its steady-state temperature exceeding a  specified value. Based on IEC60826-11-13. NOTE: The temperature specified value is maximum Design Ambient Temperature.</Definition><PropertyType><TypePropertySingleValue><DataType type="IfcElectricCurrentMeasure" /></TypePropertySingleValue></PropertyType><NameAliases><NameAlias lang="en">Current Carrying Capasity</NameAlias></NameAliases><DefinitionAliases><DefinitionAlias lang="en" /></DefinitionAliases></PropertyDef><PropertyDef ifdguid="7561e794915842b6a10e7015c0cbcd6c"><Name>TensileStrength</Name><Definition>Indicates the ability to withstand breakage apart under applied force.</Definition><PropertyType><TypePropertySingleValue><DataType type="IfcPressureMeasure" /></TypePropertySingleValue></PropertyType><NameAliases /><DefinitionAliases /></PropertyDef><PropertyDef ifdguid="e016c1b196e6495cbdfe58665d2c5b60"><Name>AssemblyInstruction</Name><Definition>Instructions to describe how the system / equipment / facility is assembled.</Definition><PropertyType><TypePropertyReferenceValue reftype="IfcExternalReference" /></PropertyType><NameAliases /><DefinitionAliases /></PropertyDef><PropertyDef ifdguid="f4494d80d1c611e1800000215ad4efdf"><Name>IsRigid</Name><Definition>Indication of whether the segment is rigid (= TRUE) or flexible (= FALSE).</Definition><PropertyType><TypePropertySingleValue><DataType type="IfcBoolean" /></TypePropertySingleValue></PropertyType><NameAliases><NameAlias lang="en">Is Rigid</NameAlias><NameAlias lang="ja-JP">鋼管</NameAlias><NameAlias lang="ko-KR">강관</NameAlias></NameAliases><DefinitionAliases><DefinitionAlias lang="en" /><DefinitionAlias lang="ja-JP">鋼管か否か。</DefinitionAlias><DefinitionAlias lang="ko-KR" /></DefinitionAliases></PropertyDef><PropertyDef ifdguid="284d71d234d045d8badb4db9c476d31e"><Name>UltimateTensileStrength</Name><Definition>Indicates the maximum stress that a material or element can withstand before breaking while being stretched or pulled.</Definition><PropertyType><TypePropertySingleValue><DataType type="IfcForceMeasure" /></TypePropertySingleValue></PropertyType><NameAliases /><DefinitionAliases /></PropertyDef><PropertyDef ifdguid="00639b8ef9bc4450b73fece0e93c5edf"><Name>IsAdjustable</Name><Definition>Indicates whether the element is adjustable or not.</Definition><PropertyType><TypePropertySingleValue><DataType type="IfcBoolean" /></TypePropertySingleValue></PropertyType><NameAliases /><DefinitionAliases /></PropertyDef><PropertyDef ifdguid="9d02bfb6ebe443d88a764bd94cb6556e"><Name>IsCurrentCarrying</Name><Definition>To indicate whether the current will go through the dropper.</Definition><PropertyType><TypePropertySingleValue><DataType type="IfcBoolean" /></TypePropertySingleValue></PropertyType><NameAliases /><DefinitionAliases /></PropertyDef><PropertyDef ifdguid="a750b00335b94782a0892295d1a93e18"><Name>NominalLoad</Name><Definition>The nominal load that a component can support.</Definition><PropertyType><TypePropertySingleValue><DataType type="IfcForceMeasure" /></TypePropertySingleValue></PropertyType><NameAliases /><DefinitionAliases /></PropertyDef></PropertyDefs><PsetDefinitionAliases /></PropertySetDef>