﻿<?xml version="1.0" encoding="utf-8"?><PropertySetDef xmlns:xsi="http://www.w3.org/2001/XMLSchema-instance" xmlns:xsd="http://www.w3.org/2001/XMLSchema" ifdguid="d6dea880d1f311e1800000215ad4efdf" templatetype="PSET_TYPEDRIVENOVERRIDE" xsi:noNamespaceSchemaLocation="http://buildingSMART-tech.org/xml/psd/PSD_IFC4.xsd" xmlns="http://buildingSMART-tech.org/xml/psd/PSD_IFC4.xsd"><IfcVersion version="IFC4X3_RC4" /><Name>Pset_PipeSegmentTypeCulvert</Name><Definition>Covered channel or large pipe that forms a watercourse below ground level, usually under a road or railway (BS6100).</Definition><Applicability /><ApplicableClasses><ClassName>IfcPipeSegment/CULVERT</ClassName></ApplicableClasses><ApplicableTypeValue>IfcPipeSegment/CULVERT</ApplicableTypeValue><PropertyDefs><PropertyDef ifdguid="dba35c80d1f311e1800000215ad4efdf"><Name>InternalWidth</Name><Definition>The internal width of the culvert.</Definition><PropertyType><TypePropertySingleValue><DataType type="IfcLengthMeasure" /></TypePropertySingleValue></PropertyType><NameAliases><NameAlias lang="en">Internal Width</NameAlias><NameAlias lang="ja-JP">内幅</NameAlias></NameAliases><DefinitionAliases><DefinitionAlias lang="en" /><DefinitionAlias lang="ja-JP">暗渠管の内幅</DefinitionAlias></DefinitionAliases></PropertyDef><PropertyDef ifdguid="e2ca6a80d1f311e1800000215ad4efdf"><Name>ClearDepth</Name><Definition>The clear depth of the culvert.</Definition><PropertyType><TypePropertySingleValue><DataType type="IfcLengthMeasure" /></TypePropertySingleValue></PropertyType><NameAliases><NameAlias lang="en">Clear Depth</NameAlias><NameAlias lang="ja-JP">許容深さ</NameAlias></NameAliases><DefinitionAliases><DefinitionAlias lang="en" /><DefinitionAlias lang="ja-JP">暗渠管の許容(安全)深さ</DefinitionAlias></DefinitionAliases></PropertyDef></PropertyDefs><PsetDefinitionAliases><PsetDefinitionAlias lang="en" /></PsetDefinitionAliases></PropertySetDef>