﻿<?xml version="1.0" encoding="utf-8"?><PropertySetDef xmlns:xsi="http://www.w3.org/2001/XMLSchema-instance" xmlns:xsd="http://www.w3.org/2001/XMLSchema" ifdguid="8287f880d1f411e1800000215ad4efdf" templatetype="PSET_TYPEDRIVENOVERRIDE" xsi:noNamespaceSchemaLocation="http://buildingSMART-tech.org/xml/psd/PSD_IFC4.xsd" xmlns="http://buildingSMART-tech.org/xml/psd/PSD_IFC4.xsd"><IfcVersion version="IFC4X3_RC4" /><Name>Pset_PrecastConcreteElementGeneral</Name><Definition>Production and manufacturing related properties common to different types of precast concrete elements. The Pset can be used by a number of subtypes of IfcBuildingElement. If the precast concrete element is a sandwich wall panel each structural layer or shell represented by an IfcBuildingElementPart may be attached to a separate Pset of this type, if needed. Some of the properties apply only for specific types of precast concrete elements.</Definition><Applicability /><ApplicableClasses><ClassName>IfcBeam</ClassName><ClassName>IfcBuildingElementProxy</ClassName><ClassName>IfcChimney</ClassName><ClassName>IfcColumn</ClassName><ClassName>IfcFooting</ClassName><ClassName>IfcMember</ClassName><ClassName>IfcPile</ClassName><ClassName>IfcPlate</ClassName><ClassName>IfcRamp</ClassName><ClassName>IfcRampFlight</ClassName><ClassName>IfcRoof</ClassName><ClassName>IfcSlab</ClassName><ClassName>IfcStair</ClassName><ClassName>IfcStairFlight</ClassName><ClassName>IfcWall</ClassName><ClassName>IfcCivilElement</ClassName></ApplicableClasses><ApplicableTypeValue>IfcBeam,IfcBuildingElementProxy,IfcChimney,IfcColumn,IfcFooting,IfcMember,IfcPile,IfcPlate,IfcRamp,IfcRampFlight,IfcRoof,IfcSlab,IfcStair,IfcStairFlight,IfcWall,IfcCivilElement</ApplicableTypeValue><PropertyDefs><PropertyDef ifdguid="fec5ed14d21e43eeba124e8eb03952d0"><Name>TypeDesignation</Name><Definition>Type designator according to local standards</Definition><PropertyType><TypePropertySingleValue><DataType type="IfcLabel" /></TypePropertySingleValue></PropertyType><NameAliases /><DefinitionAliases /></PropertyDef><PropertyDef ifdguid="aba88900d1f411e1800000215ad4efdf"><Name>CornerChamfer</Name><Definition>The chamfer in the corners of the precast element. The chamfer is presumed to be equal in both directions.</Definition><PropertyType><TypePropertySingleValue><DataType type="IfcPositiveLengthMeasure" /></TypePropertySingleValue></PropertyType><NameAliases><NameAlias lang="en">Corner Chamfer</NameAlias><NameAlias lang="ja-JP">面取り</NameAlias></NameAliases><DefinitionAliases><DefinitionAlias lang="en" /><DefinitionAlias lang="ja-JP">プレキャストコンクリート要素の面取り。面取りは両方向で等しいものとする。</DefinitionAlias></DefinitionAliases></PropertyDef><PropertyDef ifdguid="b4995a80d1f411e1800000215ad4efdf"><Name>ManufacturingToleranceClass</Name><Definition>Classification designation of the manufacturing tolerances according to local standards.</Definition><PropertyType><TypePropertySingleValue><DataType type="IfcLabel" /></TypePropertySingleValue></PropertyType><NameAliases><NameAlias lang="en">Manufacturing Tolerance Class</NameAlias><NameAlias lang="ja-JP">メーカーの認可分類</NameAlias></NameAliases><DefinitionAliases><DefinitionAlias lang="en" /><DefinitionAlias lang="ja-JP">ローカルな標準によるメーカーの認可分類。</DefinitionAlias></DefinitionAliases></PropertyDef><PropertyDef ifdguid="bb27d200d1f411e1800000215ad4efdf"><Name>FormStrippingStrength</Name><Definition>The minimum required compressive strength of the concrete at form stripping time.</Definition><PropertyType><TypePropertySingleValue><DataType type="IfcPressureMeasure" /></TypePropertySingleValue></PropertyType><NameAliases><NameAlias lang="en">Form Stripping Strength</NameAlias><NameAlias lang="ja-JP">脱型強度</NameAlias></NameAliases><DefinitionAliases><DefinitionAlias lang="en" /><DefinitionAlias lang="ja-JP">脱型時におけるコンクリートの最小必要圧縮強度。</DefinitionAlias></DefinitionAliases></PropertyDef><PropertyDef ifdguid="c1b64980d1f411e1800000215ad4efdf"><Name>LiftingStrength</Name><Definition>The minimum required compressive strength of the concrete when the concrete element is lifted.</Definition><PropertyType><TypePropertySingleValue><DataType type="IfcPressureMeasure" /></TypePropertySingleValue></PropertyType><NameAliases><NameAlias lang="en">Lifting Strength</NameAlias><NameAlias lang="ja-JP">吊り上げ強度</NameAlias></NameAliases><DefinitionAliases><DefinitionAlias lang="en" /><DefinitionAlias lang="ja-JP">コンクリート要素が吊り上げられる時のコンクリートの最小必要圧縮強度。</DefinitionAlias></DefinitionAliases></PropertyDef><PropertyDef ifdguid="c975ee00d1f411e1800000215ad4efdf"><Name>ReleaseStrength</Name><Definition>The minimum required compressive strength of the concrete when the tendon stress is released. This property applies to prestressed concrete elements only.</Definition><PropertyType><TypePropertySingleValue><DataType type="IfcPressureMeasure" /></TypePropertySingleValue></PropertyType><NameAliases><NameAlias lang="en">Release Strength</NameAlias><NameAlias lang="ja-JP">リリース強度</NameAlias></NameAliases><DefinitionAliases><DefinitionAlias lang="en" /><DefinitionAlias lang="ja-JP">緊張力が解放される時のコンクリートの最小必要圧縮強度。この属性はプレストレストコンクリート要素のみに適用される。</DefinitionAlias></DefinitionAliases></PropertyDef><PropertyDef ifdguid="cf6bcf00d1f411e1800000215ad4efdf"><Name>MinimumAllowableSupportLength</Name><Definition>The minimum allowable support length.</Definition><PropertyType><TypePropertySingleValue><DataType type="IfcPositiveLengthMeasure" /></TypePropertySingleValue></PropertyType><NameAliases><NameAlias lang="en">Minimum Allowable Support Length</NameAlias><NameAlias lang="ja-JP">最小許容支持長さ</NameAlias></NameAliases><DefinitionAliases><DefinitionAlias lang="en" /><DefinitionAlias lang="ja-JP">最小許容支持長さ。</DefinitionAlias></DefinitionAliases></PropertyDef><PropertyDef ifdguid="d5fa4680d1f411e1800000215ad4efdf"><Name>InitialTension</Name><Definition>The initial stress of the tendon. This property applies to prestressed concrete elements only.</Definition><PropertyType><TypePropertySingleValue><DataType type="IfcPressureMeasure" /></TypePropertySingleValue></PropertyType><NameAliases><NameAlias lang="en">Initial Tension</NameAlias><NameAlias lang="ja-JP">初引張力</NameAlias></NameAliases><DefinitionAliases><DefinitionAlias lang="en" /><DefinitionAlias lang="ja-JP">緊張材の初期応力。この属性はプレストレストコンクリート要素のみに適用される。</DefinitionAlias></DefinitionAliases></PropertyDef><PropertyDef ifdguid="dbf02780d1f411e1800000215ad4efdf"><Name>TendonRelaxation</Name><Definition>The maximum allowable relaxation of the tendon (usually expressed as %/1000 h).This property applies to prestressed concrete elements only.</Definition><PropertyType><TypePropertySingleValue><DataType type="IfcPositiveRatioMeasure" /></TypePropertySingleValue></PropertyType><NameAliases><NameAlias lang="en">Tendon Relaxation</NameAlias><NameAlias lang="ja-JP">緊張材のリラクセーション</NameAlias></NameAliases><DefinitionAliases><DefinitionAlias lang="en" /><DefinitionAlias lang="ja-JP">緊張材の最大許容リラクセーション（応力弛緩、－係数）。通常、1000時間あたりの割合（%)。この属性はプレストレストコンクリート要素のみに適用される。</DefinitionAlias></DefinitionAliases></PropertyDef><PropertyDef ifdguid="e14d7200d1f411e1800000215ad4efdf"><Name>TransportationStrength</Name><Definition>The minimum required compressive strength of the concrete required for transportation.</Definition><PropertyType><TypePropertySingleValue><DataType type="IfcPressureMeasure" /></TypePropertySingleValue></PropertyType><NameAliases><NameAlias lang="en">Transportation Strength</NameAlias><NameAlias lang="ja-JP">輸送強度</NameAlias></NameAliases><DefinitionAliases><DefinitionAlias lang="en" /><DefinitionAlias lang="ja-JP">輸送に必要なコンクリートの最小必要圧縮強度。</DefinitionAlias></DefinitionAliases></PropertyDef><PropertyDef ifdguid="e7435300d1f411e1800000215ad4efdf"><Name>SupportDuringTransportDescription</Name><Definition>Textual description of how the concrete element is supported during transportation.</Definition><PropertyType><TypePropertySingleValue><DataType type="IfcText" /></TypePropertySingleValue></PropertyType><NameAliases><NameAlias lang="en">Support During Transport Description</NameAlias><NameAlias lang="ja-JP">輸送中の支持に関する記述</NameAlias></NameAliases><DefinitionAliases><DefinitionAlias lang="en" /><DefinitionAlias lang="ja-JP">プレキャストコンクリート要素が輸送中における支持方法について書かれたテキスト文書。</DefinitionAlias></DefinitionAliases></PropertyDef><PropertyDef ifdguid="ed393400d1f411e1800000215ad4efdf"><Name>SupportDuringTransportDocReference</Name><Definition>Reference to an external document defining how the concrete element is supported during transportation.</Definition><PropertyType><TypePropertyReferenceValue reftype="IfcExternalReference" /></PropertyType><NameAliases><NameAlias lang="en">Support During Transport Doc Reference</NameAlias><NameAlias lang="ja-JP">輸送中の支持に関する参考文献</NameAlias></NameAliases><DefinitionAliases><DefinitionAlias lang="en" /><DefinitionAlias lang="ja-JP">プレキャストコンクリート要素が輸送中における支持方法について書かれた外部ドキュメントの参照。</DefinitionAlias></DefinitionAliases></PropertyDef><PropertyDef ifdguid="f0342480d1f411e1800000215ad4efdf"><Name>HollowCorePlugging</Name><Definition>A descriptive label for how the hollow core ends are treated: they may be left open, closed with a plug, or sealed with cast concrete. Values would be, for example: 'Unplugged', 'Plugged', 'SealedWithConcrete'. This property applies to  hollow core slabs only.</Definition><PropertyType><TypePropertySingleValue><DataType type="IfcLabel" /></TypePropertySingleValue></PropertyType><NameAliases><NameAlias lang="en">Hollow Core Plugging</NameAlias><NameAlias lang="ja-JP">くぼみの充填</NameAlias></NameAliases><DefinitionAliases><DefinitionAlias lang="en" /><DefinitionAlias lang="ja-JP">（定着部の？）くぼみをどのように扱うのかについて書かれたラベル：開けたままにするか、プラグで塞ぐ、または後詰めコンクリートで塞ぐ。例えば、「塞がない」、「塞ぐ」、「コンクリートで塞ぐ」と書かれるだろう。この属性はスラブに開けられたくぼみにも適用される。</DefinitionAlias></DefinitionAliases></PropertyDef><PropertyDef ifdguid="f6c29c00d1f411e1800000215ad4efdf"><Name>CamberAtMidspan</Name><Definition>The camber deflection, measured from the midpoint of a cambered face of a piece to the midpoint of the chord joining the ends of the same face, as shown in the figure below, divided by the original (nominal) straight length of the face of the piece.</Definition><PropertyType><TypePropertySingleValue><DataType type="IfcRatioMeasure" /></TypePropertySingleValue></PropertyType><NameAliases><NameAlias lang="en">Camber At Midspan</NameAlias></NameAliases><DefinitionAliases><DefinitionAlias lang="en" /></DefinitionAliases></PropertyDef><PropertyDef ifdguid="fb875000d1f411e1800000215ad4efdf"><Name>BatterAtStart</Name><Definition>The angle, in radians, by which the formwork at the starting face of a piece is to be rotated from the vertical in order to compensate for the rotation of the face that will occur once the piece is stripped from its form, inducing camber due to eccentric prestressing.</Definition><PropertyType><TypePropertySingleValue><DataType type="IfcPlaneAngleMeasure" /></TypePropertySingleValue></PropertyType><NameAliases><NameAlias lang="en">Batter At Start</NameAlias></NameAliases><DefinitionAliases><DefinitionAlias lang="en" /></DefinitionAliases></PropertyDef><PropertyDef ifdguid="00e49a80d1f511e1800000215ad4efdf"><Name>BatterAtEnd</Name><Definition>The angle, in radians, by which the formwork at the ending face of a piece is to be rotated from the vertical in order to compensate for the rotation of the face that will occur once the piece is stripped from its form, inducing camber due to eccentric prestressing.</Definition><PropertyType><TypePropertySingleValue><DataType type="IfcPlaneAngleMeasure" /></TypePropertySingleValue></PropertyType><NameAliases><NameAlias lang="en">Batter At End</NameAlias></NameAliases><DefinitionAliases><DefinitionAlias lang="en" /></DefinitionAliases></PropertyDef><PropertyDef ifdguid="06da7b80d1f511e1800000215ad4efdf"><Name>Twisting</Name><Definition>The angle, in radians, through which the end face of a precast piece is rotated with respect to its starting face, along its longitudinal axis, as a result of non-aligned supports. This measure is also termed the ‘warping’ angle.</Definition><PropertyType><TypePropertySingleValue><DataType type="IfcPlaneAngleMeasure" /></TypePropertySingleValue></PropertyType><NameAliases><NameAlias lang="en">Twisting</NameAlias></NameAliases><DefinitionAliases><DefinitionAlias lang="en" /></DefinitionAliases></PropertyDef><PropertyDef ifdguid="0c37c600d1f511e1800000215ad4efdf"><Name>Shortening</Name><Definition>The ratio of the distance by which a precast piece is shortened after release from its form (due to compression induced by prestressing) to its original (nominal) length.</Definition><PropertyType><TypePropertySingleValue><DataType type="IfcRatioMeasure" /></TypePropertySingleValue></PropertyType><NameAliases><NameAlias lang="en">Shortening</NameAlias></NameAliases><DefinitionAliases><DefinitionAlias lang="en" /></DefinitionAliases></PropertyDef><PropertyDef ifdguid="122da700d1f511e1800000215ad4efdf"><Name>PieceMark</Name><Definition>Defines a unique piece for production purposes. All pieces with the same piece mark value are identical and interchangeable. The piece mark may be composed of sub-parts that have specific locally defined meaning (e.g. B-1A may denote a beam, of generic type ‘1’ and specific shape ‘A’).</Definition><PropertyType><TypePropertySingleValue><DataType type="IfcLabel" /></TypePropertySingleValue></PropertyType><NameAliases><NameAlias lang="en">Piece Mark</NameAlias></NameAliases><DefinitionAliases><DefinitionAlias lang="en" /></DefinitionAliases></PropertyDef><PropertyDef ifdguid="18238800d1f511e1800000215ad4efdf"><Name>DesignLocationNumber</Name><Definition>Defines a unique location within a structure, the ‘slot’ for which the piece was designed.</Definition><PropertyType><TypePropertySingleValue><DataType type="IfcLabel" /></TypePropertySingleValue></PropertyType><NameAliases><NameAlias lang="en">Design Location Number</NameAlias></NameAliases><DefinitionAliases><DefinitionAlias lang="en" /></DefinitionAliases></PropertyDef></PropertyDefs><PsetDefinitionAliases><PsetDefinitionAlias lang="en" /><PsetDefinitionAlias lang="ja-JP">生産（設計）と製造（メーカー）でタイプの異なるプレキャストコンクリート要素（部材）に、共通の属性（プロパティ）を関連付けた。Psetは多くのIfcBuildingElementのサブタイプとして使用できる。もしプレキャストコンクリート要素が壁板であるとしたら、IfcBuildingElementPartで表される各々の構造的な層かシェルは、このタイプの別々のPsetで結び付くかもしれない。幾つかの属性が、特定なタイプのプレキャストコンクリート要素のためだけに適用される。</PsetDefinitionAlias></PsetDefinitionAliases></PropertySetDef>