﻿<?xml version="1.0" encoding="utf-8"?><PropertySetDef xmlns:xsi="http://www.w3.org/2001/XMLSchema-instance" xmlns:xsd="http://www.w3.org/2001/XMLSchema" ifdguid="042f5480d1fc11e1800000215ad4efdf" templatetype="PSET_TYPEDRIVENOVERRIDE" xsi:noNamespaceSchemaLocation="http://buildingSMART-tech.org/xml/psd/PSD_IFC4.xsd" xmlns="http://buildingSMART-tech.org/xml/psd/PSD_IFC4.xsd"><IfcVersion version="IFC4X3_RC4" /><Name>Pset_ProtectiveDeviceTrippingUnitTypeCommon</Name><Definition>Common information concerning tripping units that area associated with protective devices</Definition><Applicability /><ApplicableClasses><ClassName>IfcProtectiveDeviceTrippingUnit</ClassName></ApplicableClasses><ApplicableTypeValue>IfcProtectiveDeviceTrippingUnit</ApplicableTypeValue><PropertyDefs><PropertyDef ifdguid="085b7200d1fc11e1800000215ad4efdf"><Name>Reference</Name><Definition>Reference ID for this specified type in this project (e.g. type 'A-1'), provided, if there is no classification reference to a recognized classification system used.</Definition><PropertyType><TypePropertySingleValue><DataType type="IfcIdentifier" /></TypePropertySingleValue></PropertyType><NameAliases><NameAlias lang="en">Reference</NameAlias><NameAlias lang="ja-JP">参照</NameAlias><NameAlias lang="ko-KR">참조</NameAlias></NameAliases><DefinitionAliases><DefinitionAlias lang="en" /><DefinitionAlias lang="ja-JP">当該プロジェクトで定義する形式の参照ID（例：A-1)、承認された分類に存在しないときに使用される。</DefinitionAlias><DefinitionAlias lang="ko-KR">해당 프로젝트에 정의된 형식의 참조 ID (예 : A-1) 승인된 분류에 존재하지 않을 때 사용된다.</DefinitionAlias></DefinitionAliases></PropertyDef><PropertyDef ifdguid="0e515300d1fc11e1800000215ad4efdf"><Name>Status</Name><Definition>Status of the element, predominately used in renovation or retrofitting projects. The status can be assigned to as "New" - element designed as new addition, "Existing" - element exists and remains, "Demolish" - element existed but is to be demolished,  "Temporary" - element will exists only temporary (like a temporary support structure).</Definition><PropertyType><TypePropertyEnumeratedValue><EnumList name="PEnum_ElementStatus"><EnumItem>NEW</EnumItem><EnumItem>EXISTING</EnumItem><EnumItem>DEMOLISH</EnumItem><EnumItem>TEMPORARY</EnumItem><EnumItem>OTHER</EnumItem><EnumItem>NOTKNOWN</EnumItem><EnumItem>UNSET</EnumItem></EnumList><ConstantList><ConstantDef><Name>NEW</Name><Definition>element designed as new addition</Definition><NameAliases><NameAlias lang="en">New</NameAlias></NameAliases><DefinitionAliases /></ConstantDef><ConstantDef><Name>EXISTING</Name><Definition>element exists and is to remain</Definition><NameAliases><NameAlias lang="en">Existing</NameAlias></NameAliases><DefinitionAliases /></ConstantDef><ConstantDef><Name>DEMOLISH</Name><Definition>element exists but is to be demolished</Definition><NameAliases><NameAlias lang="en">Demolish</NameAlias></NameAliases><DefinitionAliases /></ConstantDef><ConstantDef><Name>TEMPORARY</Name><Definition>element will exist only temporarily (such as a temporary support structure)</Definition><NameAliases><NameAlias lang="en">Temporary</NameAlias></NameAliases><DefinitionAliases /></ConstantDef><ConstantDef><Name>OTHER</Name><Definition>required category not on scale</Definition><NameAliases><NameAlias lang="en">(other)</NameAlias></NameAliases><DefinitionAliases><DefinitionAlias lang="en">Value is not listed.</DefinitionAlias></DefinitionAliases></ConstantDef><ConstantDef><Name>NOTKNOWN</Name><Definition>Value is unkown</Definition><NameAliases><NameAlias lang="en">(unknown)</NameAlias></NameAliases><DefinitionAliases><DefinitionAlias lang="en">Value is unknown.</DefinitionAlias></DefinitionAliases></ConstantDef><ConstantDef><Name>UNSET</Name><Definition>Value has not been specified</Definition><NameAliases><NameAlias lang="en">(unset)</NameAlias></NameAliases><DefinitionAliases><DefinitionAlias lang="en">Value has not been specified.</DefinitionAlias></DefinitionAliases></ConstantDef></ConstantList></TypePropertyEnumeratedValue></PropertyType><NameAliases><NameAlias lang="en">Status</NameAlias><NameAlias lang="ja-JP">状態</NameAlias></NameAliases><DefinitionAliases><DefinitionAlias lang="en" /><DefinitionAlias lang="ja-JP">要素（主にリノベーションまたは改修プロジェクトにおいて）の状態。 状態は、「新規(New)」－新しく追加される要素。「既存」－要素は存在し、かつ残りもの。「破壊」－要素は存在したが、廃棄されるもの。「一時的」－一時的に存在する要素（一時的にサポートしている構造のようなもの）。</DefinitionAlias></DefinitionAliases></PropertyDef><PropertyDef ifdguid="1f01c900d1fc11e1800000215ad4efdf"><Name>Standard</Name><Definition>The designation of the standard applicable for the definition of the characteristics of the
tripping_unit.</Definition><PropertyType><TypePropertySingleValue><DataType type="IfcLabel" /></TypePropertySingleValue></PropertyType><NameAliases><NameAlias lang="en">Standard</NameAlias><NameAlias lang="ja-JP">特性定義</NameAlias><NameAlias lang="ko-KR">특성 정의</NameAlias></NameAliases><DefinitionAliases><DefinitionAlias lang="en" /><DefinitionAlias lang="ja-JP">トリッピング装置の特性定義のための標準的な適用の指定。</DefinitionAlias><DefinitionAlias lang="ko-KR">토릿삔구 장치의 특성 정의에 대한 표준 적용 지정.</DefinitionAlias></DefinitionAliases></PropertyDef><PropertyDef ifdguid="25904080d1fc11e1800000215ad4efdf"><Name>UseInDiscrimination</Name><Definition>An indication whether the time/current tripping information can be applied in a discrimination
analysis or not.</Definition><PropertyType><TypePropertySingleValue><DataType type="IfcBoolean" /></TypePropertySingleValue></PropertyType><NameAliases><NameAlias lang="en">Use In Discrimination</NameAlias><NameAlias lang="ja-JP">使用方法</NameAlias><NameAlias lang="ko-KR">사용방법</NameAlias></NameAliases><DefinitionAliases><DefinitionAlias lang="en" /><DefinitionAlias lang="ja-JP">トリップ情報を時間か電流かどちらで判断するか。</DefinitionAlias><DefinitionAlias lang="ko-KR">트립 정보를 시간 또는 전류가 어디에서 결정하는가?</DefinitionAlias></DefinitionAliases></PropertyDef><PropertyDef ifdguid="2c1eb800d1fc11e1800000215ad4efdf"><Name>AtexVerified</Name><Definition>An indication whether the tripping_unit is verified to be applied in EX-environment or not.</Definition><PropertyType><TypePropertySingleValue><DataType type="IfcBoolean" /></TypePropertySingleValue></PropertyType><NameAliases><NameAlias lang="en">Atex Verified</NameAlias><NameAlias lang="ja-JP">アテックス認証</NameAlias><NameAlias lang="ko-KR">EX -환경 인증</NameAlias></NameAliases><DefinitionAliases><DefinitionAlias lang="en" /><DefinitionAlias lang="ja-JP">トリップ装置がEX-環境で適用されるかどうか。</DefinitionAlias><DefinitionAlias lang="ko-KR">트립 장치가 EX-환경에 적용되는지 여부</DefinitionAlias></DefinitionAliases></PropertyDef><PropertyDef ifdguid="32149900d1fc11e1800000215ad4efdf"><Name>OldDevice</Name><Definition>Indication whether the protection_ unit is out-dated or not. If not out-dated, the device is still for sale.</Definition><PropertyType><TypePropertySingleValue><DataType type="IfcBoolean" /></TypePropertySingleValue></PropertyType><NameAliases><NameAlias lang="en">Old Device</NameAlias><NameAlias lang="ja-JP">販売中止装置</NameAlias><NameAlias lang="ko-KR">판매중지 장치</NameAlias></NameAliases><DefinitionAliases><DefinitionAlias lang="en" /><DefinitionAlias lang="ja-JP">基準に適合されていて販売されているかどうか。</DefinitionAlias><DefinitionAlias lang="ko-KR">기준에 적합하여 판매하는지에 대한 여부</DefinitionAlias></DefinitionAliases></PropertyDef><PropertyDef ifdguid="393ba700d1fc11e1800000215ad4efdf"><Name>LimitingTerminalSize</Name><Definition>The maximum terminal size capacity of the device.</Definition><PropertyType><TypePropertySingleValue><DataType type="IfcAreaMeasure" /></TypePropertySingleValue></PropertyType><NameAliases><NameAlias lang="en">Limiting Terminal Size</NameAlias><NameAlias lang="ja-JP">接続限界値</NameAlias><NameAlias lang="ko-KR">연결 한계</NameAlias></NameAliases><DefinitionAliases><DefinitionAlias lang="en" /><DefinitionAlias lang="ja-JP">装置に接続される最大サイズ。</DefinitionAlias><DefinitionAlias lang="ko-KR">장치에 연결되는 최대 크기입니다.</DefinitionAlias></DefinitionAliases></PropertyDef></PropertyDefs><PsetDefinitionAliases><PsetDefinitionAlias lang="en" /><PsetDefinitionAlias lang="ja-JP">保護装置に関連付けられているトリップ機能に関する共通情報。</PsetDefinitionAlias></PsetDefinitionAliases></PropertySetDef>