﻿<?xml version="1.0" encoding="utf-8"?><PropertySetDef xmlns:xsi="http://www.w3.org/2001/XMLSchema-instance" xmlns:xsd="http://www.w3.org/2001/XMLSchema" ifdguid="27eae41212dcd9f929a11578ad14fd41" templatetype="PSET_TYPEDRIVENOVERRIDE" xsi:noNamespaceSchemaLocation="http://buildingSMART-tech.org/xml/psd/PSD_IFC4.xsd" xmlns="http://buildingSMART-tech.org/xml/psd/PSD_IFC4.xsd"><IfcVersion version="IFC4X3_RC4" /><Name>Pset_FastenerRailWeld</Name><Definition>Properties of Welded rail joint used in railway. The property set can be used by the predefined type WELD of IfcFastener.</Definition><Applicability /><ApplicableClasses><ClassName>IfcFastener/WELD</ClassName></ApplicableClasses><ApplicableTypeValue>IfcFastener/WELD</ApplicableTypeValue><PropertyDefs><PropertyDef ifdguid="19f08eb84d3d4ae9984de78a4a809d57"><Name>IsLiftingBracket</Name><Definition>Indicates whether the connection is done between rail with different height (TRUE) or with same height (FALSE).</Definition><PropertyType><TypePropertySingleValue><DataType type="IfcBoolean" /></TypePropertySingleValue></PropertyType><NameAliases /><DefinitionAliases /></PropertyDef><PropertyDef ifdguid="f9e5f6c5dfbe49c3954b9955571e14df"><Name>TemperatureDuringInstallation</Name><Definition>Normalised working temperature.</Definition><PropertyType><TypePropertySingleValue><DataType type="IfcThermodynamicTemperatureMeasure" /></TypePropertySingleValue></PropertyType><NameAliases /><DefinitionAliases /></PropertyDef><PropertyDef ifdguid="062f1f532c6949f6b59431e2b766ea53"><Name>JointRelativePosition</Name><Definition>Indicates the relative position of the joint, which lies in the left or right rail or in the middle, or in combination. The left rail is to the left as facing in the direction of increasing stationing values, and the right rail is to the right.</Definition><PropertyType><TypePropertyEnumeratedValue><EnumList name="PEnum_RelativePosition"><EnumItem>LEFT</EnumItem><EnumItem>RIGHT</EnumItem><EnumItem>MIDDLE</EnumItem><EnumItem>OTHER</EnumItem><EnumItem>NOTKNOWN</EnumItem><EnumItem>UNSET</EnumItem></EnumList><ConstantList><ConstantDef><Name>LEFT</Name><Definition>Positioned to the left.</Definition><NameAliases /><DefinitionAliases /></ConstantDef><ConstantDef><Name>RIGHT</Name><Definition>Positioned to the right.</Definition><NameAliases /><DefinitionAliases /></ConstantDef><ConstantDef><Name>MIDDLE</Name><Definition>Positioned in the middle.</Definition><NameAliases /><DefinitionAliases /></ConstantDef><ConstantDef><Name>OTHER</Name><Definition>required category not on scale</Definition><NameAliases><NameAlias lang="en">(other)</NameAlias></NameAliases><DefinitionAliases><DefinitionAlias lang="en">Value is not listed.</DefinitionAlias></DefinitionAliases></ConstantDef><ConstantDef><Name>NOTKNOWN</Name><Definition>Value is unkown</Definition><NameAliases><NameAlias lang="en">(unknown)</NameAlias></NameAliases><DefinitionAliases><DefinitionAlias lang="en">Value is unknown.</DefinitionAlias></DefinitionAliases></ConstantDef><ConstantDef><Name>UNSET</Name><Definition>Value has not been specified</Definition><NameAliases><NameAlias lang="en">(unset)</NameAlias></NameAliases><DefinitionAliases><DefinitionAlias lang="en">Value has not been specified.</DefinitionAlias></DefinitionAliases></ConstantDef></ConstantList></TypePropertyEnumeratedValue></PropertyType><NameAliases /><DefinitionAliases /></PropertyDef><PropertyDef ifdguid="64af56b30b4540c2b43d74b49a28b9db"><Name>ConstructionMethod</Name><Definition>Designator for whether the element is constructed/welded on site or prefabricated. Example of allowed values : 'On-site' vs 'Prefabricated'.</Definition><PropertyType><TypePropertySingleValue><DataType type="IfcLabel" /></TypePropertySingleValue></PropertyType><NameAliases><NameAlias lang="de-DE">Ausführung</NameAlias><NameAlias lang="en">Construction Method</NameAlias></NameAliases><DefinitionAliases><DefinitionAlias lang="de-DE">Angabe, ob dieses Betonbauteil als Ortbeton ("In-Situ") oder als Fertigteil ("Precast") ausgeführt werden soll.</DefinitionAlias><DefinitionAlias lang="en" /></DefinitionAliases></PropertyDef></PropertyDefs><PsetDefinitionAliases /></PropertySetDef>