﻿<?xml version="1.0" encoding="utf-8"?><PropertySetDef xmlns:xsi="http://www.w3.org/2001/XMLSchema-instance" xmlns:xsd="http://www.w3.org/2001/XMLSchema" ifdguid="30cabcc4169f608a27192ed23084671e" templatetype="PSET_TYPEDRIVENOVERRIDE" xsi:noNamespaceSchemaLocation="http://buildingSMART-tech.org/xml/psd/PSD_IFC4.xsd" xmlns="http://buildingSMART-tech.org/xml/psd/PSD_IFC4.xsd"><IfcVersion version="IFC4X3_RC4" /><Name>Pset_UnitaryControlElementTypeControlPanel</Name><Definition>Properties that are applicable to _IfcUnitaryControlElement_ with the predefined type set to CONTROLPANEL.</Definition><Applicability /><ApplicableClasses><ClassName>IfcUnitaryControlElement/CONTROLPANEL</ClassName></ApplicableClasses><ApplicableTypeValue>IfcUnitaryControlElement/CONTROLPANEL</ApplicableTypeValue><PropertyDefs><PropertyDef ifdguid="5fac1300d1f911e1800000215ad4efdf"><Name>NominalCurrent</Name><Definition>A set of nominal currents in [A] for which the data of this instance is valid. At least one value shall be provided. Any value in the set shall not exceed the value of the 
UltimateRatedCurrent associated with the same breaker unit.</Definition><PropertyType><TypePropertySingleValue><DataType type="IfcElectricCurrentMeasure" /></TypePropertySingleValue></PropertyType><NameAliases><NameAlias lang="en">Nominal Current</NameAlias><NameAlias lang="ja-JP">定格電流</NameAlias><NameAlias lang="ko-KR">정격전류</NameAlias></NameAliases><DefinitionAliases><DefinitionAlias lang="en" /><DefinitionAlias lang="ja-JP">定格電流[A]を少なくても1つ値をセットしなければならない。
 セット内の任意の値の値を超えてはならない。
 定格電流は、同じブレーカ部に関連付けられている。</DefinitionAlias><DefinitionAlias lang="ko-KR">정격 전류 [A]를 적어도 1 개의 값을 설정해야한다.   동일한 차단기부와 연결된 정격전류는세트 내의 임의의 값은 초과할 수 없다.</DefinitionAlias></DefinitionAliases></PropertyDef><PropertyDef ifdguid="b3e011abb1104cd1ae4010b5eaecaceb"><Name>NominalPower</Name><Definition>A conventional value of apparent power determining a value of the rated current that may be carried with rated voltage applied, under specified conditions. ( IEV ref 421-04-04)</Definition><PropertyType><TypePropertySingleValue><DataType type="IfcPowerMeasure" /></TypePropertySingleValue></PropertyType><NameAliases /><DefinitionAliases /></PropertyDef><PropertyDef ifdguid="a2e15fb5e52e49e3b86731401fe07f86"><Name>RatedVoltage</Name><Definition>The voltage that a device is designed to handle.</Definition><PropertyType><TypePropertyBoundedValue><DataType type="IfcElectricVoltageMeasure" /></TypePropertyBoundedValue></PropertyType><NameAliases><NameAlias lang="en">Rated Voltage</NameAlias></NameAliases><DefinitionAliases><DefinitionAlias lang="en" /></DefinitionAliases></PropertyDef><PropertyDef ifdguid="7a40887314364d61954b5b955402a053"><Name>ReferenceAirRelativeHumidity</Name><Definition>Measurement of the ratio of water vapor in the air.</Definition><PropertyType><TypePropertyBoundedValue><DataType type="IfcNormalisedRatioMeasure" /></TypePropertyBoundedValue></PropertyType><NameAliases /><DefinitionAliases /></PropertyDef><PropertyDef ifdguid="b9a98dab284340fe8c3615170bea8c35"><Name>ReferenceEnvironmentTemperature</Name><Definition>Ideal temperature range.</Definition><PropertyType><TypePropertyBoundedValue><DataType type="IfcThermodynamicTemperatureMeasure" /></TypePropertyBoundedValue></PropertyType><NameAliases /><DefinitionAliases /></PropertyDef></PropertyDefs><PsetDefinitionAliases /></PropertySetDef>