﻿<?xml version="1.0" encoding="utf-8"?><PropertySetDef xmlns:xsi="http://www.w3.org/2001/XMLSchema-instance" xmlns:xsd="http://www.w3.org/2001/XMLSchema" ifdguid="4b47169f04e8f329e589ca2bfe243b09" templatetype="PSET_TYPEDRIVENOVERRIDE" xsi:noNamespaceSchemaLocation="http://buildingSMART-tech.org/xml/psd/PSD_IFC4.xsd" xmlns="http://buildingSMART-tech.org/xml/psd/PSD_IFC4.xsd"><IfcVersion version="IFC4X3_RC4" /><Name>Pset_VoltageInstrumentTransformer</Name><Definition>Instrument transformers are high accuracy class electrical devices used to isolate or transform voltage or current levels. The main function of instrument transformers is to operate instruments or metering from high voltage or high current circuits, safely isolating secondary control circuitry from the high voltages or currents. Combination instrument transformers are metering voltage.</Definition><Applicability /><ApplicableClasses><ClassName>IfcFlowInstrument/VOLTMETER</ClassName><ClassName> IfcFlowInstrument/COMBINED</ClassName></ApplicableClasses><ApplicableTypeValue>IfcFlowInstrument/VOLTMETER, IfcFlowInstrument/COMBINED</ApplicableTypeValue><PropertyDefs><PropertyDef ifdguid="c288ea3513764938b1830ea14f504273"><Name>AccuracyClass</Name><Definition>A designation assigned to an instrument transformer the current (or voltage) error and phase displacement of which remain within specified limits under prescribed conditions of use (IEC 321-01-24).</Definition><PropertyType><TypePropertySingleValue><DataType type="IfcRatioMeasure" /></TypePropertySingleValue></PropertyType><NameAliases /><DefinitionAliases /></PropertyDef><PropertyDef ifdguid="fc1a55e620f146468ef5279fe7bbf095"><Name>AccuracyGrade</Name><Definition>The grade of accuracy.</Definition><PropertyType><TypePropertySingleValue><DataType type="IfcLabel" /></TypePropertySingleValue></PropertyType><NameAliases /><DefinitionAliases /></PropertyDef><PropertyDef ifdguid="a2e15fb5e52e49e3b86731401fe07f86"><Name>RatedVoltage</Name><Definition>The voltage that a device is designed to handle.</Definition><PropertyType><TypePropertyBoundedValue><DataType type="IfcElectricVoltageMeasure" /></TypePropertyBoundedValue></PropertyType><NameAliases><NameAlias lang="en">Rated Voltage</NameAlias></NameAliases><DefinitionAliases><DefinitionAlias lang="en" /></DefinitionAliases></PropertyDef><PropertyDef ifdguid="3636bb80d1e811e1800000215ad4efdf"><Name>NominalCurrent</Name><Definition>The nominal current that is designed to be measured.</Definition><PropertyType><TypePropertySingleValue><DataType type="IfcElectricCurrentMeasure" /></TypePropertySingleValue></PropertyType><NameAliases><NameAlias lang="en">Nominal Current</NameAlias></NameAliases><DefinitionAliases><DefinitionAlias lang="en" /></DefinitionAliases></PropertyDef><PropertyDef ifdguid="b3e011abb1104cd1ae4010b5eaecaceb"><Name>NominalPower</Name><Definition>A conventional value of apparent power determining a value of the rated current that may be carried with rated voltage applied, under specified conditions. ( IEV ref 421-04-04)</Definition><PropertyType><TypePropertySingleValue><DataType type="IfcPowerMeasure" /></TypePropertySingleValue></PropertyType><NameAliases /><DefinitionAliases /></PropertyDef><PropertyDef ifdguid="4b4b3bfcecb54fa78c2f014e518c1f02"><Name>NumberOfPhases</Name><Definition>Number of phases that the equipment operates on.</Definition><PropertyType><TypePropertySingleValue><DataType type="IfcInteger" /></TypePropertySingleValue></PropertyType><NameAliases /><DefinitionAliases /></PropertyDef><PropertyDef ifdguid="778f9100d21111e1800000215ad4efdf"><Name>PrimaryFrequency</Name><Definition>The frequency that is going to be transformed and that runs into the transformer on the primary side.</Definition><PropertyType><TypePropertySingleValue><DataType type="IfcFrequencyMeasure" /></TypePropertySingleValue></PropertyType><NameAliases><NameAlias lang="en">Primary Frequency</NameAlias><NameAlias lang="ja-JP">第１周波数</NameAlias><NameAlias lang="ko-KR">제 1 주파수</NameAlias></NameAliases><DefinitionAliases><DefinitionAlias lang="en" /><DefinitionAlias lang="ja-JP">変圧器の1次側に伝送される周波数。</DefinitionAlias><DefinitionAlias lang="ko-KR">변압기 1 차 측에 전송되는 주파수.</DefinitionAlias></DefinitionAliases></PropertyDef><PropertyDef ifdguid="5dee4980d21111e1800000215ad4efdf"><Name>PrimaryVoltage</Name><Definition>The voltage that is going to be transformed and that runs into the transformer on the primary side.</Definition><PropertyType><TypePropertySingleValue><DataType type="IfcElectricVoltageMeasure" /></TypePropertySingleValue></PropertyType><NameAliases><NameAlias lang="en">Primary Voltage</NameAlias><NameAlias lang="ja-JP">第1電圧</NameAlias><NameAlias lang="ko-KR">제 1 전압</NameAlias></NameAliases><DefinitionAliases><DefinitionAlias lang="en" /><DefinitionAlias lang="ja-JP">変圧器の1次側に伝送される電圧。</DefinitionAlias><DefinitionAlias lang="ko-KR">변압기 1 차 측에 전송되는 전압.</DefinitionAlias></DefinitionAliases></PropertyDef><PropertyDef ifdguid="7e1e0880d21111e1800000215ad4efdf"><Name>SecondaryFrequency</Name><Definition>The frequency that has been transformed and is running out of the transformer on the secondary side.</Definition><PropertyType><TypePropertySingleValue><DataType type="IfcFrequencyMeasure" /></TypePropertySingleValue></PropertyType><NameAliases><NameAlias lang="en">Secondary Frequency</NameAlias><NameAlias lang="ja-JP">第2周波数</NameAlias><NameAlias lang="ko-KR">제 2 주파수</NameAlias></NameAliases><DefinitionAliases><DefinitionAlias lang="en" /><DefinitionAlias lang="ja-JP">変圧器の2次側に出力される周波数。</DefinitionAlias><DefinitionAlias lang="ko-KR">변압기 2 차 측에 전송되는 주파수.</DefinitionAlias></DefinitionAliases></PropertyDef><PropertyDef ifdguid="634b9400d21111e1800000215ad4efdf"><Name>SecondaryVoltage</Name><Definition>The voltage that has been transformed and is running out of the transformer on the secondary side.</Definition><PropertyType><TypePropertySingleValue><DataType type="IfcElectricVoltageMeasure" /></TypePropertySingleValue></PropertyType><NameAliases><NameAlias lang="en">Secondary Voltage</NameAlias><NameAlias lang="ja-JP">第2電圧</NameAlias><NameAlias lang="ko-KR">두번째 전압</NameAlias></NameAliases><DefinitionAliases><DefinitionAlias lang="en" /><DefinitionAlias lang="ja-JP">変圧器の2次側へ出力される電圧。</DefinitionAlias><DefinitionAlias lang="ko-KR">변압기 2 차 측에 전송되는 전압.</DefinitionAlias></DefinitionAliases></PropertyDef></PropertyDefs><PsetDefinitionAliases /></PropertySetDef>