﻿<?xml version="1.0" encoding="utf-8"?><PropertySetDef xmlns:xsi="http://www.w3.org/2001/XMLSchema-instance" xmlns:xsd="http://www.w3.org/2001/XMLSchema" ifdguid="4187f6fd6536d5196102e8eaefa18425" templatetype="PSET_TYPEDRIVENOVERRIDE" xsi:noNamespaceSchemaLocation="http://buildingSMART-tech.org/xml/psd/PSD_IFC4.xsd" xmlns="http://buildingSMART-tech.org/xml/psd/PSD_IFC4.xsd"><IfcVersion version="IFC4X3_RC4" /><Name>Pset_ElementAssemblyTypeCantilever</Name><Definition>Energy cantilever properties used in railway. The property set can be used by the predefined type SUSPENSION_ASSEMBLY of IfcElementAssembly.</Definition><Applicability /><ApplicableClasses><ClassName>IfcElementAssembly/SUSPENSIONASSEMBLY</ClassName></ApplicableClasses><ApplicableTypeValue>IfcElementAssembly/SUSPENSIONASSEMBLY</ApplicableTypeValue><PropertyDefs><PropertyDef ifdguid="e016c1b196e6495cbdfe58665d2c5b60"><Name>AssemblyInstruction</Name><Definition>Instructions to describe how the system / equipment / facility is assembled.</Definition><PropertyType><TypePropertyReferenceValue reftype="IfcExternalReference" /></PropertyType><NameAliases /><DefinitionAliases /></PropertyDef><PropertyDef ifdguid="6780df8508d34fae87ae569e54fa0aa4"><Name>ContactWireStagger</Name><Definition>Lateral displacement of the contact wire to opposite sides of the track centre at successive supports.</Definition><PropertyType><TypePropertySingleValue><DataType type="IfcPositiveLengthMeasure" /></TypePropertySingleValue></PropertyType><NameAliases /><DefinitionAliases /></PropertyDef><PropertyDef ifdguid="19929ba62cb34b64ae15b55c21160066"><Name>SystemHeight</Name><Definition>Vertical distance between the main catenary wire and the contact wire measured at a support point.</Definition><PropertyType><TypePropertySingleValue><DataType type="IfcPositiveLengthMeasure" /></TypePropertySingleValue></PropertyType><NameAliases /><DefinitionAliases /></PropertyDef><PropertyDef ifdguid="2176c4d3850d41e9800e30a093bdeeb3"><Name>CantileverType</Name><Definition>Type of cantilever assembly.</Definition><PropertyType><TypePropertyEnumeratedValue><EnumList name="PEnum_CantileverAssemblyType"><EnumItem>SINGLE</EnumItem><EnumItem>CENTER_CANTILEVER</EnumItem><EnumItem>DIRECT_SUSPENSION</EnumItem><EnumItem>INSULATED_OVERLAP_CANTILEVER</EnumItem><EnumItem>INSULATED_SUSPENSION_SET</EnumItem><EnumItem>MECHANICAL_OVERLAP_CANTILEVER</EnumItem><EnumItem>MIDPOINT_CANTILEVER</EnumItem><EnumItem>MULTIPLE_TRACK_CANTILEVER</EnumItem><EnumItem>OUT_OF_RUNNING_CANTILEVER</EnumItem><EnumItem>PHASE_SEPARATION_CANTILEVER</EnumItem><EnumItem>SYSTEM_SEPARATION_CANTILEVER</EnumItem><EnumItem>TRANSITION_CANTILEVER</EnumItem><EnumItem>TURNOUT_CANTILEVER</EnumItem><EnumItem>UNDERBRIDGE_CANTILEVER</EnumItem><EnumItem>OTHER</EnumItem><EnumItem>NOTKNOWN</EnumItem><EnumItem>UNSET</EnumItem></EnumList><ConstantList><ConstantDef><Name>SINGLE</Name><Definition>Single cantilever assembly.</Definition><NameAliases /><DefinitionAliases /></ConstantDef><ConstantDef><Name>CENTER_CANTILEVER</Name><Definition>cantilever assembly.</Definition><NameAliases /><DefinitionAliases /></ConstantDef><ConstantDef><Name>DIRECT_SUSPENSION</Name><Definition>Direct suspension.</Definition><NameAliases /><DefinitionAliases /></ConstantDef><ConstantDef><Name>INSULATED_OVERLAP_CANTILEVER</Name><Definition>Insulated overlap cantilever assembly.</Definition><NameAliases /><DefinitionAliases /></ConstantDef><ConstantDef><Name>INSULATED_SUSPENSION_SET</Name><Definition>Insulated suspension.</Definition><NameAliases /><DefinitionAliases /></ConstantDef><ConstantDef><Name>MECHANICAL_OVERLAP_CANTILEVER</Name><Definition>Mechanical overlap cantilever assembly.</Definition><NameAliases /><DefinitionAliases /></ConstantDef><ConstantDef><Name>MIDPOINT_CANTILEVER</Name><Definition>Midpoint cantilever assembly.</Definition><NameAliases /><DefinitionAliases /></ConstantDef><ConstantDef><Name>MULTIPLE_TRACK_CANTILEVER</Name><Definition>Multiple track cantilever assembly.</Definition><NameAliases /><DefinitionAliases /></ConstantDef><ConstantDef><Name>OUT_OF_RUNNING_CANTILEVER</Name><Definition>Out of running cantilever assembly.</Definition><NameAliases /><DefinitionAliases /></ConstantDef><ConstantDef><Name>PHASE_SEPARATION_CANTILEVER</Name><Definition>Phase separation cantilever assembly.</Definition><NameAliases /><DefinitionAliases /></ConstantDef><ConstantDef><Name>SYSTEM_SEPARATION_CANTILEVER</Name><Definition>System separation cantilever assembly.</Definition><NameAliases /><DefinitionAliases /></ConstantDef><ConstantDef><Name>TRANSITION_CANTILEVER</Name><Definition>Transition cantilever assembly.</Definition><NameAliases /><DefinitionAliases /></ConstantDef><ConstantDef><Name>TURNOUT_CANTILEVER</Name><Definition>Turnout cantilever assembly.</Definition><NameAliases /><DefinitionAliases /></ConstantDef><ConstantDef><Name>UNDERBRIDGE_CANTILEVER</Name><Definition>Underbridge cantilever assembly.</Definition><NameAliases /><DefinitionAliases /></ConstantDef><ConstantDef><Name>OTHER</Name><Definition>required category not on scale</Definition><NameAliases><NameAlias lang="en">(other)</NameAlias></NameAliases><DefinitionAliases><DefinitionAlias lang="en">Value is not listed.</DefinitionAlias></DefinitionAliases></ConstantDef><ConstantDef><Name>NOTKNOWN</Name><Definition>Value is unkown</Definition><NameAliases><NameAlias lang="en">(unknown)</NameAlias></NameAliases><DefinitionAliases><DefinitionAlias lang="en">Value is unknown.</DefinitionAlias></DefinitionAliases></ConstantDef><ConstantDef><Name>UNSET</Name><Definition>Value has not been specified</Definition><NameAliases><NameAlias lang="en">(unset)</NameAlias></NameAliases><DefinitionAliases><DefinitionAlias lang="en">Value has not been specified.</DefinitionAlias></DefinitionAliases></ConstantDef></ConstantList></TypePropertyEnumeratedValue></PropertyType><NameAliases /><DefinitionAliases /></PropertyDef></PropertyDefs><PsetDefinitionAliases /></PropertySetDef>