﻿<?xml version="1.0" encoding="utf-8"?><PropertySetDef xmlns:xsi="http://www.w3.org/2001/XMLSchema-instance" xmlns:xsd="http://www.w3.org/2001/XMLSchema" ifdguid="8581e980d1f211e1800000215ad4efdf" templatetype="PSET_TYPEDRIVENOVERRIDE" xsi:noNamespaceSchemaLocation="http://buildingSMART-tech.org/xml/psd/PSD_IFC4.xsd" xmlns="http://buildingSMART-tech.org/xml/psd/PSD_IFC4.xsd"><IfcVersion version="IFC4X3_RC4" /><Name>Pset_PipeConnectionFlanged</Name><Definition>This property set is used to define the specifics of a flanged pipe connection used between occurrences of pipe segments and fittings.</Definition><Applicability /><ApplicableClasses><ClassName>IfcPipeSegment</ClassName></ApplicableClasses><ApplicableTypeValue>IfcPipeSegment</ApplicableTypeValue><PropertyDefs><PropertyDef ifdguid="8c106100d1f211e1800000215ad4efdf"><Name>FlangeTable</Name><Definition>Designation of the standard table to which the flange conforms.</Definition><PropertyType><TypePropertySingleValue><DataType type="IfcLabel" /></TypePropertySingleValue></PropertyType><NameAliases><NameAlias lang="en">Flange Table</NameAlias><NameAlias lang="ja-JP">フランジ基準</NameAlias></NameAliases><DefinitionAliases><DefinitionAlias lang="en" /><DefinitionAlias lang="ja-JP">フランジ形状の名称基準</DefinitionAlias></DefinitionAliases></PropertyDef><PropertyDef ifdguid="93d00580d1f211e1800000215ad4efdf"><Name>FlangeStandard</Name><Definition>Designation of the standard describing the flange table.</Definition><PropertyType><TypePropertySingleValue><DataType type="IfcLabel" /></TypePropertySingleValue></PropertyType><NameAliases><NameAlias lang="en">Flange Standard</NameAlias><NameAlias lang="ja-JP">フランジ規格</NameAlias></NameAliases><DefinitionAliases><DefinitionAlias lang="en" /><DefinitionAlias lang="ja-JP">フランジ規格を記述している基準</DefinitionAlias></DefinitionAliases></PropertyDef><PropertyDef ifdguid="9a5e7d00d1f211e1800000215ad4efdf"><Name>BoreSize</Name><Definition>The nominal bore of the pipe flange.</Definition><PropertyType><TypePropertySingleValue><DataType type="IfcPositiveLengthMeasure" /></TypePropertySingleValue></PropertyType><NameAliases><NameAlias lang="en">Bore Size</NameAlias><NameAlias lang="ja-JP">フランジの内径のサイズ</NameAlias></NameAliases><DefinitionAliases><DefinitionAlias lang="en" /><DefinitionAlias lang="ja-JP">フランジの呼び径</DefinitionAlias></DefinitionAliases></PropertyDef><PropertyDef ifdguid="a21e2180d1f211e1800000215ad4efdf"><Name>FlangeDiameter</Name><Definition>Overall diameter of the flange.</Definition><PropertyType><TypePropertySingleValue><DataType type="IfcPositiveLengthMeasure" /></TypePropertySingleValue></PropertyType><NameAliases><NameAlias lang="en">Flange Diameter</NameAlias><NameAlias lang="ja-JP">フランジの直径</NameAlias></NameAliases><DefinitionAliases><DefinitionAlias lang="en" /><DefinitionAlias lang="ja-JP">フランジの全直径</DefinitionAlias></DefinitionAliases></PropertyDef><PropertyDef ifdguid="a9ddc600d1f211e1800000215ad4efdf"><Name>FlangeThickness</Name><Definition>Thickness of the material from which the pipe bend is constructed.</Definition><PropertyType><TypePropertySingleValue><DataType type="IfcPositiveLengthMeasure" /></TypePropertySingleValue></PropertyType><NameAliases><NameAlias lang="en">Flange Thickness</NameAlias><NameAlias lang="ja-JP">フランジの厚さ</NameAlias></NameAliases><DefinitionAliases><DefinitionAlias lang="en" /><DefinitionAlias lang="ja-JP">パイプをつなぐ材料の厚み</DefinitionAlias></DefinitionAliases></PropertyDef><PropertyDef ifdguid="b104d400d1f211e1800000215ad4efdf"><Name>NumberOfBoltholes</Name><Definition>Number of boltholes in the flange.</Definition><PropertyType><TypePropertySingleValue><DataType type="IfcInteger" /></TypePropertySingleValue></PropertyType><NameAliases><NameAlias lang="en">Number Of Boltholes</NameAlias><NameAlias lang="ja-JP">ボルト穴の数</NameAlias></NameAliases><DefinitionAliases><DefinitionAlias lang="en" /><DefinitionAlias lang="ja-JP">フランジにあるボルト穴の数</DefinitionAlias></DefinitionAliases></PropertyDef><PropertyDef ifdguid="b6621e80d1f211e1800000215ad4efdf"><Name>BoltSize</Name><Definition>Size of the bolts securing the flange.</Definition><PropertyType><TypePropertySingleValue><DataType type="IfcPositiveLengthMeasure" /></TypePropertySingleValue></PropertyType><NameAliases><NameAlias lang="en">Bolt Size</NameAlias><NameAlias lang="ja-JP">ボルトの大きさ</NameAlias></NameAliases><DefinitionAliases><DefinitionAlias lang="en" /><DefinitionAlias lang="ja-JP">フランジを締めるボルトの大きさ</DefinitionAlias></DefinitionAliases></PropertyDef><PropertyDef ifdguid="bc57ff80d1f211e1800000215ad4efdf"><Name>BoltholePitch</Name><Definition>Diameter of the circle along which the boltholes are placed.</Definition><PropertyType><TypePropertySingleValue><DataType type="IfcPositiveLengthMeasure" /></TypePropertySingleValue></PropertyType><NameAliases><NameAlias lang="en">Bolthole Pitch</NameAlias><NameAlias lang="ja-JP">ボルト穴ピッチ</NameAlias></NameAliases><DefinitionAliases><DefinitionAlias lang="en" /><DefinitionAlias lang="ja-JP">ボルト穴がある円の直径</DefinitionAlias></DefinitionAliases></PropertyDef></PropertyDefs><PsetDefinitionAliases><PsetDefinitionAlias lang="en" /></PsetDefinitionAliases></PropertySetDef>