﻿<?xml version="1.0" encoding="utf-8"?><PropertySetDef xmlns:xsi="http://www.w3.org/2001/XMLSchema-instance" xmlns:xsd="http://www.w3.org/2001/XMLSchema" ifdguid="e42eaebf5eb5adab5725da15565232bf" templatetype="PSET_TYPEDRIVENOVERRIDE" xsi:noNamespaceSchemaLocation="http://buildingSMART-tech.org/xml/psd/PSD_IFC4.xsd" xmlns="http://buildingSMART-tech.org/xml/psd/PSD_IFC4.xsd"><IfcVersion version="IFC4X3_RC4" /><Name>Pset_BalanceWeightTensionerDesignCriteria</Name><Definition>Properties of a weight tensioner. The property set can be used by the predefined type TENSIONINGEQUIPMENT of IfcDiscreteAccessory.</Definition><Applicability /><ApplicableClasses><ClassName>IfcDiscreteAccessory/TENSIONINGEQUIPMENT</ClassName></ApplicableClasses><ApplicableTypeValue>IfcDiscreteAccessory/TENSIONINGEQUIPMENT</ApplicableTypeValue><PropertyDefs><PropertyDef ifdguid="cc3b9e2de61e44ac89419677509b7b22"><Name>ReferenceDistanceRopeToPulley</Name><Definition>The reference design criteria for distance from the end of the rope to the fixed pulley.It defines the nominal distance in relation to temperature.</Definition><PropertyType><TypePropertyTableValue><Expression /><DefiningValue><DataType type="IfcThermodynamicTemperatureMeasure" /></DefiningValue><DefinedValue><DataType type="IfcPositiveLengthMeasure" /></DefinedValue></TypePropertyTableValue></PropertyType><NameAliases /><DefinitionAliases /></PropertyDef><PropertyDef ifdguid="fb538ce815b74685bc569bb8ae9c56b7"><Name>ReferenceDistanceTensionerToGround</Name><Definition>The reference design criteria distance from the last tensioner to the ground or the base surface (B value). It defines the nominal distance in relation to temperature.</Definition><PropertyType><TypePropertyTableValue><Expression /><DefiningValue><DataType type="IfcThermodynamicTemperatureMeasure" /></DefiningValue><DefinedValue><DataType type="IfcPositiveLengthMeasure" /></DefinedValue></TypePropertyTableValue></PropertyType><NameAliases /><DefinitionAliases /></PropertyDef></PropertyDefs><PsetDefinitionAliases /></PropertySetDef>