﻿<?xml version="1.0" encoding="utf-8"?><PropertySetDef xmlns:xsi="http://www.w3.org/2001/XMLSchema-instance" xmlns:xsd="http://www.w3.org/2001/XMLSchema" ifdguid="7d01fbd0a7ce33157b4f7a45fe776c8d" templatetype="PSET_TYPEDRIVENOVERRIDE" xsi:noNamespaceSchemaLocation="http://buildingSMART-tech.org/xml/psd/PSD_IFC4.xsd" xmlns="http://buildingSMART-tech.org/xml/psd/PSD_IFC4.xsd"><IfcVersion version="IFC4X3_RC4" /><Name>Pset_RailwaySignalType</Name><Definition>Properties common to the definition of occurrences and types of _IfcSignal_ applied in railways.</Definition><Applicability /><ApplicableClasses><ClassName>IfcSignal</ClassName></ApplicableClasses><ApplicableTypeValue>IfcSignal</ApplicableTypeValue><PropertyDefs><PropertyDef ifdguid="1caee944492d408183031743b2d3e798"><Name>SignalIndicatorType</Name><Definition>Type of the indicators on a signal, e.g. route indicator, speed restriction indicator etc.</Definition><PropertyType><TypePropertyEnumeratedValue><EnumList name="PEnum_SignalIndicatorType"><EnumItem>DEPARTUREINDICATOR</EnumItem><EnumItem>SHUNTINGINDICATOR</EnumItem><EnumItem>SWITCHINDICATOR</EnumItem><EnumItem>ROUTEINDICATOR</EnumItem><EnumItem>DEPARTUREROUTEINDICATOR</EnumItem><EnumItem>ROLLINGSTOCKSTOPINDICATOR</EnumItem><EnumItem>DERAILINDICATOR</EnumItem><EnumItem>OTHER</EnumItem><EnumItem>NOTKNOWN</EnumItem><EnumItem>UNSET</EnumItem></EnumList><ConstantList><ConstantDef><Name>DEPARTUREINDICATOR</Name><Definition>Departure indicator.</Definition><NameAliases /><DefinitionAliases /></ConstantDef><ConstantDef><Name>SHUNTINGINDICATOR</Name><Definition>Shunting indicator.</Definition><NameAliases /><DefinitionAliases /></ConstantDef><ConstantDef><Name>SWITCHINDICATOR</Name><Definition>Switch indicator.</Definition><NameAliases /><DefinitionAliases /></ConstantDef><ConstantDef><Name>ROUTEINDICATOR</Name><Definition>Route indicator.</Definition><NameAliases /><DefinitionAliases /></ConstantDef><ConstantDef><Name>DEPARTUREROUTEINDICATOR</Name><Definition>Departure route indicator.</Definition><NameAliases /><DefinitionAliases /></ConstantDef><ConstantDef><Name>ROLLINGSTOCKSTOPINDICATOR</Name><Definition>Rolling stock stop indicator.</Definition><NameAliases /><DefinitionAliases /></ConstantDef><ConstantDef><Name>DERAILINDICATOR</Name><Definition>Derail indicator.</Definition><NameAliases /><DefinitionAliases /></ConstantDef><ConstantDef><Name>OTHER</Name><Definition>required category not on scale</Definition><NameAliases><NameAlias lang="en">(other)</NameAlias></NameAliases><DefinitionAliases><DefinitionAlias lang="en">Value is not listed.</DefinitionAlias></DefinitionAliases></ConstantDef><ConstantDef><Name>NOTKNOWN</Name><Definition>Value is unkown</Definition><NameAliases><NameAlias lang="en">(unknown)</NameAlias></NameAliases><DefinitionAliases><DefinitionAlias lang="en">Value is unknown.</DefinitionAlias></DefinitionAliases></ConstantDef><ConstantDef><Name>UNSET</Name><Definition>Value has not been specified</Definition><NameAliases><NameAlias lang="en">(unset)</NameAlias></NameAliases><DefinitionAliases><DefinitionAlias lang="en">Value has not been specified.</DefinitionAlias></DefinitionAliases></ConstantDef></ConstantList></TypePropertyEnumeratedValue></PropertyType><NameAliases /><DefinitionAliases /></PropertyDef><PropertyDef ifdguid="11de35afd23b40a7bfcd669743028fb5"><Name>LensDiffuserType</Name><Definition>Type of the lens diffuser the signal is equipped with.</Definition><PropertyType><TypePropertySingleValue><DataType type="IfcLabel" /></TypePropertySingleValue></PropertyType><NameAliases /><DefinitionAliases /></PropertyDef><PropertyDef ifdguid="f0e925261f974caf81663ed76f2b8f0b"><Name>HasConductorRailGuardBoard</Name><Definition>Indicates if a guard board is provided.</Definition><PropertyType><TypePropertySingleValue><DataType type="IfcBoolean" /></TypePropertySingleValue></PropertyType><NameAliases /><DefinitionAliases /></PropertyDef><PropertyDef ifdguid="7a0dbc5ad7904756a0cb38c1cbcb7c4a"><Name>MaximumDisplayDistance</Name><Definition>The maximum distance that can be displayed. The value relates only to the signal type, not to the circumstances at a special position.</Definition><PropertyType><TypePropertySingleValue><DataType type="IfcPositiveLengthMeasure" /></TypePropertySingleValue></PropertyType><NameAliases /><DefinitionAliases /></PropertyDef><PropertyDef ifdguid="c6348919ffb44632898e098c8c98737b"><Name>RequiredDisplayDistance</Name><Definition>The required distance that has to be displayed. The value relates only to the signal type, not to the circumstances at a special position.</Definition><PropertyType><TypePropertySingleValue><DataType type="IfcPositiveLengthMeasure" /></TypePropertySingleValue></PropertyType><NameAliases /><DefinitionAliases /></PropertyDef><PropertyDef ifdguid="705f64e5bc7f47c5bd99b7e4dadef985"><Name>IsHighType</Name><Definition>Indicates if the signal is high (TRUE) or dwarf (ground mounted) (FALSE).</Definition><PropertyType><TypePropertySingleValue><DataType type="IfcBoolean" /></TypePropertySingleValue></PropertyType><NameAliases /><DefinitionAliases /></PropertyDef><PropertyDef ifdguid="1f16ba3133db47cb82e8e89fa59b602c"><Name>SignalHoodLength</Name><Definition>Nominal length of the signal hood, which is the signal lamp cover against glaring sun.</Definition><PropertyType><TypePropertySingleValue><DataType type="IfcPositiveLengthMeasure" /></TypePropertySingleValue></PropertyType><NameAliases /><DefinitionAliases /></PropertyDef><PropertyDef ifdguid="e9a1c91497704e0bb59537020e7fd4da"><Name>HotStripOrientation</Name><Definition>Position of the hot strip, which indicates the direction of the focus of the light beam and is given in terms like "left upper quadrant (LUQ)" or "5 o'clock".</Definition><PropertyType><TypePropertySingleValue><DataType type="IfcLabel" /></TypePropertySingleValue></PropertyType><NameAliases /><DefinitionAliases /></PropertyDef><PropertyDef ifdguid="47bd5ba52aed427597052d7759d34792"><Name>LensDiffuserOrientation</Name><Definition>Orientation the lens diffuser has to have, which indicates the direction of the lens diffuser and is given in terms like "left upper quadrant (LUQ)" or "5 o'clock".</Definition><PropertyType><TypePropertySingleValue><DataType type="IfcLabel" /></TypePropertySingleValue></PropertyType><NameAliases /><DefinitionAliases /></PropertyDef><PropertyDef ifdguid="89dcb130d85a4515b57142a75a611321"><Name>NumberOfLamps</Name><Definition>Number of lamps the signal is composed of.</Definition><PropertyType><TypePropertySingleValue><DataType type="IfcInteger" /></TypePropertySingleValue></PropertyType><NameAliases /><DefinitionAliases /></PropertyDef><PropertyDef ifdguid="377cdc9bbc1e4711bccb7ef0d6ce8346"><Name>SignalMessage</Name><Definition>All possible message available at this signal, e.g. "3/4- display automatic blocking".</Definition><PropertyType><TypePropertySingleValue><DataType type="IfcText" /></TypePropertySingleValue></PropertyType><NameAliases /><DefinitionAliases /></PropertyDef><PropertyDef ifdguid="f393688e57b44fd8ba1e2e1309df29a3"><Name>RailwaySignalType</Name><Definition>The type of railway signal, e.g. home signal, starting signal, shunting signal, level crossing signal.</Definition><PropertyType><TypePropertyEnumeratedValue><EnumList name="PEnum_RailwaySignalType"><EnumItem>DISTANTSIGNAL</EnumItem><EnumItem>APPROACHSIGNAL</EnumItem><EnumItem>HOMESIGNAL</EnumItem><EnumItem>STARTINGSIGNAL</EnumItem><EnumItem>HUMPSIGNAL</EnumItem><EnumItem>SHUNTINGSIGNAL</EnumItem><EnumItem>REPEATINGSIGNAL</EnumItem><EnumItem>OBSTRUCTIONSIGNAL</EnumItem><EnumItem>LEVELCROSSINGSIGNAL</EnumItem><EnumItem>HUMPAUXILIARYSIGANL</EnumItem><EnumItem>BLOCKSIGNAL</EnumItem><EnumItem>OTHER</EnumItem><EnumItem>NOTKNOWN</EnumItem><EnumItem>UNSET</EnumItem></EnumList><ConstantList><ConstantDef><Name>DISTANTSIGNAL</Name><Definition>Distant signal.</Definition><NameAliases /><DefinitionAliases /></ConstantDef><ConstantDef><Name>APPROACHSIGNAL</Name><Definition>Approach signal.</Definition><NameAliases /><DefinitionAliases /></ConstantDef><ConstantDef><Name>HOMESIGNAL</Name><Definition>Home signal.</Definition><NameAliases /><DefinitionAliases /></ConstantDef><ConstantDef><Name>STARTINGSIGNAL</Name><Definition>Starting signal.</Definition><NameAliases /><DefinitionAliases /></ConstantDef><ConstantDef><Name>HUMPSIGNAL</Name><Definition>Hump signal.</Definition><NameAliases /><DefinitionAliases /></ConstantDef><ConstantDef><Name>SHUNTINGSIGNAL</Name><Definition>Shunting signal.</Definition><NameAliases /><DefinitionAliases /></ConstantDef><ConstantDef><Name>REPEATINGSIGNAL</Name><Definition>Repeating signal.</Definition><NameAliases /><DefinitionAliases /></ConstantDef><ConstantDef><Name>OBSTRUCTIONSIGNAL</Name><Definition>Obstruction signal.</Definition><NameAliases /><DefinitionAliases /></ConstantDef><ConstantDef><Name>LEVELCROSSINGSIGNAL</Name><Definition>Level crossing signal.</Definition><NameAliases /><DefinitionAliases /></ConstantDef><ConstantDef><Name>HUMPAUXILIARYSIGANL</Name><Definition>Hump auxiliary signal.</Definition><NameAliases /><DefinitionAliases /></ConstantDef><ConstantDef><Name>BLOCKSIGNAL</Name><Definition>Block signal.</Definition><NameAliases /><DefinitionAliases /></ConstantDef><ConstantDef><Name>OTHER</Name><Definition>required category not on scale</Definition><NameAliases><NameAlias lang="en">(other)</NameAlias></NameAliases><DefinitionAliases><DefinitionAlias lang="en">Value is not listed.</DefinitionAlias></DefinitionAliases></ConstantDef><ConstantDef><Name>NOTKNOWN</Name><Definition>Value is unkown</Definition><NameAliases><NameAlias lang="en">(unknown)</NameAlias></NameAliases><DefinitionAliases><DefinitionAlias lang="en">Value is unknown.</DefinitionAlias></DefinitionAliases></ConstantDef><ConstantDef><Name>UNSET</Name><Definition>Value has not been specified</Definition><NameAliases><NameAlias lang="en">(unset)</NameAlias></NameAliases><DefinitionAliases><DefinitionAlias lang="en">Value has not been specified.</DefinitionAlias></DefinitionAliases></ConstantDef></ConstantList></TypePropertyEnumeratedValue></PropertyType><NameAliases /><DefinitionAliases /></PropertyDef></PropertyDefs><PsetDefinitionAliases /></PropertySetDef>