﻿<?xml version="1.0" encoding="utf-8"?><PropertySetDef xmlns:xsi="http://www.w3.org/2001/XMLSchema-instance" xmlns:xsd="http://www.w3.org/2001/XMLSchema" ifdguid="7377882c5384726cebb055ea34a83504" templatetype="PSET_TYPEDRIVENOVERRIDE" xsi:noNamespaceSchemaLocation="http://buildingSMART-tech.org/xml/psd/PSD_IFC4.xsd" xmlns="http://buildingSMART-tech.org/xml/psd/PSD_IFC4.xsd"><IfcVersion version="IFC4X3_RC4" /><Name>Pset_ImpactProtectionDeviceTypeBumper</Name><Definition>Properties common to all occurrences and types of _IfcImpactProtectionDevice_ with PredefinedType set to _BUMPER_.</Definition><Applicability /><ApplicableClasses><ClassName>IfcImpactProtectionDevice/IfcImpactProtectionDeviceTypeEnum(.BUMPER.)</ClassName></ApplicableClasses><ApplicableTypeValue>IfcImpactProtectionDevice/IfcImpactProtectionDeviceTypeEnum(.BUMPER.)</ApplicableTypeValue><PropertyDefs><PropertyDef ifdguid="ee38420c6ff34672a0182253a31ba2fc"><Name>IsAbsorbingEnergy</Name><Definition>Indicates whether the bumper absorbs energy or not.</Definition><PropertyType><TypePropertySingleValue><DataType type="IfcBoolean" /></TypePropertySingleValue></PropertyType><NameAliases /><DefinitionAliases /></PropertyDef><PropertyDef ifdguid="a69842c827f34ee59dabd50b6564352a"><Name>MaximumLoadRetention</Name><Definition>Maximum possible impact load retention.</Definition><PropertyType><TypePropertySingleValue><DataType type="IfcForceMeasure" /></TypePropertySingleValue></PropertyType><NameAliases /><DefinitionAliases /></PropertyDef><PropertyDef ifdguid="e63a1a3884e64e38bcda8a508392395f"><Name>EnergyAbsorption </Name><Definition>Energy absorption capacity of the element.</Definition><PropertyType><TypePropertySingleValue><DataType type="IfcEnergyMeasure" /></TypePropertySingleValue></PropertyType><NameAliases /><DefinitionAliases /></PropertyDef></PropertyDefs><PsetDefinitionAliases /></PropertySetDef>