﻿<?xml version="1.0" encoding="utf-8"?><PropertySetDef xmlns:xsi="http://www.w3.org/2001/XMLSchema-instance" xmlns:xsd="http://www.w3.org/2001/XMLSchema" ifdguid="fed9a8da35a81c1427e8b1c701229f18" templatetype="PSET_TYPEDRIVENOVERRIDE" xsi:noNamespaceSchemaLocation="http://buildingSMART-tech.org/xml/psd/PSD_IFC4.xsd" xmlns="http://buildingSMART-tech.org/xml/psd/PSD_IFC4.xsd"><IfcVersion version="IFC4X3_RC4" /><Name>Pset_ElementAssemblyTypeHeadSpan</Name><Definition>Energy Head Span properties used in railway. The property set can be used by the predefined type SUSPENSION_ASSEMBLY of IfcElementAssembly.</Definition><Applicability /><ApplicableClasses><ClassName>IfcElementAssembly/SUPPORTINGASSEMBLY</ClassName></ApplicableClasses><ApplicableTypeValue>IfcElementAssembly/SUPPORTINGASSEMBLY</ApplicableTypeValue><PropertyDefs><PropertyDef ifdguid="e016c1b196e6495cbdfe58665d2c5b60"><Name>AssemblyInstruction</Name><Definition>Instructions to describe how the system / equipment / facility is assembled.</Definition><PropertyType><TypePropertyReferenceValue reftype="IfcExternalReference" /></PropertyType><NameAliases /><DefinitionAliases /></PropertyDef><PropertyDef ifdguid="374c0f758e9d4e829d4d9736e6c270c8"><Name>NumberOfTracksCrossed</Name><Definition>Indicates the number of tracks which OCS supporting system crosses.</Definition><PropertyType><TypePropertySingleValue><DataType type="IfcInteger" /></TypePropertySingleValue></PropertyType><NameAliases /><DefinitionAliases /></PropertyDef><PropertyDef ifdguid="19888c80d1c411e1800000215ad4efdf"><Name>Span</Name><Definition>Clear span for this object.

The shape information is provided in addition to the shape representation and the geometric parameters used within. In cases of inconsistency between the geometric parameters and the shape properties, provided in the attached property, the geometric parameters take precedence. For geometry editing applications, like CAD: this value should be write-only.</Definition><PropertyType><TypePropertySingleValue><DataType type="IfcPositiveLengthMeasure" /></TypePropertySingleValue></PropertyType><NameAliases><NameAlias lang="de-DE">Spannweite</NameAlias><NameAlias lang="en">Span</NameAlias><NameAlias lang="fr-FR">PorteeLibre</NameAlias><NameAlias lang="ja-JP">全長</NameAlias><NameAlias lang="zh-CN">跨度</NameAlias></NameAliases><DefinitionAliases><DefinitionAlias lang="de-DE">Lichte Spannweite des Balkens für die statische Anforderung,

Dieser Parameter wird zusätzlich zur geometrischen Repräsentation bereitgestellt. Im Fall der Inkonsistenz zwischen dem Parameter und der Geometrie hat die geometrische Repräsention Priorität. Dieser Parameter ist für CAD Software write-only.</DefinitionAlias><DefinitionAlias lang="en" /><DefinitionAlias lang="fr-FR">Portée libre de la poutre. Cette propriété  est donnée en complément de la représentation de la forme et des paramètres géométriques qui la déterminent. En cas d'incohérence entre ces paramètres géométriques et cette propriété, ce sont les paramètres géométriques qui priment. Les applications qui déterminent la géométrie comme les logiciels de CAO ne doivent pas autoriser la modification de cette propriété.</DefinitionAlias><DefinitionAlias lang="ja-JP">このオブジェクトの全長。

その形状（オブジェクトの全長）情報は、表示のための形状に内部で使用される幾何学的パラメータを加えて提供される。形状情報と内部の幾何学的パラメータに矛盾が生じた場合は、幾何学的パラメータが優先される。幾何学的パラメ－タ編集アプリケーションでは、CADと同様に、この値は書き込み専用とする。</DefinitionAlias><DefinitionAlias lang="zh-CN">该对象的净跨度。
该属性所提供的形状信息是对内部形状描述和几何参数的补充。如果几何参数与该属性所提供的形状属性不符，应以几何参数为准。对CAD等几何编辑程序，该属性应为只写类型。</DefinitionAlias></DefinitionAliases></PropertyDef></PropertyDefs><PsetDefinitionAliases /></PropertySetDef>