﻿<?xml version="1.0" encoding="utf-8"?><PropertySetDef xmlns:xsi="http://www.w3.org/2001/XMLSchema-instance" xmlns:xsd="http://www.w3.org/2001/XMLSchema" ifdguid="069555721ec2460fa24b6948b5dcf8c3" templatetype="PSET_OCCURRENCEDRIVEN" xsi:noNamespaceSchemaLocation="http://buildingSMART-tech.org/xml/psd/PSD_IFC4.xsd" xmlns="http://buildingSMART-tech.org/xml/psd/PSD_IFC4.xsd"><IfcVersion version="IFC4X3_RC4" /><Name>Pset_RepairOccurrence</Name><Definition>Properties defining repair information for occurrences of element, asset or system.</Definition><Applicability /><ApplicableClasses><ClassName>IfcElement</ClassName><ClassName>IfcAsset</ClassName><ClassName>IfcSystem</ClassName></ApplicableClasses><ApplicableTypeValue>IfcElement,IfcAsset,IfcSystem</ApplicableTypeValue><PropertyDefs><PropertyDef ifdguid="b82c5f01383441f783769add1219bb7a"><Name>RepairContent</Name><Definition>Content of repair, reason and nature can be given, e.g. display faults, communication failure, display exchange.</Definition><PropertyType><TypePropertySingleValue><DataType type="IfcText" /></TypePropertySingleValue></PropertyType><NameAliases /><DefinitionAliases /></PropertyDef><PropertyDef ifdguid="69533e583b2f4e51a465c9d76913ea47"><Name>RepairDate</Name><Definition>Date on which the last repair is done on the asset.</Definition><PropertyType><TypePropertySingleValue><DataType type="IfcDate" /></TypePropertySingleValue></PropertyType><NameAliases /><DefinitionAliases /></PropertyDef><PropertyDef ifdguid="fa608c76024f40a38b83352a001b19db"><Name>MeanTimeToRepair</Name><Definition>Mean time to repair.</Definition><PropertyType><TypePropertySingleValue><DataType type="IfcTimeMeasure" /></TypePropertySingleValue></PropertyType><NameAliases /><DefinitionAliases /></PropertyDef></PropertyDefs><PsetDefinitionAliases /></PropertySetDef>