﻿<?xml version="1.0" encoding="utf-8"?><PropertySetDef xmlns:xsi="http://www.w3.org/2001/XMLSchema-instance" xmlns:xsd="http://www.w3.org/2001/XMLSchema" ifdguid="7f2c4700d1cb11e1800000215ad4efdf" templatetype="PSET_TYPEDRIVENOVERRIDE" xsi:noNamespaceSchemaLocation="http://buildingSMART-tech.org/xml/psd/PSD_IFC4.xsd" xmlns="http://buildingSMART-tech.org/xml/psd/PSD_IFC4.xsd"><IfcVersion version="IFC4X3_RC4" /><Name>Pset_ConcreteElementGeneral</Name><Definition>General properties common to different types of concrete elements, including reinforced concrete elements. The property set can be used by a number of subtypes of IfcBuildingElement, indicated that such element is designed or constructed using a concrete construction method.</Definition><Applicability /><ApplicableClasses><ClassName>IfcBeam</ClassName><ClassName>IfcBuildingElementProxy</ClassName><ClassName>IfcChimney</ClassName><ClassName>IfcColumn</ClassName><ClassName>IfcFooting</ClassName><ClassName>IfcMember</ClassName><ClassName>IfcPile</ClassName><ClassName>IfcPlate</ClassName><ClassName>IfcRailing</ClassName><ClassName>IfcRamp</ClassName><ClassName>IfcRampFlight</ClassName><ClassName>IfcRoof</ClassName><ClassName>IfcSlab</ClassName><ClassName>IfcStair</ClassName><ClassName>IfcStairFlight</ClassName><ClassName>IfcWall</ClassName><ClassName>IfcCivilElement</ClassName></ApplicableClasses><ApplicableTypeValue>IfcBeam,IfcBuildingElementProxy,IfcChimney,IfcColumn,IfcFooting,IfcMember,IfcPile,IfcPlate,IfcRailing,IfcRamp,IfcRampFlight,IfcRoof,IfcSlab,IfcStair,IfcStairFlight,IfcWall,IfcCivilElement</ApplicableTypeValue><PropertyDefs><PropertyDef ifdguid="64af56b30b4540c2b43d74b49a28b9db"><Name>ConstructionMethod</Name><Definition>Designator for whether the element is constructed/welded on site or prefabricated. Example of allowed values : 'On-site' vs 'Prefabricated'.</Definition><PropertyType><TypePropertySingleValue><DataType type="IfcLabel" /></TypePropertySingleValue></PropertyType><NameAliases><NameAlias lang="de-DE">Ausführung</NameAlias><NameAlias lang="en">Construction Method</NameAlias></NameAliases><DefinitionAliases><DefinitionAlias lang="de-DE">Angabe, ob dieses Betonbauteil als Ortbeton ("In-Situ") oder als Fertigteil ("Precast") ausgeführt werden soll.</DefinitionAlias><DefinitionAlias lang="en" /></DefinitionAliases></PropertyDef><PropertyDef ifdguid="84899180d1cb11e1800000215ad4efdf"><Name>StructuralClass</Name><Definition>The structural class defined for the concrete structure (e.g. '1').</Definition><PropertyType><TypePropertySingleValue><DataType type="IfcLabel" /></TypePropertySingleValue></PropertyType><NameAliases><NameAlias lang="en">Structural Class</NameAlias><NameAlias lang="ja-JP">構造クラス</NameAlias><NameAlias lang="ko-KR">구조 클래스</NameAlias></NameAliases><DefinitionAliases><DefinitionAlias lang="en" /><DefinitionAlias lang="ja-JP">構造クラスはコンクリート構造を定義した。（例えば「１」）</DefinitionAlias><DefinitionAlias lang="ko-KR">구조 클래스는 콘크리트 구조를 정의했다 (예를 들어 "1")</DefinitionAlias></DefinitionAliases></PropertyDef><PropertyDef ifdguid="96390dc443fd41d88cb6aca86dce4993"><Name>StrengthClass</Name><Definition>Classification of the concrete strength in accordance with the concrete design code which is applied in the project.</Definition><PropertyType><TypePropertySingleValue><DataType type="IfcLabel" /></TypePropertySingleValue></PropertyType><NameAliases><NameAlias lang="de-DE">Betonfestigkeitsklasse</NameAlias><NameAlias lang="en">Strength Class</NameAlias></NameAliases><DefinitionAliases><DefinitionAlias lang="de-DE">Klassifikation der Betonfestigkeit gemäß der aktuellen, im Projekt angewandten, Norm.</DefinitionAlias><DefinitionAlias lang="en" /></DefinitionAliases></PropertyDef><PropertyDef ifdguid="9bee0bf72ad34a66bef57b71b7ca175b"><Name>ExposureClass</Name><Definition>Classification of exposure to environmental conditions, usually specified in accordance with the concrete design code which is applied in the project.</Definition><PropertyType><TypePropertySingleValue><DataType type="IfcLabel" /></TypePropertySingleValue></PropertyType><NameAliases><NameAlias lang="de-DE">Expositionsklasse</NameAlias><NameAlias lang="en">Exposure Class</NameAlias></NameAliases><DefinitionAliases><DefinitionAlias lang="de-DE">Klassifikation der Widerstandsfähigkeit gegenüber chemischen und physikalischen Einwirkungen gemäß der aktuellen, im Projekt angewandten, Norm.</DefinitionAlias><DefinitionAlias lang="en" /></DefinitionAliases></PropertyDef><PropertyDef ifdguid="a1c0e785c9bc41878ddbc67fd0ff3d26"><Name>ReinforcementVolumeRatio</Name><Definition>The required ratio of the effective mass of the reinforcement to the effective volume of the concrete of a reinforced concrete structural element.</Definition><PropertyType><TypePropertySingleValue><DataType type="IfcMassDensityMeasure" /></TypePropertySingleValue></PropertyType><NameAliases><NameAlias lang="de-DE">Bewehrungsgrad Volumen</NameAlias><NameAlias lang="en">Reinforcement Volume Ratio</NameAlias></NameAliases><DefinitionAliases><DefinitionAlias lang="de-DE">Das geforderte Verhältnis der effektiven Masse der Bewehrung im Verhältnis zur effektiven Masse des Betons für dieses Element.</DefinitionAlias><DefinitionAlias lang="en" /></DefinitionAliases></PropertyDef><PropertyDef ifdguid="036938642cbf49e2a90d346134ac7475"><Name>ReinforcementAreaRatio</Name><Definition>The required ratio of the effective area of the reinforcement to the effective area of the concrete At any section of a reinforced concrete structural element.</Definition><PropertyType><TypePropertySingleValue><DataType type="IfcAreaDensityMeasure" /></TypePropertySingleValue></PropertyType><NameAliases><NameAlias lang="de-DE">Bewehrungsgrad Fläche</NameAlias><NameAlias lang="en">Reinforcement Area Ratio</NameAlias></NameAliases><DefinitionAliases><DefinitionAlias lang="de-DE">Das geforderte Verhältnis der effektiven flächenbezogenen Masse der Bewehrung im Verhältnis zur effektiven Fläche des Betons für dieses Element.</DefinitionAlias><DefinitionAlias lang="en" /></DefinitionAliases></PropertyDef><PropertyDef ifdguid="a4b95080d1cb11e1800000215ad4efdf"><Name>DimensionalAccuracyClass</Name><Definition>Classification designation of the dimensional accuracy requirement according to local standards.</Definition><PropertyType><TypePropertySingleValue><DataType type="IfcLabel" /></TypePropertySingleValue></PropertyType><NameAliases><NameAlias lang="en">Dimensional Accuracy Class</NameAlias><NameAlias lang="ja-JP">寸法精度クラス</NameAlias><NameAlias lang="ko-KR">치수 정밀도 클래스</NameAlias></NameAliases><DefinitionAliases><DefinitionAlias lang="en" /><DefinitionAlias lang="ja-JP">国の基準が求める寸法精度の分類指定。</DefinitionAlias><DefinitionAlias lang="ko-KR">국가 표준이 요구하는 치수 정밀도의 분류 지정</DefinitionAlias></DefinitionAliases></PropertyDef><PropertyDef ifdguid="abe05e80d1cb11e1800000215ad4efdf"><Name>ConstructionToleranceClass</Name><Definition>Classification designation of the on-site construction tolerances according to local standards.</Definition><PropertyType><TypePropertySingleValue><DataType type="IfcLabel" /></TypePropertySingleValue></PropertyType><NameAliases><NameAlias lang="en">Construction Tolerance Class</NameAlias><NameAlias lang="ja-JP">製造許容クラス</NameAlias><NameAlias lang="ko-KR">제조 허용 클래스</NameAlias></NameAliases><DefinitionAliases><DefinitionAlias lang="en" /><DefinitionAlias lang="ja-JP">国の基準が求める現場での製造許容の分類指定。</DefinitionAlias><DefinitionAlias lang="ko-KR">국가 표준이 요구하는 현장에서 제조 허용 범주 지정</DefinitionAlias></DefinitionAliases></PropertyDef><PropertyDef ifdguid="0764b8e36a7c4275859f1534ea3eec09"><Name>ConcreteCover</Name><Definition>The protective concrete cover at the reinforcing bars according to local building regulations.</Definition><PropertyType><TypePropertySingleValue><DataType type="IfcPositiveLengthMeasure" /></TypePropertySingleValue></PropertyType><NameAliases><NameAlias lang="de-DE">Betonüberdeckung</NameAlias><NameAlias lang="en">Concrete Cover</NameAlias></NameAliases><DefinitionAliases><DefinitionAlias lang="de-DE">Abstand zwischen der Betonoberfläche und der Außenkante einer vom Beton umhüllten Bewehrung.</DefinitionAlias><DefinitionAlias lang="en" /></DefinitionAliases></PropertyDef><PropertyDef ifdguid="b8fd4d80d1cb11e1800000215ad4efdf"><Name>ConcreteCoverAtMainBars</Name><Definition>The protective concrete cover at the main reinforcing bars according to local building regulations.</Definition><PropertyType><TypePropertySingleValue><DataType type="IfcPositiveLengthMeasure" /></TypePropertySingleValue></PropertyType><NameAliases><NameAlias lang="de-DE">Betonüberdeckung Hauptstäbe</NameAlias><NameAlias lang="en">Concrete Cover At Main Bars</NameAlias><NameAlias lang="ja-JP">主筋のコンクリート被り</NameAlias><NameAlias lang="ko-KR">주근 콘크리트 입고</NameAlias></NameAliases><DefinitionAliases><DefinitionAlias lang="de-DE">Abstand zwischen der Betonoberfläche und der Außenkante den vom Beton umhüllten Bewehrungshauptstäben.</DefinitionAlias><DefinitionAlias lang="en" /><DefinitionAlias lang="ja-JP">国の建築基準に従い、主鉄筋をコンクリートの被りで保護する。</DefinitionAlias><DefinitionAlias lang="ko-KR">국가의 건축 기준에 따라 주로 철근을 콘크리트 입고로 보호</DefinitionAlias></DefinitionAliases></PropertyDef><PropertyDef ifdguid="bef32e80d1cb11e1800000215ad4efdf"><Name>ConcreteCoverAtLinks</Name><Definition>The protective concrete cover at the reinforcement links according to local building regulations.</Definition><PropertyType><TypePropertySingleValue><DataType type="IfcPositiveLengthMeasure" /></TypePropertySingleValue></PropertyType><NameAliases><NameAlias lang="de-DE">Betonüberdeckung Verbindungsstäbe</NameAlias><NameAlias lang="en">Concrete Cover At Links</NameAlias><NameAlias lang="ja-JP">補強筋のコンクリート被り</NameAlias><NameAlias lang="ko-KR">보강근 콘크리트 입고</NameAlias></NameAliases><DefinitionAliases><DefinitionAlias lang="de-DE">Abstand zwischen der Betonoberfläche und der Außenkante der vom Beton umhüllten Bewehrungsverbindungsstäben.</DefinitionAlias><DefinitionAlias lang="en" /><DefinitionAlias lang="ja-JP">国の建築基準に従い、補強筋をコンクリートの被りで保護する。</DefinitionAlias><DefinitionAlias lang="ko-KR">국가의 건축 기준에 따라 보강근 콘크리트의 입고로 보호</DefinitionAlias></DefinitionAliases></PropertyDef><PropertyDef ifdguid="b88ca2252c4b4014bcf289bbbd596398"><Name>ReinforcementStrengthClass</Name><Definition>Classification of the reinforcement strength in accordance with the concrete design code which is applied in the project. The reinforcing strength class often combines strength and ductility.</Definition><PropertyType><TypePropertySingleValue><DataType type="IfcLabel" /></TypePropertySingleValue></PropertyType><NameAliases><NameAlias lang="en">Reinforcement Strength Class</NameAlias></NameAliases><DefinitionAliases><DefinitionAlias lang="en" /></DefinitionAliases></PropertyDef></PropertyDefs><PsetDefinitionAliases><PsetDefinitionAlias lang="de">Generelle Eigenschaften die allen Betonbauteilen, einschließlich Stahlbetonbauteilen, gemeinsam sind. Dieser Eigenschaftssatz kann den verschiedenen Bauelementklassen (Subtypen von IfcBuildingElement) zugeordnet werden.</PsetDefinitionAlias><PsetDefinitionAlias lang="en" /><PsetDefinitionAlias lang="ja-JP">コンクリート要素の異なるタイプに対する共通の一般的な属性。 Pset は IfcBuildingElement の多くのサブタイプによって使うことができる。</PsetDefinitionAlias></PsetDefinitionAliases></PropertySetDef>