﻿<?xml version="1.0" encoding="utf-8"?><PropertySetDef xmlns:xsi="http://www.w3.org/2001/XMLSchema-instance" xmlns:xsd="http://www.w3.org/2001/XMLSchema" ifdguid="9dae29ad20eff611e0f4da3114a89265" templatetype="PSET_TYPEDRIVENOVERRIDE" xsi:noNamespaceSchemaLocation="http://buildingSMART-tech.org/xml/psd/PSD_IFC4.xsd" xmlns="http://buildingSMART-tech.org/xml/psd/PSD_IFC4.xsd"><IfcVersion version="IFC4X3_RC4" /><Name>Pset_OpticalSplitter</Name><Definition>Properties of optical splitter used in the telecommunication domain. This property set can be used by the predefined type DATA of IfcJunctionBox.</Definition><Applicability /><ApplicableClasses><ClassName>IfcJunctionBox/DATA</ClassName></ApplicableClasses><ApplicableTypeValue>IfcJunctionBox/DATA</ApplicableTypeValue><PropertyDefs><PropertyDef ifdguid="25297ae62e4e473ab6b76b039e68d35a"><Name>NumberOfBranches</Name><Definition>Indicates the number of branches that can be supported by the optical splitter.</Definition><PropertyType><TypePropertySingleValue><DataType type="IfcInteger" /></TypePropertySingleValue></PropertyType><NameAliases /><DefinitionAliases /></PropertyDef><PropertyDef ifdguid="01578a0c593b4a878b2db921504b0ab4"><Name>OpticalSplitterType</Name><Definition>Indicates the type of optical splitter, single mode or multi-mode.</Definition><PropertyType><TypePropertyEnumeratedValue><EnumList name="PEnum_OpticalSplitterType"><EnumItem>MULTIMODE</EnumItem><EnumItem>SINGLEMODE</EnumItem><EnumItem>OTHER</EnumItem><EnumItem>NOTKNOWN</EnumItem><EnumItem>UNSET</EnumItem></EnumList><ConstantList><ConstantDef><Name>MULTIMODE</Name><Definition>Multi-mode type.</Definition><NameAliases /><DefinitionAliases /></ConstantDef><ConstantDef><Name>SINGLEMODE</Name><Definition>Single mode type.</Definition><NameAliases /><DefinitionAliases /></ConstantDef><ConstantDef><Name>OTHER</Name><Definition>required category not on scale</Definition><NameAliases><NameAlias lang="en">(other)</NameAlias></NameAliases><DefinitionAliases><DefinitionAlias lang="en">Value is not listed.</DefinitionAlias></DefinitionAliases></ConstantDef><ConstantDef><Name>NOTKNOWN</Name><Definition>Value is unkown</Definition><NameAliases><NameAlias lang="en">(unknown)</NameAlias></NameAliases><DefinitionAliases><DefinitionAlias lang="en">Value is unknown.</DefinitionAlias></DefinitionAliases></ConstantDef><ConstantDef><Name>UNSET</Name><Definition>Value has not been specified</Definition><NameAliases><NameAlias lang="en">(unset)</NameAlias></NameAliases><DefinitionAliases><DefinitionAlias lang="en">Value has not been specified.</DefinitionAlias></DefinitionAliases></ConstantDef></ConstantList></TypePropertyEnumeratedValue></PropertyType><NameAliases /><DefinitionAliases /></PropertyDef><PropertyDef ifdguid="cd03a478484643ab833d4727038848e9"><Name>NumberOfInterfaces</Name><Definition>Indicates the types of interfaces and their number in the device.</Definition><PropertyType><TypePropertyTableValue><Expression /><DefiningValue><DataType type="IfcLabel" /></DefiningValue><DefinedValue><DataType type="IfcInteger" /></DefinedValue></TypePropertyTableValue></PropertyType><NameAliases /><DefinitionAliases /></PropertyDef></PropertyDefs><PsetDefinitionAliases /></PropertySetDef>