﻿<?xml version="1.0" encoding="utf-8"?><PropertySetDef xmlns:xsi="http://www.w3.org/2001/XMLSchema-instance" xmlns:xsd="http://www.w3.org/2001/XMLSchema" ifdguid="692cfaf8295dfb4e6f11ec68c355dd70" templatetype="PSET_TYPEDRIVENOVERRIDE" xsi:noNamespaceSchemaLocation="http://buildingSMART-tech.org/xml/psd/PSD_IFC4.xsd" xmlns="http://buildingSMART-tech.org/xml/psd/PSD_IFC4.xsd"><IfcVersion version="IFC4X3_RC4" /><Name>Pset_TelecomCableGeneral</Name><Definition>Properties common to occurrences and types of IfcCableSegment and IfcCableFitting applied in telecommunication domain.</Definition><Applicability /><ApplicableClasses><ClassName>IfcCableSegment</ClassName><ClassName>IfcCableFitting</ClassName></ApplicableClasses><ApplicableTypeValue>IfcCableSegment,IfcCableFitting</ApplicableTypeValue><PropertyDefs><PropertyDef ifdguid="0fc498835ab240aab640e276e1d814ed"><Name>Attenuation</Name><Definition>Indicates the optical or electrical attenuation of the cable measured in dB, at a certain wavelength or frequency, changing with the length of the cable.</Definition><PropertyType><TypePropertySingleValue><DataType type="IfcReal" /></TypePropertySingleValue></PropertyType><NameAliases /><DefinitionAliases /></PropertyDef><PropertyDef ifdguid="28753c00d1d011e1800000215ad4efdf"><Name>FireRating</Name><Definition>Fire rating for this object.
It is given according to the national fire safety classification.</Definition><PropertyType><TypePropertySingleValue><DataType type="IfcLabel" /></TypePropertySingleValue></PropertyType><NameAliases><NameAlias lang="de-DE">Feuerwiderstandsklasse</NameAlias><NameAlias lang="en">Fire Rating</NameAlias><NameAlias lang="fr-FR">Résistance au feu</NameAlias><NameAlias lang="ja-JP">耐火等級</NameAlias><NameAlias lang="zh-CN">防火等级</NameAlias></NameAliases><DefinitionAliases><DefinitionAlias lang="de-DE">Feuerwiderstandsklasse gemäß der nationalen oder regionalen Brandschutzverordnung.</DefinitionAlias><DefinitionAlias lang="en" /><DefinitionAlias lang="fr-FR">Classement au feu de l'élément donné selon la classification nationale de sécurité incendie.</DefinitionAlias><DefinitionAlias lang="ja-JP">耐火等級。当該国の建築法規による。</DefinitionAlias><DefinitionAlias lang="zh-CN">该构件的防火等级。
该属性的依据为国家防火安全分级。</DefinitionAlias></DefinitionAliases></PropertyDef><PropertyDef ifdguid="0e35ac16bcdd44e98b284723b3dd0b90"><Name>IsFireResistant</Name><Definition>Indicates whether the cable is fire resistant.</Definition><PropertyType><TypePropertySingleValue><DataType type="IfcBoolean" /></TypePropertySingleValue></PropertyType><NameAliases /><DefinitionAliases /></PropertyDef><PropertyDef ifdguid="c52037931a634698b7986531a31eb6ee"><Name>NominalDiameter</Name><Definition>The nominal diameter of the segment.</Definition><PropertyType><TypePropertySingleValue><DataType type="IfcPositiveLengthMeasure" /></TypePropertySingleValue></PropertyType><NameAliases /><DefinitionAliases /></PropertyDef><PropertyDef ifdguid="7947ddd2b15c428f943f4454d56567d9"><Name>JacketColour</Name><Definition>Indicates the colour of the cable or fitting jacket.</Definition><PropertyType><TypePropertySingleValue><DataType type="IfcLabel" /></TypePropertySingleValue></PropertyType><NameAliases /><DefinitionAliases /></PropertyDef><PropertyDef ifdguid="4817d3aa0cb849799c58d67a4fcd73ee"><Name>CableFunctionType</Name><Definition>Distinguishes between Telecom and Power Supply cables.</Definition><PropertyType><TypePropertyEnumeratedValue><EnumList name="PEnum_CableFunctionType"><EnumItem>POWERSUPPLY</EnumItem><EnumItem>TELECOMMUNICATION</EnumItem><EnumItem>OTHER</EnumItem><EnumItem>NOTKNOWN</EnumItem><EnumItem>UNSET</EnumItem></EnumList><ConstantList><ConstantDef><Name>POWERSUPPLY</Name><Definition>Power supply purpose.</Definition><NameAliases /><DefinitionAliases /></ConstantDef><ConstantDef><Name>TELECOMMUNICATION</Name><Definition>Telecommunication purpose.</Definition><NameAliases /><DefinitionAliases /></ConstantDef><ConstantDef><Name>OTHER</Name><Definition>required category not on scale</Definition><NameAliases><NameAlias lang="en">(other)</NameAlias></NameAliases><DefinitionAliases><DefinitionAlias lang="en">Value is not listed.</DefinitionAlias></DefinitionAliases></ConstantDef><ConstantDef><Name>NOTKNOWN</Name><Definition>Value is unkown</Definition><NameAliases><NameAlias lang="en">(unknown)</NameAlias></NameAliases><DefinitionAliases><DefinitionAlias lang="en">Value is unknown.</DefinitionAlias></DefinitionAliases></ConstantDef><ConstantDef><Name>UNSET</Name><Definition>Value has not been specified</Definition><NameAliases><NameAlias lang="en">(unset)</NameAlias></NameAliases><DefinitionAliases><DefinitionAlias lang="en">Value has not been specified.</DefinitionAlias></DefinitionAliases></ConstantDef></ConstantList></TypePropertyEnumeratedValue></PropertyType><NameAliases /><DefinitionAliases /></PropertyDef><PropertyDef ifdguid="ff09ecc83fb9426d99d45ca09df31016"><Name>CableArmourType</Name><Definition>The armour type of the cable for mechanical protection.</Definition><PropertyType><TypePropertyEnumeratedValue><EnumList name="PEnum_CableArmourType"><EnumItem>DIELECTRIC</EnumItem><EnumItem>METALLIC</EnumItem><EnumItem>OTHER</EnumItem><EnumItem>NOTKNOWN</EnumItem><EnumItem>UNSET</EnumItem></EnumList><ConstantList><ConstantDef><Name>DIELECTRIC</Name><Definition>Dielectric armour.</Definition><NameAliases /><DefinitionAliases /></ConstantDef><ConstantDef><Name>METALLIC</Name><Definition>Metallic armour.</Definition><NameAliases /><DefinitionAliases /></ConstantDef><ConstantDef><Name>OTHER</Name><Definition>required category not on scale</Definition><NameAliases><NameAlias lang="en">(other)</NameAlias></NameAliases><DefinitionAliases><DefinitionAlias lang="en">Value is not listed.</DefinitionAlias></DefinitionAliases></ConstantDef><ConstantDef><Name>NOTKNOWN</Name><Definition>Value is unkown</Definition><NameAliases><NameAlias lang="en">(unknown)</NameAlias></NameAliases><DefinitionAliases><DefinitionAlias lang="en">Value is unknown.</DefinitionAlias></DefinitionAliases></ConstantDef><ConstantDef><Name>UNSET</Name><Definition>Value has not been specified</Definition><NameAliases><NameAlias lang="en">(unset)</NameAlias></NameAliases><DefinitionAliases><DefinitionAlias lang="en">Value has not been specified.</DefinitionAlias></DefinitionAliases></ConstantDef></ConstantList></TypePropertyEnumeratedValue></PropertyType><NameAliases /><DefinitionAliases /></PropertyDef></PropertyDefs><PsetDefinitionAliases /></PropertySetDef>