﻿<?xml version="1.0" encoding="utf-8"?><PropertySetDef xmlns:xsi="http://www.w3.org/2001/XMLSchema-instance" xmlns:xsd="http://www.w3.org/2001/XMLSchema" ifdguid="1b6cb3aa95e94fec8d1ad6d502edb484" templatetype="PSET_TYPEDRIVENOVERRIDE" xsi:noNamespaceSchemaLocation="http://buildingSMART-tech.org/xml/psd/PSD_IFC4.xsd" xmlns="http://buildingSMART-tech.org/xml/psd/PSD_IFC4.xsd"><IfcVersion version="IFC4X3_RC4" /><Name>Pset_CourseApplicationConditions</Name><Definition>Properties regarding the conditions when applying a course.</Definition><Applicability /><ApplicableClasses><ClassName>IfcCourse</ClassName></ApplicableClasses><ApplicableTypeValue>IfcCourse</ApplicableTypeValue><PropertyDefs><PropertyDef ifdguid="90286e0be04b4fa1bf4e1e2e07947241"><Name>ApplicationTemperature</Name><Definition>Indicates the ambient temperature at which the course is applied</Definition><PropertyType><TypePropertySingleValue><DataType type="IfcThermodynamicTemperatureMeasure" /></TypePropertySingleValue></PropertyType><NameAliases /><DefinitionAliases /></PropertyDef><PropertyDef ifdguid="3b851e0349db433597c092f82e183a35"><Name>WeatherConditions</Name><Definition>Indicates the weather conditions during the application of the course</Definition><PropertyType><TypePropertySingleValue><DataType type="IfcText" /></TypePropertySingleValue></PropertyType><NameAliases /><DefinitionAliases /></PropertyDef></PropertyDefs><PsetDefinitionAliases /></PropertySetDef>