﻿<?xml version="1.0" encoding="utf-8"?><PropertySetDef xmlns:xsi="http://www.w3.org/2001/XMLSchema-instance" xmlns:xsd="http://www.w3.org/2001/XMLSchema" ifdguid="a1e902c55e10bfe8981cd7c865152b2e" templatetype="PSET_TYPEDRIVENOVERRIDE" xsi:noNamespaceSchemaLocation="http://buildingSMART-tech.org/xml/psd/PSD_IFC4.xsd" xmlns="http://buildingSMART-tech.org/xml/psd/PSD_IFC4.xsd"><IfcVersion version="IFC4X3_RC4" /><Name>Pset_SystemFurnitureElementTypeSubrack</Name><Definition>Properties of subrack used in railway telecom. The property set can be used by the predefined type SUBRACK of IfcSystemFurnitureElement</Definition><Applicability /><ApplicableClasses><ClassName>IfcSystemFurnitureElement/SUBRACK</ClassName></ApplicableClasses><ApplicableTypeValue>IfcSystemFurnitureElement/SUBRACK</ApplicableTypeValue><PropertyDefs><PropertyDef ifdguid="f2bc503cd29f488cae452b3780e73c85"><Name>NumberOfSlots</Name><Definition>Indicates the number of device slots.</Definition><PropertyType><TypePropertySingleValue><DataType type="IfcInteger" /></TypePropertySingleValue></PropertyType><NameAliases /><DefinitionAliases /></PropertyDef><PropertyDef ifdguid="81803a6c29de47df9c4e298310dd9165"><Name>NumberOfUnits</Name><Definition>Indicates the number of vertical units.</Definition><PropertyType><TypePropertySingleValue><DataType type="IfcInteger" /></TypePropertySingleValue></PropertyType><NameAliases /><DefinitionAliases /></PropertyDef><PropertyDef ifdguid="4b614626da104e6480fdcb46d6c29131"><Name>NumberOfOccupiedUnits</Name><Definition>Indicates the number of vertical units occupied by the equipment.</Definition><PropertyType><TypePropertySingleValue><DataType type="IfcInteger" /></TypePropertySingleValue></PropertyType><NameAliases /><DefinitionAliases /></PropertyDef></PropertyDefs><PsetDefinitionAliases /></PropertySetDef>