﻿<?xml version="1.0" encoding="utf-8"?><PropertySetDef xmlns:xsi="http://www.w3.org/2001/XMLSchema-instance" xmlns:xsd="http://www.w3.org/2001/XMLSchema" ifdguid="d4307ab1c8bae65ac672e76f4da0849c" templatetype="PSET_TYPEDRIVENOVERRIDE" xsi:noNamespaceSchemaLocation="http://buildingSMART-tech.org/xml/psd/PSD_IFC4.xsd" xmlns="http://buildingSMART-tech.org/xml/psd/PSD_IFC4.xsd"><IfcVersion version="IFC4X3_RC4" /><Name>Pset_ElementAssemblyTypeDilatationPanel</Name><Definition>Adjustment switch panel properties used in railway. The property set can be used by the predefined type DILATATION_PANEL of IfcElementAssembly.</Definition><Applicability /><ApplicableClasses><ClassName>IfcElementAssembly/DILATATIONPANEL</ClassName></ApplicableClasses><ApplicableTypeValue>IfcElementAssembly/DILATATIONPANEL</ApplicableTypeValue><PropertyDefs><PropertyDef ifdguid="96fda0722ef44f2eb78ad71c11566120"><Name>TechnicalStandard</Name><Definition>The technical standard which the element should comply with.</Definition><PropertyType><TypePropertyReferenceValue reftype="IfcExternalReference" /></PropertyType><NameAliases /><DefinitionAliases /></PropertyDef><PropertyDef ifdguid="c2969ee37c934ad2920901e6c25a9d56"><Name>DilatationLength</Name><Definition>Length dilatation admited by the element.</Definition><PropertyType><TypePropertySingleValue><DataType type="IfcPositiveLengthMeasure" /></TypePropertySingleValue></PropertyType><NameAliases /><DefinitionAliases /></PropertyDef><PropertyDef ifdguid="8deee4a116ce44c0b0bee1dc8cabbfe0"><Name>ExpansionDirection</Name><Definition>The expansion direction, e.g. single direction, bi-direction</Definition><PropertyType><TypePropertyEnumeratedValue><EnumList name="PEnum_ExpansionDirection"><EnumItem>SINGLE_DIRECTION</EnumItem><EnumItem>BI_DIRECTION</EnumItem><EnumItem>OTHER</EnumItem><EnumItem>NOTKNOWN</EnumItem><EnumItem>UNSET</EnumItem></EnumList><ConstantList><ConstantDef><Name>SINGLE_DIRECTION</Name><NameAliases /><DefinitionAliases /></ConstantDef><ConstantDef><Name>BI_DIRECTION</Name><NameAliases /><DefinitionAliases /></ConstantDef><ConstantDef><Name>OTHER</Name><Definition>required category not on scale</Definition><NameAliases><NameAlias lang="en">(other)</NameAlias></NameAliases><DefinitionAliases><DefinitionAlias lang="en">Value is not listed.</DefinitionAlias></DefinitionAliases></ConstantDef><ConstantDef><Name>NOTKNOWN</Name><Definition>Value is unkown</Definition><NameAliases><NameAlias lang="en">(unknown)</NameAlias></NameAliases><DefinitionAliases><DefinitionAlias lang="en">Value is unknown.</DefinitionAlias></DefinitionAliases></ConstantDef><ConstantDef><Name>UNSET</Name><Definition>Value has not been specified</Definition><NameAliases><NameAlias lang="en">(unset)</NameAlias></NameAliases><DefinitionAliases><DefinitionAlias lang="en">Value has not been specified.</DefinitionAlias></DefinitionAliases></ConstantDef></ConstantList></TypePropertyEnumeratedValue></PropertyType><NameAliases /><DefinitionAliases /></PropertyDef><PropertyDef ifdguid="7f7557a952e4459db81dcb5b64a7c7e5"><Name>InstallationPlan</Name><Definition>Identifier of the corresponding installation plan.</Definition><PropertyType><TypePropertyReferenceValue reftype="IfcDocumentReference" /></PropertyType><NameAliases /><DefinitionAliases /></PropertyDef><PropertyDef ifdguid="7f15c83c170a48c59ae826de286f5fa4"><Name>BladesOrientation</Name><Definition>Orientation of internal blades.</Definition><PropertyType><TypePropertyEnumeratedValue><EnumList name="PEnum_BladesOrientation"><EnumItem>BLADESOUTSIDE</EnumItem><EnumItem>BLADESINSIDE</EnumItem><EnumItem>OTHER</EnumItem><EnumItem>NOTKNOWN</EnumItem><EnumItem>UNSET</EnumItem></EnumList><ConstantList><ConstantDef><Name>BLADESOUTSIDE</Name><Definition>Blades are outside.</Definition><NameAliases /><DefinitionAliases /></ConstantDef><ConstantDef><Name>BLADESINSIDE</Name><Definition>Blades are inside.</Definition><NameAliases /><DefinitionAliases /></ConstantDef><ConstantDef><Name>OTHER</Name><Definition>required category not on scale</Definition><NameAliases><NameAlias lang="en">(other)</NameAlias></NameAliases><DefinitionAliases><DefinitionAlias lang="en">Value is not listed.</DefinitionAlias></DefinitionAliases></ConstantDef><ConstantDef><Name>NOTKNOWN</Name><Definition>Value is unkown</Definition><NameAliases><NameAlias lang="en">(unknown)</NameAlias></NameAliases><DefinitionAliases><DefinitionAlias lang="en">Value is unknown.</DefinitionAlias></DefinitionAliases></ConstantDef><ConstantDef><Name>UNSET</Name><Definition>Value has not been specified</Definition><NameAliases><NameAlias lang="en">(unset)</NameAlias></NameAliases><DefinitionAliases><DefinitionAlias lang="en">Value has not been specified.</DefinitionAlias></DefinitionAliases></ConstantDef></ConstantList></TypePropertyEnumeratedValue></PropertyType><NameAliases /><DefinitionAliases /></PropertyDef></PropertyDefs><PsetDefinitionAliases /></PropertySetDef>