﻿<?xml version="1.0" encoding="utf-8"?><PropertySetDef xmlns:xsi="http://www.w3.org/2001/XMLSchema-instance" xmlns:xsd="http://www.w3.org/2001/XMLSchema" ifdguid="9d636880d20611e1800000215ad4efdf" templatetype="PSET_TYPEDRIVENOVERRIDE" xsi:noNamespaceSchemaLocation="http://buildingSMART-tech.org/xml/psd/PSD_IFC4.xsd" xmlns="http://buildingSMART-tech.org/xml/psd/PSD_IFC4.xsd"><IfcVersion version="IFC4X3_RC4" /><Name>Pset_SensorTypeWindSensor</Name><Definition>A device that senses or detects wind speed and direction. HISTORY: Added in IFC4.</Definition><Applicability /><ApplicableClasses><ClassName>IfcSensor/WINDSENSOR</ClassName></ApplicableClasses><ApplicableTypeValue>IfcSensor/WINDSENSOR</ApplicableTypeValue><PropertyDefs><PropertyDef ifdguid="a2c0b300d20611e1800000215ad4efdf"><Name>WindSensorType</Name><Definition>Enumeration that Identifies the types of wind sensors that can be specified.</Definition><PropertyType><TypePropertyEnumeratedValue><EnumList name="PEnum_WindSensorType"><EnumItem>CUP</EnumItem><EnumItem>WINDMILL</EnumItem><EnumItem>HOTWIRE</EnumItem><EnumItem>LASERDOPPLER</EnumItem><EnumItem>SONIC</EnumItem><EnumItem>PLATE</EnumItem><EnumItem>TUBE</EnumItem><EnumItem>OTHER</EnumItem><EnumItem>NOTKNOWN</EnumItem><EnumItem>UNSET</EnumItem></EnumList><ConstantList><ConstantDef><Name>CUP</Name><NameAliases><NameAlias lang="en">Cup</NameAlias></NameAliases><DefinitionAliases /></ConstantDef><ConstantDef><Name>WINDMILL</Name><NameAliases><NameAlias lang="en">Windmill</NameAlias></NameAliases><DefinitionAliases /></ConstantDef><ConstantDef><Name>HOTWIRE</Name><NameAliases><NameAlias lang="en">Hotwire</NameAlias></NameAliases><DefinitionAliases /></ConstantDef><ConstantDef><Name>LASERDOPPLER</Name><NameAliases><NameAlias lang="en">Laser Doppler</NameAlias></NameAliases><DefinitionAliases /></ConstantDef><ConstantDef><Name>SONIC</Name><NameAliases><NameAlias lang="en">Sonic</NameAlias></NameAliases><DefinitionAliases /></ConstantDef><ConstantDef><Name>PLATE</Name><NameAliases><NameAlias lang="en">Plate</NameAlias></NameAliases><DefinitionAliases /></ConstantDef><ConstantDef><Name>TUBE</Name><NameAliases><NameAlias lang="en">Tube</NameAlias></NameAliases><DefinitionAliases /></ConstantDef><ConstantDef><Name>OTHER</Name><Definition>required category not on scale</Definition><NameAliases><NameAlias lang="en">(other)</NameAlias></NameAliases><DefinitionAliases><DefinitionAlias lang="en">Value is not listed.</DefinitionAlias></DefinitionAliases></ConstantDef><ConstantDef><Name>NOTKNOWN</Name><Definition>Value is unkown</Definition><NameAliases><NameAlias lang="en">(unknown)</NameAlias></NameAliases><DefinitionAliases><DefinitionAlias lang="en">Value is unknown.</DefinitionAlias></DefinitionAliases></ConstantDef><ConstantDef><Name>UNSET</Name><Definition>Value has not been specified</Definition><NameAliases><NameAlias lang="en">(unset)</NameAlias></NameAliases><DefinitionAliases><DefinitionAlias lang="en">Value has not been specified.</DefinitionAlias></DefinitionAliases></ConstantDef></ConstantList></TypePropertyEnumeratedValue></PropertyType><NameAliases><NameAlias lang="en">Wind Sensor Type</NameAlias><NameAlias lang="ja-JP">風センサータイプ</NameAlias><NameAlias lang="ko-KR">바람 센서 타입</NameAlias></NameAliases><DefinitionAliases><DefinitionAlias lang="en" /><DefinitionAlias lang="ja-JP">明示された風センサーのタイプを識別する一覧。</DefinitionAlias><DefinitionAlias lang="ko-KR">명시된 바람 센서 유형을 식별하는 목록.</DefinitionAlias></DefinitionAliases></PropertyDef><PropertyDef ifdguid="b66c1980d20611e1800000215ad4efdf"><Name>SetPointSpeed</Name><Definition>The wind speed value to be sensed. Use IfcPropertyBoundedValue.SetPointValue to set the set point value.</Definition><PropertyType><TypePropertySingleValue><DataType type="IfcLinearVelocityMeasure" /></TypePropertySingleValue></PropertyType><NameAliases><NameAlias lang="en">Set Point Speed</NameAlias><NameAlias lang="ja-JP">風速設定値</NameAlias><NameAlias lang="ko-KR">풍속 설정</NameAlias></NameAliases><DefinitionAliases><DefinitionAlias lang="en" /><DefinitionAlias lang="ja-JP">感知される風速。
セットポイント値を置くために、IfcPropertyBoundedValue.SetPointValueを使用する。</DefinitionAlias><DefinitionAlias lang="ko-KR">감지되는 바람. 세트 포인트 값을 넣으려면, IfcPropertyBoundedValue.SetPointValue를 사용하십시오.</DefinitionAlias></DefinitionAliases></PropertyDef><PropertyDef ifdguid="99ddd766380e4ecd8b2c22e374b50964"><Name>DampingRatio</Name><Definition>Indicates the damping ratio of the device.</Definition><PropertyType><TypePropertySingleValue><DataType type="IfcRatioMeasure" /></TypePropertySingleValue></PropertyType><NameAliases /><DefinitionAliases /></PropertyDef><PropertyDef ifdguid="127c6270d73140ee82b584de2efc7886"><Name>SerialInterfaceType</Name><Definition>Indicates the type of serial interface used by the device.</Definition><PropertyType><TypePropertyEnumeratedValue><EnumList name="PEnum_SerialInterfaceType"><EnumItem>RS_232</EnumItem><EnumItem>RS_422</EnumItem><EnumItem>RS_485</EnumItem><EnumItem>OTHER</EnumItem><EnumItem>NOTKNOWN</EnumItem><EnumItem>UNSET</EnumItem></EnumList><ConstantList><ConstantDef><Name>RS_232</Name><Definition>Standard TIA/EIA-232 interface.</Definition><NameAliases /><DefinitionAliases /></ConstantDef><ConstantDef><Name>RS_422</Name><Definition>Standard TIA/EIA-422 interface.</Definition><NameAliases /><DefinitionAliases /></ConstantDef><ConstantDef><Name>RS_485</Name><Definition>Standard TIA-485(-A) or EIA-485 interface.</Definition><NameAliases /><DefinitionAliases /></ConstantDef><ConstantDef><Name>OTHER</Name><Definition>required category not on scale</Definition><NameAliases><NameAlias lang="en">(other)</NameAlias></NameAliases><DefinitionAliases><DefinitionAlias lang="en">Value is not listed.</DefinitionAlias></DefinitionAliases></ConstantDef><ConstantDef><Name>NOTKNOWN</Name><Definition>Value is unkown</Definition><NameAliases><NameAlias lang="en">(unknown)</NameAlias></NameAliases><DefinitionAliases><DefinitionAlias lang="en">Value is unknown.</DefinitionAlias></DefinitionAliases></ConstantDef><ConstantDef><Name>UNSET</Name><Definition>Value has not been specified</Definition><NameAliases><NameAlias lang="en">(unset)</NameAlias></NameAliases><DefinitionAliases><DefinitionAlias lang="en">Value has not been specified.</DefinitionAlias></DefinitionAliases></ConstantDef></ConstantList></TypePropertyEnumeratedValue></PropertyType><NameAliases /><DefinitionAliases /></PropertyDef><PropertyDef ifdguid="36fbbd5e9a0749a489e2433845d1f752"><Name>MarginOfError</Name><Definition>Indicates the margin of error of the measurement.</Definition><PropertyType><TypePropertySingleValue><DataType type="IfcRatioMeasure" /></TypePropertySingleValue></PropertyType><NameAliases /><DefinitionAliases /></PropertyDef><PropertyDef ifdguid="dace572928c84536ba2c2c566e2c6b91"><Name>LinearVelocityResolution</Name><Definition>Indicates the resolution of the detected linear velocity.</Definition><PropertyType><TypePropertySingleValue><DataType type="IfcLinearVelocityMeasure" /></TypePropertySingleValue></PropertyType><NameAliases /><DefinitionAliases /></PropertyDef><PropertyDef ifdguid="801b8c3ae2f146b18351807027a8fdc2"><Name>SamplingFrequency</Name><Definition>Indicates the sampling frequency of the device.</Definition><PropertyType><TypePropertySingleValue><DataType type="IfcFrequencyMeasure" /></TypePropertySingleValue></PropertyType><NameAliases /><DefinitionAliases /></PropertyDef><PropertyDef ifdguid="607f2612c1c64c179efaa9916be6a0e2"><Name>StartingWindSpeed</Name><Definition>Indicates the starting wind speed of the wind sensor.</Definition><PropertyType><TypePropertySingleValue><DataType type="IfcLinearVelocityMeasure" /></TypePropertySingleValue></PropertyType><NameAliases /><DefinitionAliases /></PropertyDef><PropertyDef ifdguid="b43451f789594819a4aee48e70b790e9"><Name>WorkingState</Name><Definition>Indicates the working state of device or system.</Definition><PropertyType><TypePropertySingleValue><DataType type="IfcLabel" /></TypePropertySingleValue></PropertyType><NameAliases /><DefinitionAliases /></PropertyDef><PropertyDef ifdguid="2c6f8100d20511e1800000215ad4efdf"><Name>TimeConstant</Name><Definition>The time constant of the sensor.</Definition><PropertyType><TypePropertySingleValue><DataType type="IfcTimeMeasure" /></TypePropertySingleValue></PropertyType><NameAliases><NameAlias lang="en">Time Constant</NameAlias><NameAlias lang="ja-JP">時定数</NameAlias><NameAlias lang="ko-KR">시정</NameAlias></NameAliases><DefinitionAliases><DefinitionAlias lang="en" /><DefinitionAlias lang="ja-JP">センサの時定数。</DefinitionAlias><DefinitionAlias lang="ko-KR">센서의 시정.</DefinitionAlias></DefinitionAliases></PropertyDef><PropertyDef ifdguid="c2e6a251241f476781b57924e0cbd3d2"><Name>DataCollectionType</Name><Definition>Indicates the type or manner of data collection.</Definition><PropertyType><TypePropertyEnumeratedValue><EnumList name="PEnum_DataCollectionType"><EnumItem>AUTOMATICANDCONTINUOUS</EnumItem><EnumItem>MANUALANDSINGLE</EnumItem><EnumItem>OTHER</EnumItem><EnumItem>NOTKNOWN</EnumItem><EnumItem>UNSET</EnumItem></EnumList><ConstantList><ConstantDef><Name>AUTOMATICANDCONTINUOUS</Name><NameAliases /><DefinitionAliases /></ConstantDef><ConstantDef><Name>MANUALANDSINGLE</Name><NameAliases /><DefinitionAliases /></ConstantDef><ConstantDef><Name>OTHER</Name><Definition>required category not on scale</Definition><NameAliases><NameAlias lang="en">(other)</NameAlias></NameAliases><DefinitionAliases><DefinitionAlias lang="en">Value is not listed.</DefinitionAlias></DefinitionAliases></ConstantDef><ConstantDef><Name>NOTKNOWN</Name><Definition>Value is unkown</Definition><NameAliases><NameAlias lang="en">(unknown)</NameAlias></NameAliases><DefinitionAliases><DefinitionAlias lang="en">Value is unknown.</DefinitionAlias></DefinitionAliases></ConstantDef><ConstantDef><Name>UNSET</Name><Definition>Value has not been specified</Definition><NameAliases><NameAlias lang="en">(unset)</NameAlias></NameAliases><DefinitionAliases><DefinitionAlias lang="en">Value has not been specified.</DefinitionAlias></DefinitionAliases></ConstantDef></ConstantList></TypePropertyEnumeratedValue></PropertyType><NameAliases /><DefinitionAliases /></PropertyDef><PropertyDef ifdguid="4d47e4a8c5b04e82a6c3401ccacd66d3"><Name>WindAngleRange</Name><Definition>Indicates the wind angle range the sensor can monitor.</Definition><PropertyType><TypePropertyBoundedValue><DataType type="IfcPlaneAngleMeasure" /></TypePropertyBoundedValue></PropertyType><NameAliases /><DefinitionAliases /></PropertyDef><PropertyDef ifdguid="f3d4e8eaf8004493b5740700c03b38f7"><Name>WindSpeedRange</Name><Definition>Indicates the range of wind speed the sensor can monitor.</Definition><PropertyType><TypePropertyBoundedValue><DataType type="IfcLinearVelocityMeasure" /></TypePropertyBoundedValue></PropertyType><NameAliases /><DefinitionAliases /></PropertyDef></PropertyDefs><PsetDefinitionAliases><PsetDefinitionAlias lang="en" /><PsetDefinitionAlias lang="ja-JP">風速を感知または検出するデバイス。</PsetDefinitionAlias></PsetDefinitionAliases></PropertySetDef>