﻿<?xml version="1.0" encoding="utf-8"?><PropertySetDef xmlns:xsi="http://www.w3.org/2001/XMLSchema-instance" xmlns:xsd="http://www.w3.org/2001/XMLSchema" ifdguid="62bc64243d874aa3a031ae14e1e0bec8" templatetype="PSET_TYPEDRIVENOVERRIDE" xsi:noNamespaceSchemaLocation="http://buildingSMART-tech.org/xml/psd/PSD_IFC4.xsd" xmlns="http://buildingSMART-tech.org/xml/psd/PSD_IFC4.xsd"><IfcVersion version="IFC4X3_RC4" /><Name>Pset_MemberTypePost</Name><Definition>Properties of a post. A post is a linear (usually vertical) member used to support something or to mark a point.</Definition><Applicability /><ApplicableClasses><ClassName>IfcMember/POST</ClassName></ApplicableClasses><ApplicableTypeValue>IfcMember/POST</ApplicableTypeValue><PropertyDefs><PropertyDef ifdguid="4ff0486291384d74b34d949a401b2a6c"><Name>NominalHeight</Name><Definition>Nominal height of the object.</Definition><PropertyType><TypePropertySingleValue><DataType type="IfcNonNegativeLengthMeasure" /></TypePropertySingleValue></PropertyType><NameAliases /><DefinitionAliases /></PropertyDef><PropertyDef ifdguid="7408d4e0de9148679b9661a2f54b460f"><Name>ConicityRatio</Name><Definition>The ratio of the diameter of the cone bottom surface to the height of the pole.</Definition><PropertyType><TypePropertySingleValue><DataType type="IfcRatioMeasure" /></TypePropertySingleValue></PropertyType><NameAliases /><DefinitionAliases /></PropertyDef><PropertyDef ifdguid="9b2cea00d1c511e1800000215ad4efdf"><Name>LoadBearingCapacity</Name><Definition>Maximum load bearing capacity of a supporting structure ( e.g. as applied to the floor structure of a storey, or the supporting capacity of a frame assembly).</Definition><PropertyType><TypePropertySingleValue><DataType type="IfcPlanarForceMeasure" /></TypePropertySingleValue></PropertyType><NameAliases><NameAlias lang="de-DE">Deckentragfähigkeit</NameAlias><NameAlias lang="en">Load Bearing Capacity</NameAlias><NameAlias lang="fr-FR">Capacité porteuse</NameAlias></NameAliases><DefinitionAliases><DefinitionAlias lang="de-DE">Maximale Deckentragfähigkeit in diesem Geschoss.</DefinitionAlias><DefinitionAlias lang="en"></DefinitionAlias><DefinitionAlias lang="fr-FR">Indique la force maximale pouvant être acceptée par le sol.</DefinitionAlias></DefinitionAliases></PropertyDef><PropertyDef ifdguid="664882a15b8a420087f6f80670cbe20b"><Name>WindLoadRating</Name><Definition>Wind load resistance rating for this object.
It is provided according to the national building code.</Definition><PropertyType><TypePropertySingleValue><DataType type="IfcLabel" /></TypePropertySingleValue></PropertyType><NameAliases /><DefinitionAliases /></PropertyDef><PropertyDef ifdguid="1cfb8d02520d4c35a6e080580465e624"><Name>TorsionalStrength</Name><Definition>Shear strength in torsion.</Definition><PropertyType><TypePropertySingleValue><DataType type="IfcPressureMeasure" /></TypePropertySingleValue></PropertyType><NameAliases /><DefinitionAliases /></PropertyDef><PropertyDef ifdguid="308b1604fa7f4b11ba71175ab14f7ffb"><Name>BendingStrength</Name><Definition>Bending strength.</Definition><PropertyType><TypePropertySingleValue><DataType type="IfcPressureMeasure" /></TypePropertySingleValue></PropertyType><NameAliases /><DefinitionAliases /></PropertyDef></PropertyDefs><PsetDefinitionAliases /></PropertySetDef>