﻿<?xml version="1.0" encoding="utf-8"?><PropertySetDef xmlns:xsi="http://www.w3.org/2001/XMLSchema-instance" xmlns:xsd="http://www.w3.org/2001/XMLSchema" ifdguid="6ac826bd3932cd0dc3b3971d4f3978d8" templatetype="PSET_TYPEDRIVENOVERRIDE" xsi:noNamespaceSchemaLocation="http://buildingSMART-tech.org/xml/psd/PSD_IFC4.xsd" xmlns="http://buildingSMART-tech.org/xml/psd/PSD_IFC4.xsd"><IfcVersion version="IFC4X3_RC4" /><Name>Pset_SectioningDevice</Name><Definition>Properties of sectioning device used in railway. The property set can be used by the predefined type INSULATOR of IfcDiscreteAccessory.</Definition><Applicability /><ApplicableClasses><ClassName>IfcDiscreteAccessory/INSULATOR</ClassName></ApplicableClasses><ApplicableTypeValue>IfcDiscreteAccessory/INSULATOR</ApplicableTypeValue><PropertyDefs><PropertyDef ifdguid="6d3830d96dc84139a1341329075250cf"><Name>SectioningDeviceType</Name><Definition>Indicates the sectioning device type.</Definition><PropertyType><TypePropertyEnumeratedValue><EnumList name="PEnum_SectioningDeviceType"><EnumItem>DIFFERENT_POWER_SUPPLY_SEPARATION</EnumItem><EnumItem>PHASE_SEPARATION</EnumItem><EnumItem>SAME_FEEDING_SECTION_SEPARATION</EnumItem><EnumItem>OTHER</EnumItem><EnumItem>NOTKNOWN</EnumItem><EnumItem>UNSET</EnumItem></EnumList><ConstantList><ConstantDef><Name>DIFFERENT_POWER_SUPPLY_SEPARATION</Name><Definition>Different power supply separation.</Definition><NameAliases /><DefinitionAliases /></ConstantDef><ConstantDef><Name>PHASE_SEPARATION</Name><Definition>Phase separation.</Definition><NameAliases /><DefinitionAliases /></ConstantDef><ConstantDef><Name>SAME_FEEDING_SECTION_SEPARATION</Name><Definition>Same feeding section separation.</Definition><NameAliases /><DefinitionAliases /></ConstantDef><ConstantDef><Name>OTHER</Name><Definition>required category not on scale</Definition><NameAliases><NameAlias lang="en">(other)</NameAlias></NameAliases><DefinitionAliases><DefinitionAlias lang="en">Value is not listed.</DefinitionAlias></DefinitionAliases></ConstantDef><ConstantDef><Name>NOTKNOWN</Name><Definition>Value is unkown</Definition><NameAliases><NameAlias lang="en">(unknown)</NameAlias></NameAliases><DefinitionAliases><DefinitionAlias lang="en">Value is unknown.</DefinitionAlias></DefinitionAliases></ConstantDef><ConstantDef><Name>UNSET</Name><Definition>Value has not been specified</Definition><NameAliases><NameAlias lang="en">(unset)</NameAlias></NameAliases><DefinitionAliases><DefinitionAlias lang="en">Value has not been specified.</DefinitionAlias></DefinitionAliases></ConstantDef></ConstantList></TypePropertyEnumeratedValue></PropertyType><NameAliases /><DefinitionAliases /></PropertyDef></PropertyDefs><PsetDefinitionAliases /></PropertySetDef>