﻿<?xml version="1.0" encoding="utf-8"?><PropertySetDef xmlns:xsi="http://www.w3.org/2001/XMLSchema-instance" xmlns:xsd="http://www.w3.org/2001/XMLSchema" ifdguid="3c419200d21211e1800000215ad4efdf" templatetype="PSET_TYPEDRIVENOVERRIDE" xsi:noNamespaceSchemaLocation="http://buildingSMART-tech.org/xml/psd/PSD_IFC4.xsd" xmlns="http://buildingSMART-tech.org/xml/psd/PSD_IFC4.xsd"><IfcVersion version="IFC4X3_RC4" /><Name>Pset_TubeBundleTypeCommon</Name><Definition>Tube bundle type common attributes.</Definition><Applicability /><ApplicableClasses><ClassName>IfcTubeBundle</ClassName></ApplicableClasses><ApplicableTypeValue>IfcTubeBundle</ApplicableTypeValue><PropertyDefs><PropertyDef ifdguid="42377300d21211e1800000215ad4efdf"><Name>Reference</Name><Definition>Reference ID for this specified type in this project (e.g. type 'A-1').</Definition><PropertyType><TypePropertySingleValue><DataType type="IfcIdentifier" /></TypePropertySingleValue></PropertyType><NameAliases><NameAlias lang="en">Reference</NameAlias><NameAlias lang="ja-JP">参照記号</NameAlias></NameAliases><DefinitionAliases><DefinitionAlias lang="en" /><DefinitionAlias lang="ja-JP">このプロジェクトにおける参照記号(例：A-1)。分類コードではなく内部で使用されるプロジェクトタイプとして使用されるもの。</DefinitionAlias></DefinitionAliases></PropertyDef><PropertyDef ifdguid="48c5ea80d21211e1800000215ad4efdf"><Name>Status</Name><Definition>Status of the element, predominately used in renovation or retrofitting projects. The status can be assigned to as "New" - element designed as new addition, "Existing" - element exists and remains, "Demolish" - element existed but is to be demolished,  "Temporary" - element will exists only temporary (like a temporary support structure).</Definition><PropertyType><TypePropertyEnumeratedValue><EnumList name="PEnum_ElementStatus"><EnumItem>NEW</EnumItem><EnumItem>EXISTING</EnumItem><EnumItem>DEMOLISH</EnumItem><EnumItem>TEMPORARY</EnumItem><EnumItem>OTHER</EnumItem><EnumItem>NOTKNOWN</EnumItem><EnumItem>UNSET</EnumItem></EnumList><ConstantList><ConstantDef><Name>NEW</Name><Definition>element designed as new addition</Definition><NameAliases><NameAlias lang="en">New</NameAlias></NameAliases><DefinitionAliases /></ConstantDef><ConstantDef><Name>EXISTING</Name><Definition>element exists and is to remain</Definition><NameAliases><NameAlias lang="en">Existing</NameAlias></NameAliases><DefinitionAliases /></ConstantDef><ConstantDef><Name>DEMOLISH</Name><Definition>element exists but is to be demolished</Definition><NameAliases><NameAlias lang="en">Demolish</NameAlias></NameAliases><DefinitionAliases /></ConstantDef><ConstantDef><Name>TEMPORARY</Name><Definition>element will exist only temporarily (such as a temporary support structure)</Definition><NameAliases><NameAlias lang="en">Temporary</NameAlias></NameAliases><DefinitionAliases /></ConstantDef><ConstantDef><Name>OTHER</Name><Definition>required category not on scale</Definition><NameAliases><NameAlias lang="en">(other)</NameAlias></NameAliases><DefinitionAliases><DefinitionAlias lang="en">Value is not listed.</DefinitionAlias></DefinitionAliases></ConstantDef><ConstantDef><Name>NOTKNOWN</Name><Definition>Value is unkown</Definition><NameAliases><NameAlias lang="en">(unknown)</NameAlias></NameAliases><DefinitionAliases><DefinitionAlias lang="en">Value is unknown.</DefinitionAlias></DefinitionAliases></ConstantDef><ConstantDef><Name>UNSET</Name><Definition>Value has not been specified</Definition><NameAliases><NameAlias lang="en">(unset)</NameAlias></NameAliases><DefinitionAliases><DefinitionAlias lang="en">Value has not been specified.</DefinitionAlias></DefinitionAliases></ConstantDef></ConstantList></TypePropertyEnumeratedValue></PropertyType><NameAliases><NameAlias lang="en">Status</NameAlias><NameAlias lang="ja-JP">状態</NameAlias></NameAliases><DefinitionAliases><DefinitionAlias lang="en" /><DefinitionAlias lang="ja-JP">要素（主にリノベーションまたは改修プロジェクトにおいて）の状態。 状態は、「新規(New)」－新しく追加される要素。「既存」－要素は存在し、かつ残りもの。「破壊」－要素は存在したが、廃棄されるもの。「一時的」－一時的に存在する要素（一時的にサポートしている構造のようなもの）。</DefinitionAlias></DefinitionAliases></PropertyDef><PropertyDef ifdguid="58453380d21211e1800000215ad4efdf"><Name>NumberOfRows</Name><Definition>Number of tube rows in the tube bundle assembly.</Definition><PropertyType><TypePropertySingleValue><DataType type="IfcInteger" /></TypePropertySingleValue></PropertyType><NameAliases><NameAlias lang="en">Number Of Rows</NameAlias><NameAlias lang="ja-JP">列数</NameAlias></NameAliases><DefinitionAliases><DefinitionAlias lang="en" /><DefinitionAlias lang="ja-JP">チューブの集合の組立におけるチューブ列数</DefinitionAlias></DefinitionAliases></PropertyDef><PropertyDef ifdguid="5ed3ab00d21211e1800000215ad4efdf"><Name>StaggeredRowSpacing</Name><Definition>Staggered tube row spacing.</Definition><PropertyType><TypePropertySingleValue><DataType type="IfcPositiveLengthMeasure" /></TypePropertySingleValue></PropertyType><NameAliases><NameAlias lang="en">Staggered Row Spacing</NameAlias><NameAlias lang="ja-JP">互い違いの列間隔</NameAlias></NameAliases><DefinitionAliases><DefinitionAlias lang="en" /><DefinitionAlias lang="ja-JP">互い違いのチューブ列間隔</DefinitionAlias></DefinitionAliases></PropertyDef><PropertyDef ifdguid="672be600d21211e1800000215ad4efdf"><Name>InLineRowSpacing</Name><Definition>In-line tube row spacing.</Definition><PropertyType><TypePropertySingleValue><DataType type="IfcPositiveLengthMeasure" /></TypePropertySingleValue></PropertyType><NameAliases><NameAlias lang="en">In Line Row Spacing</NameAlias><NameAlias lang="ja-JP">インライン列間隔</NameAlias></NameAliases><DefinitionAliases><DefinitionAlias lang="en" /><DefinitionAlias lang="ja-JP">インラインチューブ列間隔</DefinitionAlias></DefinitionAliases></PropertyDef><PropertyDef ifdguid="701cb780d21211e1800000215ad4efdf"><Name>NumberOfCircuits</Name><Definition>Number of parallel fluid tube circuits.</Definition><PropertyType><TypePropertySingleValue><DataType type="IfcInteger" /></TypePropertySingleValue></PropertyType><NameAliases><NameAlias lang="en">Number Of Circuits</NameAlias><NameAlias lang="ja-JP">平行流回路数</NameAlias></NameAliases><DefinitionAliases><DefinitionAlias lang="en" /><DefinitionAlias lang="ja-JP">平行流チューブ回路数</DefinitionAlias></DefinitionAliases></PropertyDef><PropertyDef ifdguid="757a0200d21211e1800000215ad4efdf"><Name>FoulingFactor</Name><Definition>Fouling factor of the tubes in the tube bundle.</Definition><PropertyType><TypePropertySingleValue><DataType type="IfcThermalResistanceMeasure" /></TypePropertySingleValue></PropertyType><NameAliases><NameAlias lang="en">Fouling Factor</NameAlias><NameAlias lang="ja-JP">汚れ係数</NameAlias></NameAliases><DefinitionAliases><DefinitionAlias lang="en" /><DefinitionAlias lang="ja-JP">チューブ束のチューブ汚れ係数</DefinitionAlias></DefinitionAliases></PropertyDef><PropertyDef ifdguid="7ad74c80d21211e1800000215ad4efdf"><Name>ThermalConductivity</Name><Definition>The thermal conductivity of the tube.</Definition><PropertyType><TypePropertySingleValue><DataType type="IfcThermalConductivityMeasure" /></TypePropertySingleValue></PropertyType><NameAliases><NameAlias lang="en">Thermal Conductivity</NameAlias><NameAlias lang="ja-JP">熱伝導率</NameAlias></NameAliases><DefinitionAliases><DefinitionAlias lang="en" /><DefinitionAlias lang="ja-JP">チューブの熱伝導率</DefinitionAlias></DefinitionAliases></PropertyDef><PropertyDef ifdguid="80349700d21211e1800000215ad4efdf"><Name>Length</Name><Definition>Length of the tubes in the tube bundle.</Definition><PropertyType><TypePropertySingleValue><DataType type="IfcPositiveLengthMeasure" /></TypePropertySingleValue></PropertyType><NameAliases><NameAlias lang="en">Length</NameAlias><NameAlias lang="ja-JP">長さ</NameAlias></NameAliases><DefinitionAliases><DefinitionAlias lang="en" /><DefinitionAlias lang="ja-JP">チューブ束のチューブ長さ</DefinitionAlias></DefinitionAliases></PropertyDef><PropertyDef ifdguid="89256880d21211e1800000215ad4efdf"><Name>Volume</Name><Definition>Total volume of fluid in the tubes and their headers.</Definition><PropertyType><TypePropertySingleValue><DataType type="IfcVolumeMeasure" /></TypePropertySingleValue></PropertyType><NameAliases><NameAlias lang="en">Volume</NameAlias><NameAlias lang="ja-JP">流量</NameAlias></NameAliases><DefinitionAliases><DefinitionAlias lang="en" /><DefinitionAlias lang="ja-JP">チューブとヘッダー内の総流量</DefinitionAlias></DefinitionAliases></PropertyDef><PropertyDef ifdguid="8e82b300d21211e1800000215ad4efdf"><Name>NominalDiameter</Name><Definition>Nominal diameter or width of the tubes in the tube bundle.</Definition><PropertyType><TypePropertySingleValue><DataType type="IfcPositiveLengthMeasure" /></TypePropertySingleValue></PropertyType><NameAliases><NameAlias lang="en">Nominal Diameter</NameAlias><NameAlias lang="ja-JP">公称直径</NameAlias></NameAliases><DefinitionAliases><DefinitionAlias lang="en" /><DefinitionAlias lang="ja-JP">チューブ束内のチューブ公称直径又は幅</DefinitionAlias></DefinitionAliases></PropertyDef><PropertyDef ifdguid="96daee00d21211e1800000215ad4efdf"><Name>OutsideDiameter</Name><Definition>Actual outside diameter of the tube in the tube bundle.</Definition><PropertyType><TypePropertySingleValue><DataType type="IfcPositiveLengthMeasure" /></TypePropertySingleValue></PropertyType><NameAliases><NameAlias lang="en">Outside Diameter</NameAlias><NameAlias lang="ja-JP">外径</NameAlias></NameAliases><DefinitionAliases><DefinitionAlias lang="en" /><DefinitionAlias lang="ja-JP">チューブ束内のチューブ実外径</DefinitionAlias></DefinitionAliases></PropertyDef><PropertyDef ifdguid="9f332900d21211e1800000215ad4efdf"><Name>InsideDiameter</Name><Definition>Actual inner diameter of the tube in the tube bundle.</Definition><PropertyType><TypePropertySingleValue><DataType type="IfcPositiveLengthMeasure" /></TypePropertySingleValue></PropertyType><NameAliases><NameAlias lang="en">Inside Diameter</NameAlias><NameAlias lang="ja-JP">内径</NameAlias></NameAliases><DefinitionAliases><DefinitionAlias lang="en" /><DefinitionAlias lang="ja-JP">チューブ束内のチューブ実内径</DefinitionAlias></DefinitionAliases></PropertyDef><PropertyDef ifdguid="a78b6400d21211e1800000215ad4efdf"><Name>HorizontalSpacing</Name><Definition>Horizontal spacing between tubes in the tube bundle.</Definition><PropertyType><TypePropertySingleValue><DataType type="IfcPositiveLengthMeasure" /></TypePropertySingleValue></PropertyType><NameAliases><NameAlias lang="en">Horizontal Spacing</NameAlias><NameAlias lang="ja-JP">水平間隔</NameAlias></NameAliases><DefinitionAliases><DefinitionAlias lang="en" /><DefinitionAlias lang="ja-JP">チューブ束内のチューブ間水平間隔</DefinitionAlias></DefinitionAliases></PropertyDef><PropertyDef ifdguid="b07c3580d21211e1800000215ad4efdf"><Name>VerticalSpacing</Name><Definition>Vertical spacing between tubes in the tube bundle.</Definition><PropertyType><TypePropertySingleValue><DataType type="IfcPositiveLengthMeasure" /></TypePropertySingleValue></PropertyType><NameAliases><NameAlias lang="en">Vertical Spacing</NameAlias><NameAlias lang="ja-JP">垂直間隔</NameAlias></NameAliases><DefinitionAliases><DefinitionAlias lang="en" /><DefinitionAlias lang="ja-JP">チューブ束内のチューブ間垂直間隔</DefinitionAlias></DefinitionAliases></PropertyDef><PropertyDef ifdguid="b8d47080d21211e1800000215ad4efdf"><Name>HasTurbulator</Name><Definition>TRUE if the tube has a turbulator, FALSE if it does not.</Definition><PropertyType><TypePropertySingleValue><DataType type="IfcBoolean" /></TypePropertySingleValue></PropertyType><NameAliases><NameAlias lang="en">Has Turbulator</NameAlias><NameAlias lang="ja-JP">かくはん器有り</NameAlias></NameAliases><DefinitionAliases><DefinitionAlias lang="en" /><DefinitionAlias lang="ja-JP">かくはん器有りの時 TRUE、無しの時 FALSE</DefinitionAlias></DefinitionAliases></PropertyDef></PropertyDefs><PsetDefinitionAliases><PsetDefinitionAlias lang="en" /><PsetDefinitionAlias lang="ja-JP">チューブ束タイプ共通プロパティ属性設定。</PsetDefinitionAlias></PsetDefinitionAliases></PropertySetDef>