﻿<?xml version="1.0" encoding="utf-8"?><PropertySetDef xmlns:xsi="http://www.w3.org/2001/XMLSchema-instance" xmlns:xsd="http://www.w3.org/2001/XMLSchema" ifdguid="d4122c202890246371a525bbe2bdb77c" templatetype="PSET_TYPEDRIVENOVERRIDE" xsi:noNamespaceSchemaLocation="http://buildingSMART-tech.org/xml/psd/PSD_IFC4.xsd" xmlns="http://buildingSMART-tech.org/xml/psd/PSD_IFC4.xsd"><IfcVersion version="IFC4X3_RC4" /><Name>Pset_RailTypeRail</Name><Definition>Properties common to IfcRail types and occurrences with PredefinedType set to RAIL.</Definition><Applicability /><ApplicableClasses><ClassName>IfcRail/RAIL</ClassName></ApplicableClasses><ApplicableTypeValue>IfcRail/RAIL</ApplicableTypeValue><PropertyDefs><PropertyDef ifdguid="bf4d47b9188d4cfdaa72ca7efa3915f4"><Name>PositionInTrack</Name><Definition>Indicates the relative position of the element in track, which lies to the left or right as facing in the direction of increasing stationing values.</Definition><PropertyType><TypePropertyEnumeratedValue><EnumList name="PEnum_RelativePosition"><EnumItem>LEFT</EnumItem><EnumItem>RIGHT</EnumItem><EnumItem>MIDDLE</EnumItem><EnumItem>OTHER</EnumItem><EnumItem>NOTKNOWN</EnumItem><EnumItem>UNSET</EnumItem></EnumList><ConstantList><ConstantDef><Name>LEFT</Name><Definition>Positioned to the left.</Definition><NameAliases /><DefinitionAliases /></ConstantDef><ConstantDef><Name>RIGHT</Name><Definition>Positioned to the right.</Definition><NameAliases /><DefinitionAliases /></ConstantDef><ConstantDef><Name>MIDDLE</Name><Definition>Positioned in the middle.</Definition><NameAliases /><DefinitionAliases /></ConstantDef><ConstantDef><Name>OTHER</Name><Definition>required category not on scale</Definition><NameAliases><NameAlias lang="en">(other)</NameAlias></NameAliases><DefinitionAliases><DefinitionAlias lang="en">Value is not listed.</DefinitionAlias></DefinitionAliases></ConstantDef><ConstantDef><Name>NOTKNOWN</Name><Definition>Value is unkown</Definition><NameAliases><NameAlias lang="en">(unknown)</NameAlias></NameAliases><DefinitionAliases><DefinitionAlias lang="en">Value is unknown.</DefinitionAlias></DefinitionAliases></ConstantDef><ConstantDef><Name>UNSET</Name><Definition>Value has not been specified</Definition><NameAliases><NameAlias lang="en">(unset)</NameAlias></NameAliases><DefinitionAliases><DefinitionAlias lang="en">Value has not been specified.</DefinitionAlias></DefinitionAliases></ConstantDef></ConstantList></TypePropertyEnumeratedValue></PropertyType><NameAliases /><DefinitionAliases /></PropertyDef><PropertyDef ifdguid="96fda0722ef44f2eb78ad71c11566120"><Name>TechnicalStandard</Name><Definition>The technical standard which the element should comply with.</Definition><PropertyType><TypePropertyReferenceValue reftype="IfcExternalReference" /></PropertyType><NameAliases /><DefinitionAliases /></PropertyDef><PropertyDef ifdguid="c6fe5cfd936f4783adc3203faa64da43"><Name>RailDeliveryState</Name><Definition>The delivery state of rail, which indicates the final treatment at the end in manufacturing.</Definition><PropertyType><TypePropertyEnumeratedValue><EnumList name="PEnum_RailDeliveryState"><EnumItem>HOTROLLING</EnumItem><EnumItem>HEATTREATMENT</EnumItem><EnumItem>OTHER</EnumItem><EnumItem>NOTKNOWN</EnumItem><EnumItem>UNSET</EnumItem></EnumList><ConstantList><ConstantDef><Name>HOTROLLING</Name><Definition>Hot rolling.</Definition><NameAliases /><DefinitionAliases /></ConstantDef><ConstantDef><Name>HEATTREATMENT</Name><Definition>Heat treatment.</Definition><NameAliases /><DefinitionAliases /></ConstantDef><ConstantDef><Name>OTHER</Name><Definition>required category not on scale</Definition><NameAliases><NameAlias lang="en">(other)</NameAlias></NameAliases><DefinitionAliases><DefinitionAlias lang="en">Value is not listed.</DefinitionAlias></DefinitionAliases></ConstantDef><ConstantDef><Name>NOTKNOWN</Name><Definition>Value is unkown</Definition><NameAliases><NameAlias lang="en">(unknown)</NameAlias></NameAliases><DefinitionAliases><DefinitionAlias lang="en">Value is unknown.</DefinitionAlias></DefinitionAliases></ConstantDef><ConstantDef><Name>UNSET</Name><Definition>Value has not been specified</Definition><NameAliases><NameAlias lang="en">(unset)</NameAlias></NameAliases><DefinitionAliases><DefinitionAlias lang="en">Value has not been specified.</DefinitionAlias></DefinitionAliases></ConstantDef></ConstantList></TypePropertyEnumeratedValue></PropertyType><NameAliases /><DefinitionAliases /></PropertyDef><PropertyDef ifdguid="50516d1883214323b4c66a6c71513c65"><Name>RailCondition</Name><Definition>Assessment of the condition of the rail at point of installation.</Definition><PropertyType><TypePropertyEnumeratedValue><EnumList name="PEnum_RailCondition"><EnumItem>NEWRAIL</EnumItem><EnumItem>REGENERATEDRAIL</EnumItem><EnumItem>REUSEDRAIL</EnumItem><EnumItem>OTHER</EnumItem><EnumItem>NOTKNOWN</EnumItem><EnumItem>UNSET</EnumItem></EnumList><ConstantList><ConstantDef><Name>NEWRAIL</Name><Definition>New rail.</Definition><NameAliases /><DefinitionAliases /></ConstantDef><ConstantDef><Name>REGENERATEDRAIL</Name><Definition>Regenerated rail.</Definition><NameAliases /><DefinitionAliases /></ConstantDef><ConstantDef><Name>REUSEDRAIL</Name><Definition>Reused rail.</Definition><NameAliases /><DefinitionAliases /></ConstantDef><ConstantDef><Name>OTHER</Name><Definition>required category not on scale</Definition><NameAliases><NameAlias lang="en">(other)</NameAlias></NameAliases><DefinitionAliases><DefinitionAlias lang="en">Value is not listed.</DefinitionAlias></DefinitionAliases></ConstantDef><ConstantDef><Name>NOTKNOWN</Name><Definition>Value is unkown</Definition><NameAliases><NameAlias lang="en">(unknown)</NameAlias></NameAliases><DefinitionAliases><DefinitionAlias lang="en">Value is unknown.</DefinitionAlias></DefinitionAliases></ConstantDef><ConstantDef><Name>UNSET</Name><Definition>Value has not been specified</Definition><NameAliases><NameAlias lang="en">(unset)</NameAlias></NameAliases><DefinitionAliases><DefinitionAlias lang="en">Value has not been specified.</DefinitionAlias></DefinitionAliases></ConstantDef></ConstantList></TypePropertyEnumeratedValue></PropertyType><NameAliases /><DefinitionAliases /></PropertyDef><PropertyDef ifdguid="b8dc2472d76e4e66af6a7160023cb7dd"><Name>DrillOnRail</Name><Definition>Indicates if the manufactured rail is drilled at its extremities or not. It can have holes on one, both or none of its extremities.</Definition><PropertyType><TypePropertyEnumeratedValue><EnumList name="PEnum_DrillOnRail"><EnumItem>ONEEND</EnumItem><EnumItem>BOTHENDS</EnumItem><EnumItem>NONE</EnumItem><EnumItem>OTHER</EnumItem><EnumItem>NOTKNOWN</EnumItem><EnumItem>UNSET</EnumItem></EnumList><ConstantList><ConstantDef><Name>ONEEND</Name><Definition>Drilled on one end.</Definition><NameAliases /><DefinitionAliases /></ConstantDef><ConstantDef><Name>BOTHENDS</Name><Definition>Drilled on both ends.</Definition><NameAliases /><DefinitionAliases /></ConstantDef><ConstantDef><Name>NONE</Name><Definition>No waterproof.</Definition><NameAliases><NameAlias lang="en">None</NameAlias></NameAliases><DefinitionAliases><DefinitionAlias lang="en">None, empty or no additional action or function.</DefinitionAlias></DefinitionAliases></ConstantDef><ConstantDef><Name>OTHER</Name><Definition>required category not on scale</Definition><NameAliases><NameAlias lang="en">(other)</NameAlias></NameAliases><DefinitionAliases><DefinitionAlias lang="en">Value is not listed.</DefinitionAlias></DefinitionAliases></ConstantDef><ConstantDef><Name>NOTKNOWN</Name><Definition>Value is unkown</Definition><NameAliases><NameAlias lang="en">(unknown)</NameAlias></NameAliases><DefinitionAliases><DefinitionAlias lang="en">Value is unknown.</DefinitionAlias></DefinitionAliases></ConstantDef><ConstantDef><Name>UNSET</Name><Definition>Value has not been specified</Definition><NameAliases><NameAlias lang="en">(unset)</NameAlias></NameAliases><DefinitionAliases><DefinitionAlias lang="en">Value has not been specified.</DefinitionAlias></DefinitionAliases></ConstantDef></ConstantList></TypePropertyEnumeratedValue></PropertyType><NameAliases /><DefinitionAliases /></PropertyDef><PropertyDef ifdguid="4327d482c60e45e786e288fbb52f7177"><Name>RailElementaryLength</Name><Definition>The standardised length of rail supplied from the manufacturer.</Definition><PropertyType><TypePropertyEnumeratedValue><EnumList name="PEnum_RailElementaryLength"><EnumItem>6M</EnumItem><EnumItem>75M</EnumItem><EnumItem>100M</EnumItem><EnumItem>108M</EnumItem><EnumItem>120M</EnumItem><EnumItem>144M</EnumItem><EnumItem>400M</EnumItem><EnumItem>30M</EnumItem><EnumItem>60M</EnumItem><EnumItem>72M</EnumItem><EnumItem>12M</EnumItem><EnumItem>18M</EnumItem><EnumItem>24M</EnumItem><EnumItem>25M</EnumItem><EnumItem>27M</EnumItem><EnumItem>36M</EnumItem><EnumItem>48M</EnumItem><EnumItem>54M</EnumItem><EnumItem>OTHER</EnumItem><EnumItem>NOTKNOWN</EnumItem><EnumItem>UNSET</EnumItem></EnumList><ConstantList><ConstantDef><Name>6M</Name><NameAliases /><DefinitionAliases /></ConstantDef><ConstantDef><Name>75M</Name><NameAliases /><DefinitionAliases /></ConstantDef><ConstantDef><Name>100M</Name><NameAliases /><DefinitionAliases /></ConstantDef><ConstantDef><Name>108M</Name><NameAliases /><DefinitionAliases /></ConstantDef><ConstantDef><Name>120M</Name><NameAliases /><DefinitionAliases /></ConstantDef><ConstantDef><Name>144M</Name><NameAliases /><DefinitionAliases /></ConstantDef><ConstantDef><Name>400M</Name><NameAliases /><DefinitionAliases /></ConstantDef><ConstantDef><Name>30M</Name><NameAliases /><DefinitionAliases /></ConstantDef><ConstantDef><Name>60M</Name><NameAliases /><DefinitionAliases /></ConstantDef><ConstantDef><Name>72M</Name><NameAliases /><DefinitionAliases /></ConstantDef><ConstantDef><Name>12M</Name><NameAliases /><DefinitionAliases /></ConstantDef><ConstantDef><Name>18M</Name><NameAliases /><DefinitionAliases /></ConstantDef><ConstantDef><Name>24M</Name><NameAliases /><DefinitionAliases /></ConstantDef><ConstantDef><Name>25M</Name><NameAliases /><DefinitionAliases /></ConstantDef><ConstantDef><Name>27M</Name><NameAliases /><DefinitionAliases /></ConstantDef><ConstantDef><Name>36M</Name><NameAliases /><DefinitionAliases /></ConstantDef><ConstantDef><Name>48M</Name><NameAliases /><DefinitionAliases /></ConstantDef><ConstantDef><Name>54M</Name><NameAliases /><DefinitionAliases /></ConstantDef><ConstantDef><Name>OTHER</Name><Definition>required category not on scale</Definition><NameAliases><NameAlias lang="en">(other)</NameAlias></NameAliases><DefinitionAliases><DefinitionAlias lang="en">Value is not listed.</DefinitionAlias></DefinitionAliases></ConstantDef><ConstantDef><Name>NOTKNOWN</Name><Definition>Value is unkown</Definition><NameAliases><NameAlias lang="en">(unknown)</NameAlias></NameAliases><DefinitionAliases><DefinitionAlias lang="en">Value is unknown.</DefinitionAlias></DefinitionAliases></ConstantDef><ConstantDef><Name>UNSET</Name><Definition>Value has not been specified</Definition><NameAliases><NameAlias lang="en">(unset)</NameAlias></NameAliases><DefinitionAliases><DefinitionAlias lang="en">Value has not been specified.</DefinitionAlias></DefinitionAliases></ConstantDef></ConstantList></TypePropertyEnumeratedValue></PropertyType><NameAliases /><DefinitionAliases /></PropertyDef><PropertyDef ifdguid="4ba50bfddddb4d52951113eaf1f45033"><Name>MinimumTensileStrength</Name><Definition>Indicates the minimum tensile strength.</Definition><PropertyType><TypePropertySingleValue><DataType type="IfcForceMeasure" /></TypePropertySingleValue></PropertyType><NameAliases /><DefinitionAliases /></PropertyDef><PropertyDef ifdguid="f223f5b01be043e4b1cb5b6b231511a6"><Name>IsStainless</Name><Definition>Indicates whether the rail is stainless or not.</Definition><PropertyType><TypePropertySingleValue><DataType type="IfcBoolean" /></TypePropertySingleValue></PropertyType><NameAliases /><DefinitionAliases /></PropertyDef><PropertyDef ifdguid="a5a10d96931346f595b02d2804562f9a"><Name>InstallationPlan</Name><Definition>Reference to external information source about installation or construction plan of the element.</Definition><PropertyType><TypePropertyReferenceValue reftype="IfcExternalReference" /></PropertyType><NameAliases /><DefinitionAliases /></PropertyDef></PropertyDefs><PsetDefinitionAliases /></PropertySetDef>