﻿<?xml version="1.0" encoding="utf-8"?><PropertySetDef xmlns:xsi="http://www.w3.org/2001/XMLSchema-instance" xmlns:xsd="http://www.w3.org/2001/XMLSchema" ifdguid="c5a09680d20911e1800000215ad4efdf" templatetype="PSET_TYPEDRIVENOVERRIDE" xsi:noNamespaceSchemaLocation="http://buildingSMART-tech.org/xml/psd/PSD_IFC4.xsd" xmlns="http://buildingSMART-tech.org/xml/psd/PSD_IFC4.xsd"><IfcVersion version="IFC4X3_RC4" /><Name>Pset_SpaceHeaterTypeCommon</Name><Definition>Space heater type common attributes.
SoundLevel attribute deleted in IFC2x2 Pset Addendum: Use IfcSoundProperties instead.  Properties added in IFC4.</Definition><Applicability /><ApplicableClasses><ClassName>IfcSpaceHeater</ClassName></ApplicableClasses><ApplicableTypeValue>IfcSpaceHeater</ApplicableTypeValue><PropertyDefs><PropertyDef ifdguid="cafde100d20911e1800000215ad4efdf"><Name>Reference</Name><Definition>Reference ID for this specified type in this project (e.g. type 'A-1').</Definition><PropertyType><TypePropertySingleValue><DataType type="IfcIdentifier" /></TypePropertySingleValue></PropertyType><NameAliases><NameAlias lang="en">Reference</NameAlias><NameAlias lang="ja-JP">参照記号</NameAlias></NameAliases><DefinitionAliases><DefinitionAlias lang="en" /><DefinitionAlias lang="ja-JP">このプロジェクトにおける参照記号(例：A-1)。分類コードではなく内部で使用されるプロジェクトタイプとして使用されるもの。</DefinitionAlias></DefinitionAliases></PropertyDef><PropertyDef ifdguid="d224ef00d20911e1800000215ad4efdf"><Name>Status</Name><Definition>Status of the element, predominately used in renovation or retrofitting projects. The status can be assigned to as "New" - element designed as new addition, "Existing" - element exists and remains, "Demolish" - element existed but is to be demolished,  "Temporary" - element will exists only temporary (like a temporary support structure).</Definition><PropertyType><TypePropertyEnumeratedValue><EnumList name="PEnum_ElementStatus"><EnumItem>NEW</EnumItem><EnumItem>EXISTING</EnumItem><EnumItem>DEMOLISH</EnumItem><EnumItem>TEMPORARY</EnumItem><EnumItem>OTHER</EnumItem><EnumItem>NOTKNOWN</EnumItem><EnumItem>UNSET</EnumItem></EnumList><ConstantList><ConstantDef><Name>NEW</Name><Definition>element designed as new addition</Definition><NameAliases><NameAlias lang="en">New</NameAlias></NameAliases><DefinitionAliases /></ConstantDef><ConstantDef><Name>EXISTING</Name><Definition>element exists and is to remain</Definition><NameAliases><NameAlias lang="en">Existing</NameAlias></NameAliases><DefinitionAliases /></ConstantDef><ConstantDef><Name>DEMOLISH</Name><Definition>element exists but is to be demolished</Definition><NameAliases><NameAlias lang="en">Demolish</NameAlias></NameAliases><DefinitionAliases /></ConstantDef><ConstantDef><Name>TEMPORARY</Name><Definition>element will exist only temporarily (such as a temporary support structure)</Definition><NameAliases><NameAlias lang="en">Temporary</NameAlias></NameAliases><DefinitionAliases /></ConstantDef><ConstantDef><Name>OTHER</Name><Definition>required category not on scale</Definition><NameAliases><NameAlias lang="en">(other)</NameAlias></NameAliases><DefinitionAliases><DefinitionAlias lang="en">Value is not listed.</DefinitionAlias></DefinitionAliases></ConstantDef><ConstantDef><Name>NOTKNOWN</Name><Definition>Value is unkown</Definition><NameAliases><NameAlias lang="en">(unknown)</NameAlias></NameAliases><DefinitionAliases><DefinitionAlias lang="en">Value is unknown.</DefinitionAlias></DefinitionAliases></ConstantDef><ConstantDef><Name>UNSET</Name><Definition>Value has not been specified</Definition><NameAliases><NameAlias lang="en">(unset)</NameAlias></NameAliases><DefinitionAliases><DefinitionAlias lang="en">Value has not been specified.</DefinitionAlias></DefinitionAliases></ConstantDef></ConstantList></TypePropertyEnumeratedValue></PropertyType><NameAliases><NameAlias lang="en">Status</NameAlias><NameAlias lang="ja-JP">状態</NameAlias></NameAliases><DefinitionAliases><DefinitionAlias lang="en" /><DefinitionAlias lang="ja-JP">要素（主にリノベーションまたは改修プロジェクトにおいて）の状態。 状態は、「新規(New)」－新しく追加される要素。「既存」－要素は存在し、かつ残りもの。「破壊」－要素は存在したが、廃棄されるもの。「一時的」－一時的に存在する要素（一時的にサポートしている構造のようなもの）。</DefinitionAlias></DefinitionAliases></PropertyDef><PropertyDef ifdguid="e9fc7300d20911e1800000215ad4efdf"><Name>PlacementType</Name><Definition>Indicates how the space heater is designed to be placed.</Definition><PropertyType><TypePropertyEnumeratedValue><EnumList name="PEnum_SpaceHeaterPlacementType"><EnumItem>BASEBOARD</EnumItem><EnumItem>TOWELWARMER</EnumItem><EnumItem>SUSPENDED</EnumItem><EnumItem>WALL</EnumItem><EnumItem>OTHER</EnumItem><EnumItem>NOTKNOWN</EnumItem><EnumItem>UNSET</EnumItem></EnumList><ConstantList><ConstantDef><Name>BASEBOARD</Name><NameAliases><NameAlias lang="en">Baseboard</NameAlias></NameAliases><DefinitionAliases /></ConstantDef><ConstantDef><Name>TOWELWARMER</Name><NameAliases><NameAlias lang="en">Towel Warmer</NameAlias></NameAliases><DefinitionAliases /></ConstantDef><ConstantDef><Name>SUSPENDED</Name><NameAliases><NameAlias lang="en">Suspended</NameAlias></NameAliases><DefinitionAliases /></ConstantDef><ConstantDef><Name>WALL</Name><NameAliases><NameAlias lang="en">Wall</NameAlias></NameAliases><DefinitionAliases /></ConstantDef><ConstantDef><Name>OTHER</Name><Definition>required category not on scale</Definition><NameAliases><NameAlias lang="en">(other)</NameAlias></NameAliases><DefinitionAliases><DefinitionAlias lang="en">Value is not listed.</DefinitionAlias></DefinitionAliases></ConstantDef><ConstantDef><Name>NOTKNOWN</Name><Definition>Value is unkown</Definition><NameAliases><NameAlias lang="en">(unknown)</NameAlias></NameAliases><DefinitionAliases><DefinitionAlias lang="en">Value is unknown.</DefinitionAlias></DefinitionAliases></ConstantDef><ConstantDef><Name>UNSET</Name><Definition>Value has not been specified</Definition><NameAliases><NameAlias lang="en">(unset)</NameAlias></NameAliases><DefinitionAliases><DefinitionAlias lang="en">Value has not been specified.</DefinitionAlias></DefinitionAliases></ConstantDef></ConstantList></TypePropertyEnumeratedValue></PropertyType><NameAliases><NameAlias lang="en">Placement Type</NameAlias><NameAlias lang="ja-JP">プレースメントタイプ</NameAlias></NameAliases><DefinitionAliases><DefinitionAlias lang="en" /><DefinitionAlias lang="ja-JP">暖房用ヒーターが置かれるようにどう設計されているかを示します。</DefinitionAlias></DefinitionAliases></PropertyDef><PropertyDef ifdguid="fbde1600d20911e1800000215ad4efdf"><Name>TemperatureClassification</Name><Definition>Enumeration defining the temperature classification of the space heater surface temperature.
low temperature - surface temperature is relatively low, usually heated by hot water or electricity.
high temperature - surface temperature is relatively high, usually heated by gas or steam.</Definition><PropertyType><TypePropertyEnumeratedValue><EnumList name="PEnum_SpaceHeaterTemperatureClassification"><EnumItem>LOWTEMPERATURE</EnumItem><EnumItem>HIGHTEMPERATURE</EnumItem><EnumItem>OTHER</EnumItem><EnumItem>NOTKNOWN</EnumItem><EnumItem>UNSET</EnumItem></EnumList><ConstantList><ConstantDef><Name>LOWTEMPERATURE</Name><NameAliases><NameAlias lang="en">Low Temperature</NameAlias></NameAliases><DefinitionAliases /></ConstantDef><ConstantDef><Name>HIGHTEMPERATURE</Name><NameAliases><NameAlias lang="en">High Temperature</NameAlias></NameAliases><DefinitionAliases /></ConstantDef><ConstantDef><Name>OTHER</Name><Definition>required category not on scale</Definition><NameAliases><NameAlias lang="en">(other)</NameAlias></NameAliases><DefinitionAliases><DefinitionAlias lang="en">Value is not listed.</DefinitionAlias></DefinitionAliases></ConstantDef><ConstantDef><Name>NOTKNOWN</Name><Definition>Value is unkown</Definition><NameAliases><NameAlias lang="en">(unknown)</NameAlias></NameAliases><DefinitionAliases><DefinitionAlias lang="en">Value is unknown.</DefinitionAlias></DefinitionAliases></ConstantDef><ConstantDef><Name>UNSET</Name><Definition>Value has not been specified</Definition><NameAliases><NameAlias lang="en">(unset)</NameAlias></NameAliases><DefinitionAliases><DefinitionAlias lang="en">Value has not been specified.</DefinitionAlias></DefinitionAliases></ConstantDef></ConstantList></TypePropertyEnumeratedValue></PropertyType><NameAliases><NameAlias lang="en">Temperature Classification</NameAlias><NameAlias lang="ja-JP">温度分類</NameAlias></NameAliases><DefinitionAliases><DefinitionAlias lang="en" /><DefinitionAlias lang="ja-JP">暖房用ヒーター表面温度の温度分類を定義。低温タイプ-お湯またｈ電気によるものの表面温度は相対的に低い。高温タイプ-ガスまたは蒸気によって熱するタイプの表面温度は比較的高い。</DefinitionAlias></DefinitionAliases></PropertyDef><PropertyDef ifdguid="07c9d800d20a11e1800000215ad4efdf"><Name>HeatTransferDimension</Name><Definition>Indicates how heat is transmitted according to the shape of the space heater.</Definition><PropertyType><TypePropertyEnumeratedValue><EnumList name="PEnum_SpaceHeaterHeatTransferDimension"><EnumItem>POINT</EnumItem><EnumItem>PATH</EnumItem><EnumItem>SURFACE</EnumItem><EnumItem>OTHER</EnumItem><EnumItem>NOTKNOWN</EnumItem><EnumItem>UNSET</EnumItem></EnumList><ConstantList><ConstantDef><Name>POINT</Name><NameAliases><NameAlias lang="en">Point</NameAlias></NameAliases><DefinitionAliases /></ConstantDef><ConstantDef><Name>PATH</Name><NameAliases><NameAlias lang="en">Path</NameAlias></NameAliases><DefinitionAliases /></ConstantDef><ConstantDef><Name>SURFACE</Name><NameAliases><NameAlias lang="en">Surface</NameAlias></NameAliases><DefinitionAliases /></ConstantDef><ConstantDef><Name>OTHER</Name><Definition>required category not on scale</Definition><NameAliases><NameAlias lang="en">(other)</NameAlias></NameAliases><DefinitionAliases><DefinitionAlias lang="en">Value is not listed.</DefinitionAlias></DefinitionAliases></ConstantDef><ConstantDef><Name>NOTKNOWN</Name><Definition>Value is unkown</Definition><NameAliases><NameAlias lang="en">(unknown)</NameAlias></NameAliases><DefinitionAliases><DefinitionAlias lang="en">Value is unknown.</DefinitionAlias></DefinitionAliases></ConstantDef><ConstantDef><Name>UNSET</Name><Definition>Value has not been specified</Definition><NameAliases><NameAlias lang="en">(unset)</NameAlias></NameAliases><DefinitionAliases><DefinitionAlias lang="en">Value has not been specified.</DefinitionAlias></DefinitionAliases></ConstantDef></ConstantList></TypePropertyEnumeratedValue></PropertyType><NameAliases><NameAlias lang="en">Heat Transfer Dimension</NameAlias><NameAlias lang="ja-JP">熱伝達値</NameAlias></NameAliases><DefinitionAliases><DefinitionAlias lang="en" /><DefinitionAlias lang="ja-JP">室内暖房機の形に従って熱がどう伝えられるかを示します。</DefinitionAlias></DefinitionAliases></PropertyDef><PropertyDef ifdguid="14e6c700d20a11e1800000215ad4efdf"><Name>HeatTransferMedium</Name><Definition>Enumeration defining the heat transfer medium if applicable.</Definition><PropertyType><TypePropertyEnumeratedValue><EnumList name="PEnum_HeatTransferMedium"><EnumItem>WATER</EnumItem><EnumItem>STEAM</EnumItem><EnumItem>OTHER</EnumItem><EnumItem>NOTKNOWN</EnumItem><EnumItem>UNSET</EnumItem></EnumList><ConstantList><ConstantDef><Name>WATER</Name><NameAliases><NameAlias lang="en">Water</NameAlias></NameAliases><DefinitionAliases /></ConstantDef><ConstantDef><Name>STEAM</Name><NameAliases><NameAlias lang="en">Steam</NameAlias></NameAliases><DefinitionAliases /></ConstantDef><ConstantDef><Name>OTHER</Name><Definition>required category not on scale</Definition><NameAliases><NameAlias lang="en">(other)</NameAlias></NameAliases><DefinitionAliases><DefinitionAlias lang="en">Value is not listed.</DefinitionAlias></DefinitionAliases></ConstantDef><ConstantDef><Name>NOTKNOWN</Name><Definition>Value is unkown</Definition><NameAliases><NameAlias lang="en">(unknown)</NameAlias></NameAliases><DefinitionAliases><DefinitionAlias lang="en">Value is unknown.</DefinitionAlias></DefinitionAliases></ConstantDef><ConstantDef><Name>UNSET</Name><Definition>Value has not been specified</Definition><NameAliases><NameAlias lang="en">(unset)</NameAlias></NameAliases><DefinitionAliases><DefinitionAlias lang="en">Value has not been specified.</DefinitionAlias></DefinitionAliases></ConstantDef></ConstantList></TypePropertyEnumeratedValue></PropertyType><NameAliases><NameAlias lang="en">Heat Transfer Medium</NameAlias><NameAlias lang="ja-JP">熱媒体</NameAlias></NameAliases><DefinitionAliases><DefinitionAlias lang="en" /><DefinitionAlias lang="ja-JP">列挙体は熱媒体を必要に応じて定義します。</DefinitionAlias></DefinitionAliases></PropertyDef><PropertyDef ifdguid="216b1f80d20a11e1800000215ad4efdf"><Name>EnergySource</Name><Definition>Enumeration defining the energy source or fuel combusted to generate heat if applicable.  Note: hydronic heaters shall use UNSET; dual-use hydronic/electric heaters shall use ELECTRICITY.</Definition><PropertyType><TypePropertyEnumeratedValue><EnumList name="PEnum_EnergySource"><EnumItem>COAL</EnumItem><EnumItem>COAL_PULVERIZED</EnumItem><EnumItem>ELECTRICITY</EnumItem><EnumItem>GAS</EnumItem><EnumItem>OIL</EnumItem><EnumItem>PROPANE</EnumItem><EnumItem>WOOD</EnumItem><EnumItem>WOOD_CHIP</EnumItem><EnumItem>WOOD_PELLET</EnumItem><EnumItem>WOOD_PULVERIZED</EnumItem><EnumItem>OTHER</EnumItem><EnumItem>NOTKNOWN</EnumItem><EnumItem>UNSET</EnumItem></EnumList><ConstantList><ConstantDef><Name>COAL</Name><NameAliases><NameAlias lang="en">Coal</NameAlias></NameAliases><DefinitionAliases /></ConstantDef><ConstantDef><Name>COAL_PULVERIZED</Name><NameAliases><NameAlias lang="en">Coal Pulverized</NameAlias></NameAliases><DefinitionAliases /></ConstantDef><ConstantDef><Name>ELECTRICITY</Name><NameAliases><NameAlias lang="en">Electricity</NameAlias></NameAliases><DefinitionAliases /></ConstantDef><ConstantDef><Name>GAS</Name><NameAliases><NameAlias lang="en">Gas</NameAlias></NameAliases><DefinitionAliases /></ConstantDef><ConstantDef><Name>OIL</Name><NameAliases><NameAlias lang="en">Oil</NameAlias></NameAliases><DefinitionAliases /></ConstantDef><ConstantDef><Name>PROPANE</Name><NameAliases><NameAlias lang="en">Propane</NameAlias></NameAliases><DefinitionAliases /></ConstantDef><ConstantDef><Name>WOOD</Name><NameAliases><NameAlias lang="en">Wood</NameAlias></NameAliases><DefinitionAliases /></ConstantDef><ConstantDef><Name>WOOD_CHIP</Name><NameAliases><NameAlias lang="en">Wood Chip</NameAlias></NameAliases><DefinitionAliases /></ConstantDef><ConstantDef><Name>WOOD_PELLET</Name><NameAliases><NameAlias lang="en">Wood Pellet</NameAlias></NameAliases><DefinitionAliases /></ConstantDef><ConstantDef><Name>WOOD_PULVERIZED</Name><NameAliases><NameAlias lang="en">Wood Pulverized</NameAlias></NameAliases><DefinitionAliases /></ConstantDef><ConstantDef><Name>OTHER</Name><Definition>required category not on scale</Definition><NameAliases><NameAlias lang="en">(other)</NameAlias></NameAliases><DefinitionAliases><DefinitionAlias lang="en">Value is not listed.</DefinitionAlias></DefinitionAliases></ConstantDef><ConstantDef><Name>NOTKNOWN</Name><Definition>Value is unkown</Definition><NameAliases><NameAlias lang="en">(unknown)</NameAlias></NameAliases><DefinitionAliases><DefinitionAlias lang="en">Value is unknown.</DefinitionAlias></DefinitionAliases></ConstantDef><ConstantDef><Name>UNSET</Name><Definition>Value has not been specified</Definition><NameAliases><NameAlias lang="en">(unset)</NameAlias></NameAliases><DefinitionAliases><DefinitionAlias lang="en">Value has not been specified.</DefinitionAlias></DefinitionAliases></ConstantDef></ConstantList></TypePropertyEnumeratedValue></PropertyType><NameAliases><NameAlias lang="en">Energy Source</NameAlias><NameAlias lang="ja-JP">エネルギー源</NameAlias></NameAliases><DefinitionAliases><DefinitionAlias lang="en" /><DefinitionAlias lang="ja-JP">列挙型はエネルギー源や燃料該当する場合は熱を発生させる燃焼定義します。注：温水循環式のヒーターはunsetを使用してはならない。デュアル使用すると、温水循環式の電気ヒーターは電気を使用しなければならない。</DefinitionAlias></DefinitionAliases></PropertyDef><PropertyDef ifdguid="4f506400d20a11e1800000215ad4efdf"><Name>BodyMass</Name><Definition>Overall body mass of the heater.</Definition><PropertyType><TypePropertySingleValue><DataType type="IfcMassMeasure" /></TypePropertySingleValue></PropertyType><NameAliases><NameAlias lang="en">Body Mass</NameAlias><NameAlias lang="ja-JP">本体重量</NameAlias></NameAliases><DefinitionAliases><DefinitionAlias lang="en" /><DefinitionAlias lang="ja-JP">ヒーターの全体的な質量</DefinitionAlias></DefinitionAliases></PropertyDef><PropertyDef ifdguid="57a89f00d20a11e1800000215ad4efdf"><Name>ThermalMassHeatCapacity</Name><Definition>Product of component mass and specific heat.</Definition><PropertyType><TypePropertySingleValue><DataType type="IfcReal" /></TypePropertySingleValue></PropertyType><NameAliases><NameAlias lang="en">Thermal Mass Heat Capacity</NameAlias><NameAlias lang="ja-JP">保有熱容量</NameAlias></NameAliases><DefinitionAliases><DefinitionAlias lang="en" /><DefinitionAlias lang="ja-JP">質量あたりの熱容量</DefinitionAlias></DefinitionAliases></PropertyDef><PropertyDef ifdguid="5d9e8000d20a11e1800000215ad4efdf"><Name>OutputCapacity</Name><Definition>Total nominal heat output as listed by the manufacturer.</Definition><PropertyType><TypePropertySingleValue><DataType type="IfcPowerMeasure" /></TypePropertySingleValue></PropertyType><NameAliases><NameAlias lang="en">Output Capacity</NameAlias><NameAlias lang="ja-JP">出力</NameAlias></NameAliases><DefinitionAliases><DefinitionAlias lang="en" /><DefinitionAlias lang="ja-JP">メーカーによりリストアップされた公称熱出力</DefinitionAlias></DefinitionAliases></PropertyDef><PropertyDef ifdguid="63946100d20a11e1800000215ad4efdf"><Name>ThermalEfficiency</Name><Definition>Overall Thermal Efficiency is defined as gross energy output of the heat transfer device divided by the energy input.</Definition><PropertyType><TypePropertySingleValue><DataType type="IfcNormalisedRatioMeasure" /></TypePropertySingleValue></PropertyType><NameAliases><NameAlias lang="en">Thermal Efficiency</NameAlias><NameAlias lang="ja-JP">熱効率</NameAlias></NameAliases><DefinitionAliases><DefinitionAlias lang="en" /><DefinitionAlias lang="ja-JP">熱効率：熱伝導装置の総エネルギー出力/エネルギー入力として総合的な熱効率は定義される。</DefinitionAlias></DefinitionAliases></PropertyDef><PropertyDef ifdguid="6d1dc900d20a11e1800000215ad4efdf"><Name>NumberOfPanels</Name><Definition>Number of panels.</Definition><PropertyType><TypePropertySingleValue><DataType type="IfcInteger" /></TypePropertySingleValue></PropertyType><NameAliases><NameAlias lang="en">Number Of Panels</NameAlias><NameAlias lang="ja-JP">パネルの数</NameAlias></NameAliases><DefinitionAliases><DefinitionAlias lang="en" /><DefinitionAlias lang="ja-JP">パネルの数</DefinitionAlias></DefinitionAliases></PropertyDef><PropertyDef ifdguid="727b1380d20a11e1800000215ad4efdf"><Name>NumberOfSections</Name><Definition>Number of vertical sections, measured in the direction of flow.</Definition><PropertyType><TypePropertySingleValue><DataType type="IfcInteger" /></TypePropertySingleValue></PropertyType><NameAliases><NameAlias lang="en">Number Of Sections</NameAlias><NameAlias lang="ja-JP">セクションの数</NameAlias></NameAliases><DefinitionAliases><DefinitionAlias lang="en" /><DefinitionAlias lang="ja-JP">流れ方向で測定した垂直方向のセクションの数</DefinitionAlias></DefinitionAliases></PropertyDef></PropertyDefs><PsetDefinitionAliases><PsetDefinitionAlias lang="en" /><PsetDefinitionAlias lang="ja-JP">暖房用ヒーター共通属性　　　　　　　　　　　　　　　　　　　　　　　SoundLevel属性はIFC2x2付録で削除された。： IfcSoundPropertiesを代わりに使う　特性はIFC4を加えました</PsetDefinitionAlias></PsetDefinitionAliases></PropertySetDef>