﻿<?xml version="1.0" encoding="utf-8"?><PropertySetDef xmlns:xsi="http://www.w3.org/2001/XMLSchema-instance" xmlns:xsd="http://www.w3.org/2001/XMLSchema" ifdguid="6325c9728870fe63830e43b957d37338" templatetype="PSET_TYPEDRIVENOVERRIDE" xsi:noNamespaceSchemaLocation="http://buildingSMART-tech.org/xml/psd/PSD_IFC4.xsd" xmlns="http://buildingSMART-tech.org/xml/psd/PSD_IFC4.xsd"><IfcVersion version="IFC4X3_RC4" /><Name>Pset_SensorTypeSnowSensor</Name><Definition>Properties that are applicable for IfcSensor with predefined type SNOWDEPTHSENSOR.</Definition><Applicability /><ApplicableClasses><ClassName>IfcSensor/SNOWDEPTHSENSOR</ClassName></ApplicableClasses><ApplicableTypeValue>IfcSensor/SNOWDEPTHSENSOR</ApplicableTypeValue><PropertyDefs><PropertyDef ifdguid="36fbbd5e9a0749a489e2433845d1f752"><Name>MarginOfError</Name><Definition>Indicates the margin of error of the measurement.</Definition><PropertyType><TypePropertySingleValue><DataType type="IfcRatioMeasure" /></TypePropertySingleValue></PropertyType><NameAliases /><DefinitionAliases /></PropertyDef><PropertyDef ifdguid="801b8c3ae2f146b18351807027a8fdc2"><Name>SamplingFrequency</Name><Definition>Indicates the sampling frequency of the device.</Definition><PropertyType><TypePropertySingleValue><DataType type="IfcFrequencyMeasure" /></TypePropertySingleValue></PropertyType><NameAliases /><DefinitionAliases /></PropertyDef><PropertyDef ifdguid="c2e6a251241f476781b57924e0cbd3d2"><Name>DataCollectionType</Name><Definition>Indicates the type or manner of data collection.</Definition><PropertyType><TypePropertyEnumeratedValue><EnumList name="PEnum_DataCollectionType"><EnumItem>AUTOMATICANDCONTINUOUS</EnumItem><EnumItem>MANUALANDSINGLE</EnumItem><EnumItem>OTHER</EnumItem><EnumItem>NOTKNOWN</EnumItem><EnumItem>UNSET</EnumItem></EnumList><ConstantList><ConstantDef><Name>AUTOMATICANDCONTINUOUS</Name><NameAliases /><DefinitionAliases /></ConstantDef><ConstantDef><Name>MANUALANDSINGLE</Name><NameAliases /><DefinitionAliases /></ConstantDef><ConstantDef><Name>OTHER</Name><Definition>required category not on scale</Definition><NameAliases><NameAlias lang="en">(other)</NameAlias></NameAliases><DefinitionAliases><DefinitionAlias lang="en">Value is not listed.</DefinitionAlias></DefinitionAliases></ConstantDef><ConstantDef><Name>NOTKNOWN</Name><Definition>Value is unkown</Definition><NameAliases><NameAlias lang="en">(unknown)</NameAlias></NameAliases><DefinitionAliases><DefinitionAlias lang="en">Value is unknown.</DefinitionAlias></DefinitionAliases></ConstantDef><ConstantDef><Name>UNSET</Name><Definition>Value has not been specified</Definition><NameAliases><NameAlias lang="en">(unset)</NameAlias></NameAliases><DefinitionAliases><DefinitionAlias lang="en">Value has not been specified.</DefinitionAlias></DefinitionAliases></ConstantDef></ConstantList></TypePropertyEnumeratedValue></PropertyType><NameAliases /><DefinitionAliases /></PropertyDef><PropertyDef ifdguid="78bcc9963d004e76bb3d59bcb42c561e"><Name>ImageResolution</Name><Definition>Indicates the image resolution of snow depth meter.</Definition><PropertyType><TypePropertySingleValue><DataType type="IfcLabel" /></TypePropertySingleValue></PropertyType><NameAliases /><DefinitionAliases /></PropertyDef><PropertyDef ifdguid="0587dd6f82344bc090be235bd5b9c7c7"><Name>ImageShootingMode</Name><Definition>Indicates the type or manner of snow depth meter image shooting.</Definition><PropertyType><TypePropertyEnumeratedValue><EnumList name="PEnum_ImageShootingMode"><EnumItem>AUTOMATIC</EnumItem><EnumItem>MANUAL</EnumItem><EnumItem>OTHER</EnumItem><EnumItem>NOTKNOWN</EnumItem><EnumItem>UNSET</EnumItem></EnumList><ConstantList><ConstantDef><Name>AUTOMATIC</Name><NameAliases /><DefinitionAliases /></ConstantDef><ConstantDef><Name>MANUAL</Name><NameAliases /><DefinitionAliases /></ConstantDef><ConstantDef><Name>OTHER</Name><Definition>required category not on scale</Definition><NameAliases><NameAlias lang="en">(other)</NameAlias></NameAliases><DefinitionAliases><DefinitionAlias lang="en">Value is not listed.</DefinitionAlias></DefinitionAliases></ConstantDef><ConstantDef><Name>NOTKNOWN</Name><Definition>Value is unkown</Definition><NameAliases><NameAlias lang="en">(unknown)</NameAlias></NameAliases><DefinitionAliases><DefinitionAlias lang="en">Value is unknown.</DefinitionAlias></DefinitionAliases></ConstantDef><ConstantDef><Name>UNSET</Name><Definition>Value has not been specified</Definition><NameAliases><NameAlias lang="en">(unset)</NameAlias></NameAliases><DefinitionAliases><DefinitionAlias lang="en">Value has not been specified.</DefinitionAlias></DefinitionAliases></ConstantDef></ConstantList></TypePropertyEnumeratedValue></PropertyType><NameAliases /><DefinitionAliases /></PropertyDef><PropertyDef ifdguid="127c6270d73140ee82b584de2efc7886"><Name>SerialInterfaceType</Name><Definition>Indicates the type of serial interface used by the device.</Definition><PropertyType><TypePropertyEnumeratedValue><EnumList name="PEnum_SerialInterfaceType"><EnumItem>RS_232</EnumItem><EnumItem>RS_422</EnumItem><EnumItem>RS_485</EnumItem><EnumItem>OTHER</EnumItem><EnumItem>NOTKNOWN</EnumItem><EnumItem>UNSET</EnumItem></EnumList><ConstantList><ConstantDef><Name>RS_232</Name><Definition>Standard TIA/EIA-232 interface.</Definition><NameAliases /><DefinitionAliases /></ConstantDef><ConstantDef><Name>RS_422</Name><Definition>Standard TIA/EIA-422 interface.</Definition><NameAliases /><DefinitionAliases /></ConstantDef><ConstantDef><Name>RS_485</Name><Definition>Standard TIA-485(-A) or EIA-485 interface.</Definition><NameAliases /><DefinitionAliases /></ConstantDef><ConstantDef><Name>OTHER</Name><Definition>required category not on scale</Definition><NameAliases><NameAlias lang="en">(other)</NameAlias></NameAliases><DefinitionAliases><DefinitionAlias lang="en">Value is not listed.</DefinitionAlias></DefinitionAliases></ConstantDef><ConstantDef><Name>NOTKNOWN</Name><Definition>Value is unkown</Definition><NameAliases><NameAlias lang="en">(unknown)</NameAlias></NameAliases><DefinitionAliases><DefinitionAlias lang="en">Value is unknown.</DefinitionAlias></DefinitionAliases></ConstantDef><ConstantDef><Name>UNSET</Name><Definition>Value has not been specified</Definition><NameAliases><NameAlias lang="en">(unset)</NameAlias></NameAliases><DefinitionAliases><DefinitionAlias lang="en">Value has not been specified.</DefinitionAlias></DefinitionAliases></ConstantDef></ConstantList></TypePropertyEnumeratedValue></PropertyType><NameAliases /><DefinitionAliases /></PropertyDef><PropertyDef ifdguid="7283c909bc0640f4a36b908b5fab172c"><Name>LengthMeasureResolution</Name><Definition>Indicates the resolution for length measure of the device.</Definition><PropertyType><TypePropertySingleValue><DataType type="IfcLengthMeasure" /></TypePropertySingleValue></PropertyType><NameAliases /><DefinitionAliases /></PropertyDef><PropertyDef ifdguid="27fa39c16638483eacd62d475c952ee8"><Name>SnowSensorMeasureRange</Name><Definition>Indicates the measuring range of snow depth meter.</Definition><PropertyType><TypePropertyBoundedValue><DataType type="IfcLengthMeasure" /></TypePropertyBoundedValue></PropertyType><NameAliases /><DefinitionAliases /></PropertyDef><PropertyDef ifdguid="78b77555ea9b4defb5eee1621092733d"><Name>SnowSensorType</Name><Definition>Indicates the type of snow depth meter.</Definition><PropertyType><TypePropertyEnumeratedValue><EnumList name="PEnum_SnowSensorType"><EnumItem>LASERIRRADIATION</EnumItem><EnumItem>OTHER</EnumItem><EnumItem>NOTKNOWN</EnumItem><EnumItem>UNSET</EnumItem></EnumList><ConstantList><ConstantDef><Name>LASERIRRADIATION</Name><NameAliases /><DefinitionAliases /></ConstantDef><ConstantDef><Name>OTHER</Name><Definition>required category not on scale</Definition><NameAliases><NameAlias lang="en">(other)</NameAlias></NameAliases><DefinitionAliases><DefinitionAlias lang="en">Value is not listed.</DefinitionAlias></DefinitionAliases></ConstantDef><ConstantDef><Name>NOTKNOWN</Name><Definition>Value is unkown</Definition><NameAliases><NameAlias lang="en">(unknown)</NameAlias></NameAliases><DefinitionAliases><DefinitionAlias lang="en">Value is unknown.</DefinitionAlias></DefinitionAliases></ConstantDef><ConstantDef><Name>UNSET</Name><Definition>Value has not been specified</Definition><NameAliases><NameAlias lang="en">(unset)</NameAlias></NameAliases><DefinitionAliases><DefinitionAlias lang="en">Value has not been specified.</DefinitionAlias></DefinitionAliases></ConstantDef></ConstantList></TypePropertyEnumeratedValue></PropertyType><NameAliases /><DefinitionAliases /></PropertyDef></PropertyDefs><PsetDefinitionAliases /></PropertySetDef>