﻿<?xml version="1.0" encoding="utf-8"?><PropertySetDef xmlns:xsi="http://www.w3.org/2001/XMLSchema-instance" xmlns:xsd="http://www.w3.org/2001/XMLSchema" ifdguid="7200f4cec5ff4887863718bdc1f1cf1b" templatetype="PSET_TYPEDRIVENOVERRIDE" xsi:noNamespaceSchemaLocation="http://buildingSMART-tech.org/xml/psd/PSD_IFC4.xsd" xmlns="http://buildingSMART-tech.org/xml/psd/PSD_IFC4.xsd"><IfcVersion version="IFC4X3_RC4" /><Name>Pset_CableSegmentConnector</Name><Definition>Properties about cable connectors. This property set is applicable to a type or occurence of _IfcCableSegment_, indicated that the cable segment has one or two connectors affiliated.</Definition><Applicability /><ApplicableClasses><ClassName>IfcCableSegment</ClassName></ApplicableClasses><ApplicableTypeValue>IfcCableSegment</ApplicableTypeValue><PropertyDefs><PropertyDef ifdguid="3a02a38e980f4fb795f6e9cd54c0d6bf"><Name>ConnectorAColour</Name><Definition>Indicates the colour A- end of connector.</Definition><PropertyType><TypePropertySingleValue><DataType type="IfcLabel" /></TypePropertySingleValue></PropertyType><NameAliases /><DefinitionAliases /></PropertyDef><PropertyDef ifdguid="6676b7d291684e98a3b29698533d267c"><Name>ConnectorBColour</Name><Definition>Indicates the colour B- end of connector.</Definition><PropertyType><TypePropertySingleValue><DataType type="IfcLabel" /></TypePropertySingleValue></PropertyType><NameAliases /><DefinitionAliases /></PropertyDef><PropertyDef ifdguid="05beb0fad6d343a68fcb3b316e752d11"><Name>ConnectorAType</Name><Definition>Indicates the type of A-end connector.</Definition><PropertyType><TypePropertySingleValue><DataType type="IfcLabel" /></TypePropertySingleValue></PropertyType><NameAliases /><DefinitionAliases /></PropertyDef><PropertyDef ifdguid="bbb67de880ab4c9dbeeb94b5bdec0580"><Name>ConnectorBType</Name><Definition>Indicates the type of B-end connector.</Definition><PropertyType><TypePropertySingleValue><DataType type="IfcLabel" /></TypePropertySingleValue></PropertyType><NameAliases /><DefinitionAliases /></PropertyDef><PropertyDef ifdguid="fc7b6b05e077442da415ceee31659480"><Name>ConnectorAGender</Name><Definition>Indicates the gender of A-end connector.</Definition><PropertyType><TypePropertyEnumeratedValue><EnumList name="PEnum_DistributionPortGender"><EnumItem>MALE</EnumItem><EnumItem>FEMALE</EnumItem><EnumItem>OTHER</EnumItem><EnumItem>NOTKNOWN</EnumItem><EnumItem>UNSET</EnumItem></EnumList><ConstantList><ConstantDef><Name>MALE</Name><NameAliases><NameAlias lang="en">Male</NameAlias></NameAliases><DefinitionAliases /></ConstantDef><ConstantDef><Name>FEMALE</Name><NameAliases><NameAlias lang="en">Female</NameAlias></NameAliases><DefinitionAliases /></ConstantDef><ConstantDef><Name>OTHER</Name><Definition>required category not on scale</Definition><NameAliases><NameAlias lang="en">(other)</NameAlias></NameAliases><DefinitionAliases><DefinitionAlias lang="en">Value is not listed.</DefinitionAlias></DefinitionAliases></ConstantDef><ConstantDef><Name>NOTKNOWN</Name><Definition>Value is unkown</Definition><NameAliases><NameAlias lang="en">(unknown)</NameAlias></NameAliases><DefinitionAliases><DefinitionAlias lang="en">Value is unknown.</DefinitionAlias></DefinitionAliases></ConstantDef><ConstantDef><Name>UNSET</Name><Definition>Value has not been specified</Definition><NameAliases><NameAlias lang="en">(unset)</NameAlias></NameAliases><DefinitionAliases><DefinitionAlias lang="en">Value has not been specified.</DefinitionAlias></DefinitionAliases></ConstantDef></ConstantList></TypePropertyEnumeratedValue></PropertyType><NameAliases /><DefinitionAliases /></PropertyDef><PropertyDef ifdguid="ec2f463f7d0648dd84eb2d9b6bc15ccb"><Name>ConnectorBGender</Name><Definition>Indicates the gender of B-end connector.</Definition><PropertyType><TypePropertyEnumeratedValue><EnumList name="PEnum_DistributionPortGender"><EnumItem>MALE</EnumItem><EnumItem>FEMALE</EnumItem><EnumItem>OTHER</EnumItem><EnumItem>NOTKNOWN</EnumItem><EnumItem>UNSET</EnumItem></EnumList><ConstantList><ConstantDef><Name>MALE</Name><NameAliases><NameAlias lang="en">Male</NameAlias></NameAliases><DefinitionAliases /></ConstantDef><ConstantDef><Name>FEMALE</Name><NameAliases><NameAlias lang="en">Female</NameAlias></NameAliases><DefinitionAliases /></ConstantDef><ConstantDef><Name>OTHER</Name><Definition>required category not on scale</Definition><NameAliases><NameAlias lang="en">(other)</NameAlias></NameAliases><DefinitionAliases><DefinitionAlias lang="en">Value is not listed.</DefinitionAlias></DefinitionAliases></ConstantDef><ConstantDef><Name>NOTKNOWN</Name><Definition>Value is unkown</Definition><NameAliases><NameAlias lang="en">(unknown)</NameAlias></NameAliases><DefinitionAliases><DefinitionAlias lang="en">Value is unknown.</DefinitionAlias></DefinitionAliases></ConstantDef><ConstantDef><Name>UNSET</Name><Definition>Value has not been specified</Definition><NameAliases><NameAlias lang="en">(unset)</NameAlias></NameAliases><DefinitionAliases><DefinitionAlias lang="en">Value has not been specified.</DefinitionAlias></DefinitionAliases></ConstantDef></ConstantList></TypePropertyEnumeratedValue></PropertyType><NameAliases /><DefinitionAliases /></PropertyDef></PropertyDefs><PsetDefinitionAliases /></PropertySetDef>