﻿<?xml version="1.0" encoding="utf-8"?><PropertySetDef xmlns:xsi="http://www.w3.org/2001/XMLSchema-instance" xmlns:xsd="http://www.w3.org/2001/XMLSchema" ifdguid="68d3bd97bbd0d0b8e6c1f499940200ad" templatetype="PSET_TYPEDRIVENOVERRIDE" xsi:noNamespaceSchemaLocation="http://buildingSMART-tech.org/xml/psd/PSD_IFC4.xsd" xmlns="http://buildingSMART-tech.org/xml/psd/PSD_IFC4.xsd"><IfcVersion version="IFC4X3_RC4" /><Name>Pset_SensorTypeEarthquakeSensor</Name><Definition>Properties that are applicable for IfcSensor with predefined type EARTHQUAKESENSOR.</Definition><Applicability /><ApplicableClasses><ClassName>IfcSensor/EARTHQUAKESENSOR</ClassName></ApplicableClasses><ApplicableTypeValue>IfcSensor/EARTHQUAKESENSOR</ApplicableTypeValue><PropertyDefs><PropertyDef ifdguid="36fbbd5e9a0749a489e2433845d1f752"><Name>MarginOfError</Name><Definition>Indicates the margin of error of the measurement.</Definition><PropertyType><TypePropertySingleValue><DataType type="IfcRatioMeasure" /></TypePropertySingleValue></PropertyType><NameAliases /><DefinitionAliases /></PropertyDef><PropertyDef ifdguid="dace572928c84536ba2c2c566e2c6b91"><Name>LinearVelocityResolution</Name><Definition>Indicates the resolution of the detected linear velocity.</Definition><PropertyType><TypePropertySingleValue><DataType type="IfcLinearVelocityMeasure" /></TypePropertySingleValue></PropertyType><NameAliases /><DefinitionAliases /></PropertyDef><PropertyDef ifdguid="801b8c3ae2f146b18351807027a8fdc2"><Name>SamplingFrequency</Name><Definition>Indicates the sampling frequency of the device.</Definition><PropertyType><TypePropertySingleValue><DataType type="IfcFrequencyMeasure" /></TypePropertySingleValue></PropertyType><NameAliases /><DefinitionAliases /></PropertyDef><PropertyDef ifdguid="b43451f789594819a4aee48e70b790e9"><Name>WorkingState</Name><Definition>Indicates the working state of device or system.</Definition><PropertyType><TypePropertySingleValue><DataType type="IfcLabel" /></TypePropertySingleValue></PropertyType><NameAliases /><DefinitionAliases /></PropertyDef><PropertyDef ifdguid="c2e6a251241f476781b57924e0cbd3d2"><Name>DataCollectionType</Name><Definition>Indicates the type or manner of data collection.</Definition><PropertyType><TypePropertyEnumeratedValue><EnumList name="PEnum_DataCollectionType"><EnumItem>AUTOMATICANDCONTINUOUS</EnumItem><EnumItem>MANUALANDSINGLE</EnumItem><EnumItem>OTHER</EnumItem><EnumItem>NOTKNOWN</EnumItem><EnumItem>UNSET</EnumItem></EnumList><ConstantList><ConstantDef><Name>AUTOMATICANDCONTINUOUS</Name><NameAliases /><DefinitionAliases /></ConstantDef><ConstantDef><Name>MANUALANDSINGLE</Name><NameAliases /><DefinitionAliases /></ConstantDef><ConstantDef><Name>OTHER</Name><Definition>required category not on scale</Definition><NameAliases><NameAlias lang="en">(other)</NameAlias></NameAliases><DefinitionAliases><DefinitionAlias lang="en">Value is not listed.</DefinitionAlias></DefinitionAliases></ConstantDef><ConstantDef><Name>NOTKNOWN</Name><Definition>Value is unkown</Definition><NameAliases><NameAlias lang="en">(unknown)</NameAlias></NameAliases><DefinitionAliases><DefinitionAlias lang="en">Value is unknown.</DefinitionAlias></DefinitionAliases></ConstantDef><ConstantDef><Name>UNSET</Name><Definition>Value has not been specified</Definition><NameAliases><NameAlias lang="en">(unset)</NameAlias></NameAliases><DefinitionAliases><DefinitionAlias lang="en">Value has not been specified.</DefinitionAlias></DefinitionAliases></ConstantDef></ConstantList></TypePropertyEnumeratedValue></PropertyType><NameAliases /><DefinitionAliases /></PropertyDef><PropertyDef ifdguid="a82daca67557453ea64b9f55022f6ba6"><Name>DegreeOfLinearity</Name><Definition>Indicates the degree of linearity of the earthquake sensor or accelerometer.</Definition><PropertyType><TypePropertySingleValue><DataType type="IfcRatioMeasure" /></TypePropertySingleValue></PropertyType><NameAliases /><DefinitionAliases /></PropertyDef><PropertyDef ifdguid="7e178f1ecd344e5f8e5ea8536f5f40c2"><Name>DynamicRange</Name><Definition>Indicates the dynamic range of the sensor.</Definition><PropertyType><TypePropertyBoundedValue><DataType type="IfcLinearVelocityMeasure" /></TypePropertyBoundedValue></PropertyType><NameAliases /><DefinitionAliases /></PropertyDef><PropertyDef ifdguid="d22e127612ef4992a785f26a993462db"><Name>EarthquakeSensorRange</Name><Definition>Indicates the measuring range of the earthquake sensor or accelerometer.</Definition><PropertyType><TypePropertyBoundedValue><DataType type="IfcLinearVelocityMeasure" /></TypePropertyBoundedValue></PropertyType><NameAliases /><DefinitionAliases /></PropertyDef><PropertyDef ifdguid="a054ed54afc04aeebdae72065c142e93"><Name>FullScaleOutput</Name><Definition>Indicates the full scale output of the earthquake sensor or accelerometer.</Definition><PropertyType><TypePropertySingleValue><DataType type="IfcLinearVelocityMeasure" /></TypePropertySingleValue></PropertyType><NameAliases /><DefinitionAliases /></PropertyDef><PropertyDef ifdguid="127c6270d73140ee82b584de2efc7886"><Name>SerialInterfaceType</Name><Definition>Indicates the type of serial interface used by the device.</Definition><PropertyType><TypePropertyEnumeratedValue><EnumList name="PEnum_SerialInterfaceType"><EnumItem>RS_232</EnumItem><EnumItem>RS_422</EnumItem><EnumItem>RS_485</EnumItem><EnumItem>OTHER</EnumItem><EnumItem>NOTKNOWN</EnumItem><EnumItem>UNSET</EnumItem></EnumList><ConstantList><ConstantDef><Name>RS_232</Name><Definition>Standard TIA/EIA-232 interface.</Definition><NameAliases /><DefinitionAliases /></ConstantDef><ConstantDef><Name>RS_422</Name><Definition>Standard TIA/EIA-422 interface.</Definition><NameAliases /><DefinitionAliases /></ConstantDef><ConstantDef><Name>RS_485</Name><Definition>Standard TIA-485(-A) or EIA-485 interface.</Definition><NameAliases /><DefinitionAliases /></ConstantDef><ConstantDef><Name>OTHER</Name><Definition>required category not on scale</Definition><NameAliases><NameAlias lang="en">(other)</NameAlias></NameAliases><DefinitionAliases><DefinitionAlias lang="en">Value is not listed.</DefinitionAlias></DefinitionAliases></ConstantDef><ConstantDef><Name>NOTKNOWN</Name><Definition>Value is unkown</Definition><NameAliases><NameAlias lang="en">(unknown)</NameAlias></NameAliases><DefinitionAliases><DefinitionAlias lang="en">Value is unknown.</DefinitionAlias></DefinitionAliases></ConstantDef><ConstantDef><Name>UNSET</Name><Definition>Value has not been specified</Definition><NameAliases><NameAlias lang="en">(unset)</NameAlias></NameAliases><DefinitionAliases><DefinitionAlias lang="en">Value has not been specified.</DefinitionAlias></DefinitionAliases></ConstantDef></ConstantList></TypePropertyEnumeratedValue></PropertyType><NameAliases /><DefinitionAliases /></PropertyDef><PropertyDef ifdguid="7721fe53e01743759c92c5a483572b28"><Name>TransverseSensitivityRatio</Name><Definition>Indicates the transverse sensitivity ratio of the sensor.</Definition><PropertyType><TypePropertySingleValue><DataType type="IfcRatioMeasure" /></TypePropertySingleValue></PropertyType><NameAliases /><DefinitionAliases /></PropertyDef><PropertyDef ifdguid="e9be2d6c7e6d4c46b1edef03dd2d79be"><Name>EarthquakeSensorType</Name><Definition>Indicates the type of earthquake sensor or accelerometer.</Definition><PropertyType><TypePropertyEnumeratedValue><EnumList name="PEnum_EarthquakeSensorType"><EnumItem>2DIRECTION</EnumItem><EnumItem>3DIRECTION</EnumItem><EnumItem>OTHER</EnumItem><EnumItem>NOTKNOWN</EnumItem><EnumItem>UNSET</EnumItem></EnumList><ConstantList><ConstantDef><Name>2DIRECTION</Name><NameAliases /><DefinitionAliases /></ConstantDef><ConstantDef><Name>3DIRECTION</Name><NameAliases /><DefinitionAliases /></ConstantDef><ConstantDef><Name>OTHER</Name><Definition>required category not on scale</Definition><NameAliases><NameAlias lang="en">(other)</NameAlias></NameAliases><DefinitionAliases><DefinitionAlias lang="en">Value is not listed.</DefinitionAlias></DefinitionAliases></ConstantDef><ConstantDef><Name>NOTKNOWN</Name><Definition>Value is unkown</Definition><NameAliases><NameAlias lang="en">(unknown)</NameAlias></NameAliases><DefinitionAliases><DefinitionAlias lang="en">Value is unknown.</DefinitionAlias></DefinitionAliases></ConstantDef><ConstantDef><Name>UNSET</Name><Definition>Value has not been specified</Definition><NameAliases><NameAlias lang="en">(unset)</NameAlias></NameAliases><DefinitionAliases><DefinitionAlias lang="en">Value has not been specified.</DefinitionAlias></DefinitionAliases></ConstantDef></ConstantList></TypePropertyEnumeratedValue></PropertyType><NameAliases /><DefinitionAliases /></PropertyDef></PropertyDefs><PsetDefinitionAliases /></PropertySetDef>