﻿<?xml version="1.0" encoding="utf-8"?><PropertySetDef xmlns:xsi="http://www.w3.org/2001/XMLSchema-instance" xmlns:xsd="http://www.w3.org/2001/XMLSchema" ifdguid="0c1004de32e9630d0352ad7ae41c68b0" templatetype="PSET_TYPEDRIVENOVERRIDE" xsi:noNamespaceSchemaLocation="http://buildingSMART-tech.org/xml/psd/PSD_IFC4.xsd" xmlns="http://buildingSMART-tech.org/xml/psd/PSD_IFC4.xsd"><IfcVersion version="IFC4X3_RC4" /><Name>Pset_ElementAssemblyTypeSupportingAssembly</Name><Definition>Energy supporting assembly properties used in railway. The property set can be used by the predefined type SUPPORTING_ASSEMBLY of IfcElementAssembly.</Definition><Applicability /><ApplicableClasses><ClassName>IfcElementAssembly/SUPPORTINGASSEMBLY</ClassName></ApplicableClasses><ApplicableTypeValue>IfcElementAssembly/SUPPORTINGASSEMBLY</ApplicableTypeValue><PropertyDefs><PropertyDef ifdguid="945055dd524949faa1ec589b32d1fff8"><Name>NumberOfCantilevers</Name><Definition>Indicates the number of cantilevers in the OCS supporting system.</Definition><PropertyType><TypePropertySingleValue><DataType type="IfcInteger" /></TypePropertySingleValue></PropertyType><NameAliases /><DefinitionAliases /></PropertyDef><PropertyDef ifdguid="e0523ee04d884cb18e3edf986764a7a7"><Name>TypeOfSupportingSystem</Name><Definition>Type of foundation in the OCS supporting system.</Definition><PropertyType><TypePropertyEnumeratedValue><EnumList name="PEnum_SupportingSystemType"><EnumItem>ENDCATENARYSUPPORT</EnumItem><EnumItem>HEADSPANSUPPORT</EnumItem><EnumItem>HERSE</EnumItem><EnumItem>MULTITRACKSUPPORT</EnumItem><EnumItem>RIGIDGANTRY</EnumItem><EnumItem>SIMPLESUPPORT</EnumItem><EnumItem>OTHER</EnumItem><EnumItem>NOTKNOWN</EnumItem><EnumItem>UNSET</EnumItem></EnumList><ConstantList><ConstantDef><Name>ENDCATENARYSUPPORT</Name><Definition>End catenary supporting assembly.</Definition><NameAliases /><DefinitionAliases /></ConstantDef><ConstantDef><Name>HEADSPANSUPPORT</Name><Definition>Headspan supporting assembly.</Definition><NameAliases /><DefinitionAliases /></ConstantDef><ConstantDef><Name>HERSE</Name><Definition>Herse supporting assembly.</Definition><NameAliases /><DefinitionAliases /></ConstantDef><ConstantDef><Name>MULTITRACKSUPPORT</Name><Definition>Multitrack supporting assembly.</Definition><NameAliases /><DefinitionAliases /></ConstantDef><ConstantDef><Name>RIGIDGANTRY</Name><Definition>Rigid gantry supporting assembly.</Definition><NameAliases /><DefinitionAliases /></ConstantDef><ConstantDef><Name>SIMPLESUPPORT</Name><Definition>Simple support for catenary assembly.</Definition><NameAliases /><DefinitionAliases /></ConstantDef><ConstantDef><Name>OTHER</Name><Definition>required category not on scale</Definition><NameAliases><NameAlias lang="en">(other)</NameAlias></NameAliases><DefinitionAliases><DefinitionAlias lang="en">Value is not listed.</DefinitionAlias></DefinitionAliases></ConstantDef><ConstantDef><Name>NOTKNOWN</Name><Definition>Value is unkown</Definition><NameAliases><NameAlias lang="en">(unknown)</NameAlias></NameAliases><DefinitionAliases><DefinitionAlias lang="en">Value is unknown.</DefinitionAlias></DefinitionAliases></ConstantDef><ConstantDef><Name>UNSET</Name><Definition>Value has not been specified</Definition><NameAliases><NameAlias lang="en">(unset)</NameAlias></NameAliases><DefinitionAliases><DefinitionAlias lang="en">Value has not been specified.</DefinitionAlias></DefinitionAliases></ConstantDef></ConstantList></TypePropertyEnumeratedValue></PropertyType><NameAliases /><DefinitionAliases /></PropertyDef></PropertyDefs><PsetDefinitionAliases /></PropertySetDef>