﻿<?xml version="1.0" encoding="utf-8"?><PropertySetDef xmlns:xsi="http://www.w3.org/2001/XMLSchema-instance" xmlns:xsd="http://www.w3.org/2001/XMLSchema" ifdguid="b6691b00d20011e1800000215ad4efdf" templatetype="PSET_TYPEDRIVENOVERRIDE" xsi:noNamespaceSchemaLocation="http://buildingSMART-tech.org/xml/psd/PSD_IFC4.xsd" xmlns="http://buildingSMART-tech.org/xml/psd/PSD_IFC4.xsd"><IfcVersion version="IFC4X3_RC4" /><Name>Pset_ReinforcementBarPitchOfWall</Name><Definition>The pitch length information of reinforcement  bar with the wall.</Definition><Applicability /><ApplicableClasses><ClassName>IfcWall</ClassName></ApplicableClasses><ApplicableTypeValue>IfcWall</ApplicableTypeValue><PropertyDefs><PropertyDef ifdguid="bbc66580d20011e1800000215ad4efdf"><Name>Description</Name><Definition>Description of the reinforcement.</Definition><PropertyType><TypePropertySingleValue><DataType type="IfcText" /></TypePropertySingleValue></PropertyType><NameAliases><NameAlias lang="en">Description</NameAlias><NameAlias lang="ja-JP">説明</NameAlias></NameAliases><DefinitionAliases><DefinitionAlias lang="en" /><DefinitionAlias lang="ja-JP">鉄筋の説明。</DefinitionAlias></DefinitionAliases></PropertyDef><PropertyDef ifdguid="c1bc4680d20011e1800000215ad4efdf"><Name>Reference</Name><Definition>A descriptive label for the general reinforcement type.</Definition><PropertyType><TypePropertySingleValue><DataType type="IfcLabel" /></TypePropertySingleValue></PropertyType><NameAliases><NameAlias lang="en">Reference</NameAlias><NameAlias lang="ja-JP">参照記号</NameAlias></NameAliases><DefinitionAliases><DefinitionAlias lang="en" /><DefinitionAlias lang="ja-JP">一般的な鉄筋タイプの説明ラベル。
（例えば、壁の外側・内側で鉄筋間隔が異なる場合に、"Outside","Inside"を記述する）</DefinitionAlias></DefinitionAliases></PropertyDef><PropertyDef ifdguid="c84abe00d20011e1800000215ad4efdf"><Name>BarAllocationType</Name><Definition>Defines the type of the reinforcement bar allocation.</Definition><PropertyType><TypePropertyEnumeratedValue><EnumList name="PEnum_ReinforcementBarAllocationType"><EnumItem>SINGLE</EnumItem><EnumItem>DOUBLE</EnumItem><EnumItem>ALTERNATE</EnumItem><EnumItem>OTHER</EnumItem><EnumItem>USERDEFINED</EnumItem><EnumItem>NOTDEFINED</EnumItem></EnumList><ConstantList><ConstantDef><Name>SINGLE</Name><NameAliases><NameAlias lang="en">Single</NameAlias></NameAliases><DefinitionAliases /></ConstantDef><ConstantDef><Name>DOUBLE</Name><NameAliases><NameAlias lang="en">Double</NameAlias></NameAliases><DefinitionAliases /></ConstantDef><ConstantDef><Name>ALTERNATE</Name><NameAliases><NameAlias lang="en">Alternate</NameAlias></NameAliases><DefinitionAliases /></ConstantDef><ConstantDef><Name>OTHER</Name><Definition>required category not on scale</Definition><NameAliases><NameAlias lang="en">(other)</NameAlias></NameAliases><DefinitionAliases><DefinitionAlias lang="en">Value is not listed.</DefinitionAlias></DefinitionAliases></ConstantDef><ConstantDef><Name>USERDEFINED</Name><NameAliases><NameAlias lang="en">User Defined</NameAlias></NameAliases><DefinitionAliases /></ConstantDef><ConstantDef><Name>NOTDEFINED</Name><NameAliases><NameAlias lang="en">Notdefined</NameAlias></NameAliases><DefinitionAliases /></ConstantDef></ConstantList></TypePropertyEnumeratedValue></PropertyType><NameAliases><NameAlias lang="en">Bar Allocation Type</NameAlias><NameAlias lang="ja-JP">配筋タイプ</NameAlias></NameAliases><DefinitionAliases><DefinitionAlias lang="en" /><DefinitionAlias lang="ja-JP">配筋タイプの定義。</DefinitionAlias></DefinitionAliases></PropertyDef><PropertyDef ifdguid="d698da00d20011e1800000215ad4efdf"><Name>VerticalBarPitch</Name><Definition>The pitch length of the vertical bar.</Definition><PropertyType><TypePropertySingleValue><DataType type="IfcPositiveLengthMeasure" /></TypePropertySingleValue></PropertyType><NameAliases><NameAlias lang="en">Vertical Bar Pitch</NameAlias><NameAlias lang="ja-JP">縦筋ピッチ</NameAlias></NameAliases><DefinitionAliases><DefinitionAlias lang="en" /><DefinitionAlias lang="ja-JP">鉛直方向の補強筋の間隔。</DefinitionAlias></DefinitionAliases></PropertyDef><PropertyDef ifdguid="de587e80d20011e1800000215ad4efdf"><Name>HorizontalBarPitch</Name><Definition>The pitch length of the horizontal bar.</Definition><PropertyType><TypePropertySingleValue><DataType type="IfcPositiveLengthMeasure" /></TypePropertySingleValue></PropertyType><NameAliases><NameAlias lang="en">Horizontal Bar Pitch</NameAlias><NameAlias lang="ja-JP">横筋ピッチ</NameAlias></NameAliases><DefinitionAliases><DefinitionAlias lang="en" /><DefinitionAlias lang="ja-JP">水平方向の補強筋の間隔。</DefinitionAlias></DefinitionAliases></PropertyDef><PropertyDef ifdguid="e7495000d20011e1800000215ad4efdf"><Name>SpacingBarPitch</Name><Definition>The pitch length of the spacing bar.</Definition><PropertyType><TypePropertySingleValue><DataType type="IfcPositiveLengthMeasure" /></TypePropertySingleValue></PropertyType><NameAliases><NameAlias lang="en">Spacing Bar Pitch</NameAlias><NameAlias lang="ja-JP">巾止筋ピッチ</NameAlias></NameAliases><DefinitionAliases><DefinitionAlias lang="en" /><DefinitionAlias lang="ja-JP">巾止筋の間隔。</DefinitionAlias></DefinitionAliases></PropertyDef></PropertyDefs><PsetDefinitionAliases><PsetDefinitionAlias lang="en" /><PsetDefinitionAlias lang="ja-JP">壁における補強筋のピッチ長さ情報。</PsetDefinitionAlias></PsetDefinitionAliases></PropertySetDef>