﻿<?xml version="1.0" encoding="utf-8"?><PropertySetDef xmlns:xsi="http://www.w3.org/2001/XMLSchema-instance" xmlns:xsd="http://www.w3.org/2001/XMLSchema" ifdguid="0be10000d1e011e1800000215ad4efdf" templatetype="PSET_TYPEDRIVENOVERRIDE" xsi:noNamespaceSchemaLocation="http://buildingSMART-tech.org/xml/psd/PSD_IFC4.xsd" xmlns="http://buildingSMART-tech.org/xml/psd/PSD_IFC4.xsd"><IfcVersion version="IFC4X3_RC4" /><Name>Pset_ElectricFlowStorageDeviceTypeCommon</Name><Definition>The characteristics of the supply associated with an electrical device occurrence acting as a source of supply to an electrical distribution system NOTE: Properties within this property set should ONLY be used in circumstances when an electrical supply is applied. The property set, the properties contained and their values are not applicable to a circumstance where the sypply  is not being applied to the eletrical system or is temporarily disconnected. All properties within this property set are considered to represent a steady state situation.</Definition><Applicability /><ApplicableClasses><ClassName>IfcElectricFlowStorageDevice</ClassName></ApplicableClasses><ApplicableTypeValue>IfcElectricFlowStorageDevice</ApplicableTypeValue><PropertyDefs><PropertyDef ifdguid="10a5b400d1e011e1800000215ad4efdf"><Name>Reference</Name><Definition>Reference ID for this specified type in this project (e.g. type 'A-1'), provided, if there is no classification reference to a recognized classification system used.</Definition><PropertyType><TypePropertySingleValue><DataType type="IfcIdentifier" /></TypePropertySingleValue></PropertyType><NameAliases><NameAlias lang="en">Reference</NameAlias><NameAlias lang="ja-JP">参照</NameAlias><NameAlias lang="ko-KR">참조</NameAlias></NameAliases><DefinitionAliases><DefinitionAlias lang="en" /><DefinitionAlias lang="ja-JP">当該プロジェクトで定義する形式の参照ID（例：A-1)、承認された分類に存在しないときに使用される。</DefinitionAlias><DefinitionAlias lang="ko-KR">해당 프로젝트에 정의된 형식의 참조 ID (예 : A-1) 승인된 분류에 존재하지 않을 때 사용된다.</DefinitionAlias></DefinitionAliases></PropertyDef><PropertyDef ifdguid="17342b80d1e011e1800000215ad4efdf"><Name>Status</Name><Definition>Status of the element, predominately used in renovation or retrofitting projects. The status can be assigned to as "New" - element designed as new addition, "Existing" - element exists and remains, "Demolish" - element existed but is to be demolished,  "Temporary" - element will exists only temporary (like a temporary support structure).</Definition><PropertyType><TypePropertyEnumeratedValue><EnumList name="PEnum_ElementStatus"><EnumItem>NEW</EnumItem><EnumItem>EXISTING</EnumItem><EnumItem>DEMOLISH</EnumItem><EnumItem>TEMPORARY</EnumItem><EnumItem>OTHER</EnumItem><EnumItem>NOTKNOWN</EnumItem><EnumItem>UNSET</EnumItem></EnumList><ConstantList><ConstantDef><Name>NEW</Name><Definition>element designed as new addition</Definition><NameAliases><NameAlias lang="en">New</NameAlias></NameAliases><DefinitionAliases /></ConstantDef><ConstantDef><Name>EXISTING</Name><Definition>element exists and is to remain</Definition><NameAliases><NameAlias lang="en">Existing</NameAlias></NameAliases><DefinitionAliases /></ConstantDef><ConstantDef><Name>DEMOLISH</Name><Definition>element exists but is to be demolished</Definition><NameAliases><NameAlias lang="en">Demolish</NameAlias></NameAliases><DefinitionAliases /></ConstantDef><ConstantDef><Name>TEMPORARY</Name><Definition>element will exist only temporarily (such as a temporary support structure)</Definition><NameAliases><NameAlias lang="en">Temporary</NameAlias></NameAliases><DefinitionAliases /></ConstantDef><ConstantDef><Name>OTHER</Name><Definition>required category not on scale</Definition><NameAliases><NameAlias lang="en">(other)</NameAlias></NameAliases><DefinitionAliases><DefinitionAlias lang="en">Value is not listed.</DefinitionAlias></DefinitionAliases></ConstantDef><ConstantDef><Name>NOTKNOWN</Name><Definition>Value is unkown</Definition><NameAliases><NameAlias lang="en">(unknown)</NameAlias></NameAliases><DefinitionAliases><DefinitionAlias lang="en">Value is unknown.</DefinitionAlias></DefinitionAliases></ConstantDef><ConstantDef><Name>UNSET</Name><Definition>Value has not been specified</Definition><NameAliases><NameAlias lang="en">(unset)</NameAlias></NameAliases><DefinitionAliases><DefinitionAlias lang="en">Value has not been specified.</DefinitionAlias></DefinitionAliases></ConstantDef></ConstantList></TypePropertyEnumeratedValue></PropertyType><NameAliases><NameAlias lang="en">Status</NameAlias><NameAlias lang="ja-JP">状態</NameAlias></NameAliases><DefinitionAliases><DefinitionAlias lang="en" /><DefinitionAlias lang="ja-JP">要素（主にリノベーションまたは改修プロジェクトにおいて）の状態。 状態は、「新規(New)」－新しく追加される要素。「既存」－要素は存在し、かつ残りもの。「破壊」－要素は存在したが、廃棄されるもの。「一時的」－一時的に存在する要素（一時的にサポートしている構造のようなもの）。</DefinitionAlias></DefinitionAliases></PropertyDef><PropertyDef ifdguid="2915ce80d1e011e1800000215ad4efdf"><Name>NominalSupplyVoltage</Name><Definition>The nominal voltage of the supply.</Definition><PropertyType><TypePropertySingleValue><DataType type="IfcElectricVoltageMeasure" /></TypePropertySingleValue></PropertyType><NameAliases><NameAlias lang="en">Nominal Supply Voltage</NameAlias><NameAlias lang="ja-JP">公称電圧</NameAlias><NameAlias lang="ko-KR">공칭 주파수</NameAlias></NameAliases><DefinitionAliases><DefinitionAlias lang="en" /><DefinitionAlias lang="ja-JP">電源の公称電圧。</DefinitionAlias><DefinitionAlias lang="ko-KR">전원 공칭 주파수</DefinitionAlias></DefinitionAliases></PropertyDef><PropertyDef ifdguid="2e731900d1e011e1800000215ad4efdf"><Name>NominalSupplyVoltageOffset</Name><Definition>The maximum and minimum allowed voltage of the supply e.g. boundaries of 380V/440V may be applied for a nominal voltage of 400V.</Definition><PropertyType><TypePropertyBoundedValue><DataType type="IfcElectricVoltageMeasure" /></TypePropertyBoundedValue></PropertyType><NameAliases><NameAlias lang="en">Nominal Supply Voltage Offset</NameAlias><NameAlias lang="ja-JP">オフセット公称電圧</NameAlias><NameAlias lang="ko-KR">옵셋 공칭 전압</NameAlias></NameAliases><DefinitionAliases><DefinitionAlias lang="en" /><DefinitionAlias lang="ja-JP">電源の最大値と最小許容電圧。たとえば380V/440Vの境界は400Vの公称電圧に適用される。</DefinitionAlias><DefinitionAlias lang="ko-KR">전원 최대 및 최소 허용 전압 예 : 380V/440V 경계는 400V의 정격 전압에 적용된다.</DefinitionAlias></DefinitionAliases></PropertyDef><PropertyDef ifdguid="359a2700d1e011e1800000215ad4efdf"><Name>NominalFrequency</Name><Definition>The nominal frequency of the supply.</Definition><PropertyType><TypePropertySingleValue><DataType type="IfcFrequencyMeasure" /></TypePropertySingleValue></PropertyType><NameAliases><NameAlias lang="en">Nominal Frequency</NameAlias><NameAlias lang="ja-JP">公称周波数</NameAlias><NameAlias lang="ko-KR">공칭 주파수</NameAlias></NameAliases><DefinitionAliases><DefinitionAlias lang="en" /><DefinitionAlias lang="ja-JP">電源の公称周波数。</DefinitionAlias><DefinitionAlias lang="ko-KR">전원 공칭 주파수.</DefinitionAlias></DefinitionAliases></PropertyDef><PropertyDef ifdguid="3df26200d1e011e1800000215ad4efdf"><Name>ConnectedConductorFunction</Name><Definition>Function of the conductors to which the load is connected.</Definition><PropertyType><TypePropertyEnumeratedValue><EnumList name="PEnum_ConductorFunctionEnum"><EnumItem>PHASE_L1</EnumItem><EnumItem>PHASE_L2</EnumItem><EnumItem>PHASE_L3</EnumItem><EnumItem>NEUTRAL</EnumItem><EnumItem>PROTECTIVEEARTH</EnumItem><EnumItem>PROTECTIVEEARTHNEUTRAL</EnumItem><EnumItem>OTHER</EnumItem><EnumItem>NOTKNOWN</EnumItem><EnumItem>UNSET</EnumItem></EnumList><ConstantList><ConstantDef><Name>PHASE_L1</Name><NameAliases><NameAlias lang="en">Phase L1</NameAlias></NameAliases><DefinitionAliases /></ConstantDef><ConstantDef><Name>PHASE_L2</Name><NameAliases><NameAlias lang="en">Phase L2</NameAlias></NameAliases><DefinitionAliases /></ConstantDef><ConstantDef><Name>PHASE_L3</Name><NameAliases><NameAlias lang="en">Phase L3</NameAlias></NameAliases><DefinitionAliases /></ConstantDef><ConstantDef><Name>NEUTRAL</Name><NameAliases><NameAlias lang="en">Neutral</NameAlias></NameAliases><DefinitionAliases /></ConstantDef><ConstantDef><Name>PROTECTIVEEARTH</Name><NameAliases><NameAlias lang="en">Protective Earth</NameAlias></NameAliases><DefinitionAliases /></ConstantDef><ConstantDef><Name>PROTECTIVEEARTHNEUTRAL</Name><NameAliases><NameAlias lang="en">Protective Earth Neutral</NameAlias></NameAliases><DefinitionAliases /></ConstantDef><ConstantDef><Name>OTHER</Name><Definition>required category not on scale</Definition><NameAliases><NameAlias lang="en">(other)</NameAlias></NameAliases><DefinitionAliases><DefinitionAlias lang="en">Value is not listed.</DefinitionAlias></DefinitionAliases></ConstantDef><ConstantDef><Name>NOTKNOWN</Name><Definition>Value is unkown</Definition><NameAliases><NameAlias lang="en">(unknown)</NameAlias></NameAliases><DefinitionAliases><DefinitionAlias lang="en">Value is unknown.</DefinitionAlias></DefinitionAliases></ConstantDef><ConstantDef><Name>UNSET</Name><Definition>Value has not been specified</Definition><NameAliases><NameAlias lang="en">(unset)</NameAlias></NameAliases><DefinitionAliases><DefinitionAlias lang="en">Value has not been specified.</DefinitionAlias></DefinitionAliases></ConstantDef></ConstantList></TypePropertyEnumeratedValue></PropertyType><NameAliases><NameAlias lang="en">Connected Conductor Function</NameAlias><NameAlias lang="ja-JP">接続導体機能</NameAlias><NameAlias lang="ko-KR">연결 도체 기능</NameAlias></NameAliases><DefinitionAliases><DefinitionAlias lang="en" /><DefinitionAlias lang="ja-JP">導体の機能は負荷が接続された状態。</DefinitionAlias><DefinitionAlias lang="ko-KR">도체의 기능은 부하가 연결된 상태.</DefinitionAlias></DefinitionAliases></PropertyDef><PropertyDef ifdguid="51053200d1e011e1800000215ad4efdf"><Name>ShortCircuit3PoleMaximumState</Name><Definition>Maximum 3 pole short circuit current provided at the point of supply.</Definition><PropertyType><TypePropertySingleValue><DataType type="IfcElectricCurrentMeasure" /></TypePropertySingleValue></PropertyType><NameAliases><NameAlias lang="en">Short Circuit3 Pole Maximum State</NameAlias><NameAlias lang="ja-JP">3極最大短絡電流</NameAlias><NameAlias lang="ko-KR">3 극 최대 단락 전류</NameAlias></NameAliases><DefinitionAliases><DefinitionAlias lang="en" /><DefinitionAlias lang="ja-JP">電源供給時点の3極最大短絡電流。</DefinitionAlias><DefinitionAlias lang="ko-KR">전원 공급 시점의 3 극 최대 단락 전류.</DefinitionAlias></DefinitionAliases></PropertyDef><PropertyDef ifdguid="56fb1300d1e011e1800000215ad4efdf"><Name>ShortCircuit3PolePowerFactorMaximumState</Name><Definition>Power factor of the maximum 3 pole short circuit current provided at the point of supply.</Definition><PropertyType><TypePropertySingleValue><DataType type="IfcReal" /></TypePropertySingleValue></PropertyType><NameAliases><NameAlias lang="en">Short Circuit3 Pole Power Factor Maximum State</NameAlias><NameAlias lang="ja-JP">3極最大短絡電流力率</NameAlias><NameAlias lang="ko-KR">3 극 최대 단락 전류 역률</NameAlias></NameAliases><DefinitionAliases><DefinitionAlias lang="en" /><DefinitionAlias lang="ja-JP">電源供給時点の3極最大短絡電流力率。</DefinitionAlias><DefinitionAlias lang="ko-KR">전원 공급 시점의 3 극 최대 단락 전류 역률.</DefinitionAlias></DefinitionAliases></PropertyDef><PropertyDef ifdguid="5c585d80d1e011e1800000215ad4efdf"><Name>ShortCircuit2PoleMinimumState</Name><Definition>Minimum 2 pole short circuit current provided at the point of supply.</Definition><PropertyType><TypePropertySingleValue><DataType type="IfcElectricCurrentMeasure" /></TypePropertySingleValue></PropertyType><NameAliases><NameAlias lang="en">Short Circuit2 Pole Minimum State</NameAlias><NameAlias lang="ja-JP">2極最小短絡電流</NameAlias><NameAlias lang="ko-KR">2 극 최소 단락 전류</NameAlias></NameAliases><DefinitionAliases><DefinitionAlias lang="en" /><DefinitionAlias lang="ja-JP">電源供給時点の2極最小短絡電流。</DefinitionAlias><DefinitionAlias lang="ko-KR">전원 공급 시점의 양극 최소 단락 전류.</DefinitionAlias></DefinitionAliases></PropertyDef><PropertyDef ifdguid="64b09880d1e011e1800000215ad4efdf"><Name>ShortCircuit2PolePowerFactorMinimumState</Name><Definition>Power factor of the minimum 2 pole short circuit current provided at the point of supply.</Definition><PropertyType><TypePropertySingleValue><DataType type="IfcReal" /></TypePropertySingleValue></PropertyType><NameAliases><NameAlias lang="en">Short Circuit2 Pole Power Factor Minimum State</NameAlias><NameAlias lang="ja-JP">2極最小短絡電流力率</NameAlias><NameAlias lang="ko-KR">2 극 최소 단락 전류 역률</NameAlias></NameAliases><DefinitionAliases><DefinitionAlias lang="en" /><DefinitionAlias lang="ja-JP">電源供給時点の2極最小短絡電流力率。</DefinitionAlias><DefinitionAlias lang="ko-KR">전원 공급 시점의 양극 최소 단락 전류 역률.</DefinitionAlias></DefinitionAliases></PropertyDef><PropertyDef ifdguid="76923b80d1e011e1800000215ad4efdf"><Name>ShortCircuit1PoleMaximumState</Name><Definition>Maximum 1 pole short circuit current provided at the point of supply i.e. the fault between 1 phase and N.</Definition><PropertyType><TypePropertySingleValue><DataType type="IfcElectricCurrentMeasure" /></TypePropertySingleValue></PropertyType><NameAliases><NameAlias lang="en">Short Circuit1 Pole Maximum State</NameAlias><NameAlias lang="ja-JP">1極最大短絡電流</NameAlias><NameAlias lang="ko-KR">1 극 최대 단락 전류</NameAlias></NameAliases><DefinitionAliases><DefinitionAlias lang="en" /><DefinitionAlias lang="ja-JP">電源供給時点の点1相とN間の1極最大短絡電流。</DefinitionAlias><DefinitionAlias lang="ko-KR">전원 공급 시점 점 1 단계와 N 사이의 1 극 최대 단락 전류 역률.</DefinitionAlias></DefinitionAliases></PropertyDef><PropertyDef ifdguid="7db94980d1e011e1800000215ad4efdf"><Name>ShortCircuit1PolePowerFactorMaximumState</Name><Definition>Power factor of the maximum 1 pole short circuit current provided at the point of supply i.e. the fault between 1 phase and N.</Definition><PropertyType><TypePropertySingleValue><DataType type="IfcReal" /></TypePropertySingleValue></PropertyType><NameAliases><NameAlias lang="en">Short Circuit1 Pole Power Factor Maximum State</NameAlias><NameAlias lang="ja-JP">1極最大短絡電流力率</NameAlias><NameAlias lang="ko-KR">1 극 최대 단락 전류 역률</NameAlias></NameAliases><DefinitionAliases><DefinitionAlias lang="en" /><DefinitionAlias lang="ja-JP">電源供給時点の点1相とN間の1極最大短絡電流力率。</DefinitionAlias><DefinitionAlias lang="ko-KR">전원 공급 시점 점 1 단계와 N 사이의 1 극 최대 단락 전류 역률.</DefinitionAlias></DefinitionAliases></PropertyDef><PropertyDef ifdguid="83af2a80d1e011e1800000215ad4efdf"><Name>ShortCircuit1PoleMinimumState</Name><Definition>Minimum 1 pole short circuit current provided at the point of supply i.e. the fault between 1 phase and N.</Definition><PropertyType><TypePropertySingleValue><DataType type="IfcElectricCurrentMeasure" /></TypePropertySingleValue></PropertyType><NameAliases><NameAlias lang="en">Short Circuit1 Pole Minimum State</NameAlias><NameAlias lang="ja-JP">1極最小短絡電流</NameAlias><NameAlias lang="ko-KR">1 극 최소 단락 전류</NameAlias></NameAliases><DefinitionAliases><DefinitionAlias lang="en" /><DefinitionAlias lang="ja-JP">電源供給時点の点1相とN間の1極最小短絡電流。</DefinitionAlias><DefinitionAlias lang="ko-KR">전원 공급 시점 점 1 단계와 N 사이의 1 극 최소 단락 전류.</DefinitionAlias></DefinitionAliases></PropertyDef><PropertyDef ifdguid="890c7500d1e011e1800000215ad4efdf"><Name>ShortCircuit1PolePowerFactorMinimumState</Name><Definition>Power factor of the minimum 1 pole short circuit current provided at the point of supply i.e. the fault between 1 phase and N.</Definition><PropertyType><TypePropertySingleValue><DataType type="IfcReal" /></TypePropertySingleValue></PropertyType><NameAliases><NameAlias lang="en">Short Circuit1 Pole Power Factor Minimum State</NameAlias><NameAlias lang="ja-JP">1極最小短絡電流力率</NameAlias><NameAlias lang="ko-KR">1 극 최소 단락 전류 역률</NameAlias></NameAliases><DefinitionAliases><DefinitionAlias lang="en" /><DefinitionAlias lang="ja-JP">電源供給時点の点1相とN間の1極最小短絡電流力率。</DefinitionAlias><DefinitionAlias lang="ko-KR">전원 공급 시점 점 1 단계와 N 사이의 1 극 최소 단락 전류 역률.</DefinitionAlias></DefinitionAliases></PropertyDef><PropertyDef ifdguid="8dd12900d1e011e1800000215ad4efdf"><Name>EarthFault1PoleMaximumState</Name><Definition>Maximum 1 pole earth fault current provided at the point of supply i.e. the fault between 1 phase and PE/PEN.</Definition><PropertyType><TypePropertySingleValue><DataType type="IfcElectricCurrentMeasure" /></TypePropertySingleValue></PropertyType><NameAliases><NameAlias lang="en">Earth Fault1 Pole Maximum State</NameAlias><NameAlias lang="ja-JP">1極最大地絡電流</NameAlias><NameAlias lang="ko-KR">1 극 최대 지락 전류</NameAlias></NameAliases><DefinitionAliases><DefinitionAlias lang="en" /><DefinitionAlias lang="ja-JP">電源供給時点の点1相とPE/PEN間の1極最大地絡電流。</DefinitionAlias><DefinitionAlias lang="ko-KR">전원 공급 시점 점 1 상 및 PE / PEN 사이의 1 극 최대 지락 전류.</DefinitionAlias></DefinitionAliases></PropertyDef><PropertyDef ifdguid="932e7380d1e011e1800000215ad4efdf"><Name>EarthFault1PolePowerFactorMaximumState</Name><Definition>Power factor of the maximum 1 pole earth fault  current provided at the point of supply i.e. the fault between 1 phase and PE/PEN.</Definition><PropertyType><TypePropertySingleValue><DataType type="IfcReal" /></TypePropertySingleValue></PropertyType><NameAliases><NameAlias lang="en">Earth Fault1 Pole Power Factor Maximum State</NameAlias><NameAlias lang="ja-JP">1極最大地絡電流力率</NameAlias><NameAlias lang="ko-KR">1 극 최대 지락 전류 역률</NameAlias></NameAliases><DefinitionAliases><DefinitionAlias lang="en" /><DefinitionAlias lang="ja-JP">電源供給時点の点1相とPE/PEN間の1極最大地絡電流力率。</DefinitionAlias><DefinitionAlias lang="ko-KR">전원 공급 시점 점 1 상 및 PE / PEN 사이의 1 극 최대 지락 전류 역률.</DefinitionAlias></DefinitionAliases></PropertyDef><PropertyDef ifdguid="97f32780d1e011e1800000215ad4efdf"><Name>EarthFault1PoleMinimumState</Name><Definition>Minimum 1 pole earth fault current provided at the point of supply i.e. the fault between 1 phase and PE/PEN.</Definition><PropertyType><TypePropertySingleValue><DataType type="IfcElectricCurrentMeasure" /></TypePropertySingleValue></PropertyType><NameAliases><NameAlias lang="en">Earth Fault1 Pole Minimum State</NameAlias><NameAlias lang="ja-JP">1極最小地絡電流</NameAlias><NameAlias lang="ko-KR">1 극 최소 지락 전류</NameAlias></NameAliases><DefinitionAliases><DefinitionAlias lang="en" /><DefinitionAlias lang="ja-JP">電源供給時点の点1相とPE/PEN間の1極最小地絡電流。</DefinitionAlias><DefinitionAlias lang="ko-KR">전원 공급 시점 점 1 상 및 PE / PEN 사이의 1 극 최소 지락 전류</DefinitionAlias></DefinitionAliases></PropertyDef><PropertyDef ifdguid="9d507200d1e011e1800000215ad4efdf"><Name>EarthFault1PolePowerFactorMinimumState</Name><Definition>Power factor of the minimum 1 pole earth fault current provided at the point of supply i.e. the fault between 1 phase and PE/PEN.</Definition><PropertyType><TypePropertySingleValue><DataType type="IfcReal" /></TypePropertySingleValue></PropertyType><NameAliases><NameAlias lang="en">Earth Fault1 Pole Power Factor Minimum State</NameAlias><NameAlias lang="ja-JP">1極最小地絡電流力率</NameAlias><NameAlias lang="ko-KR">1극  최소 지락 전류 역률</NameAlias></NameAliases><DefinitionAliases><DefinitionAlias lang="en" /><DefinitionAlias lang="ja-JP">電源供給時点の点1相とPE/PEN間の1極最小地絡電流力率。</DefinitionAlias><DefinitionAlias lang="ko-KR">전원 공급 시점 점 1 상 및 PE / PEN 사이의 1 극 최소 지락 전류 역률.</DefinitionAlias></DefinitionAliases></PropertyDef><PropertyDef ifdguid="5bc342594f1a4e53846269d3c1b6d8ea"><Name>MaximumInsulatedVoltage</Name><Definition>The max voltage that the insulation would operate normally</Definition><PropertyType><TypePropertySingleValue><DataType type="IfcElectricVoltageMeasure" /></TypePropertySingleValue></PropertyType><NameAliases /><DefinitionAliases /></PropertyDef><PropertyDef ifdguid="94b30a26fc1a4fbe8d2c42dfcfa89457"><Name>RatedCapacitance</Name><Definition>Capacitance value determined under specified conditions and declared by the manufacturer.</Definition><PropertyType><TypePropertySingleValue><DataType type="IfcElectricCapacitanceMeasure" /></TypePropertySingleValue></PropertyType><NameAliases /><DefinitionAliases /></PropertyDef><PropertyDef ifdguid="702a97d17daa4ddcb9a50ff80260bb21"><Name>PowerCapacity</Name><Definition>Power capacity of the equipment</Definition><PropertyType><TypePropertySingleValue><DataType type="IfcElectricChargeMeasure" /></TypePropertySingleValue></PropertyType><NameAliases /><DefinitionAliases /></PropertyDef></PropertyDefs><PsetDefinitionAliases><PsetDefinitionAlias lang="en" /><PsetDefinitionAlias lang="ja-JP">配電システムから電気機器への供給源として機能するために関連する電源の特性。電気供給が適用されるときのみ使用する必要がある場合このプロパティを設定する。プロパティセット、プロパティが含まれているそれらの値は電源、または電気システムに適用されていない一時的に切断されている状況には適用されない。このプロパティセットは定常状態の状況を表す。</PsetDefinitionAlias></PsetDefinitionAliases></PropertySetDef>