﻿<?xml version="1.0" encoding="utf-8"?><PropertySetDef xmlns:xsi="http://www.w3.org/2001/XMLSchema-instance" xmlns:xsd="http://www.w3.org/2001/XMLSchema" ifdguid="227a5d80d1c611e1800000215ad4efdf" templatetype="PSET_TYPEDRIVENOVERRIDE" xsi:noNamespaceSchemaLocation="http://buildingSMART-tech.org/xml/psd/PSD_IFC4.xsd" xmlns="http://buildingSMART-tech.org/xml/psd/PSD_IFC4.xsd"><IfcVersion version="IFC4X3_RC4" /><Name>Pset_BurnerTypeCommon</Name><Definition>Common attributes of burner types.</Definition><Applicability /><ApplicableClasses><ClassName>IfcBurner</ClassName></ApplicableClasses><ApplicableTypeValue>IfcBurner</ApplicableTypeValue><PropertyDefs><PropertyDef ifdguid="273f1180d1c611e1800000215ad4efdf"><Name>Reference</Name><Definition>Reference ID for this specified type in this project (e.g. type 'A-1'), provided, if there is no classification reference to a recognized classification system used.</Definition><PropertyType><TypePropertySingleValue><DataType type="IfcIdentifier" /></TypePropertySingleValue></PropertyType><NameAliases><NameAlias lang="en">Reference</NameAlias><NameAlias lang="fr-FR">Référence</NameAlias><NameAlias lang="ja-JP">参照記号</NameAlias></NameAliases><DefinitionAliases><DefinitionAlias lang="en" /><DefinitionAlias lang="fr-FR">Identification de référence pour ce type spécifique à ce projet, c'est-à-dire type'A-1', fourni à partir du moment où, s'il n'y a pas de référence de classification par rapport à un système de classification reconnu et en usage.</DefinitionAlias><DefinitionAlias lang="ja-JP">このプロジェクトにおける参照記号(例：A-1)。分類コードではなく内部で使用されるプロジェクトタイプとして使用されるもの。</DefinitionAlias></DefinitionAliases></PropertyDef><PropertyDef ifdguid="2d34f280d1c611e1800000215ad4efdf"><Name>Status</Name><Definition>Status of the element, predominately used in renovation or retrofitting projects. The status can be assigned to as "New" - element designed as new addition, "Existing" - element exists and remains, "Demolish" - element existed but is to be demolished,  "Temporary" - element will exists only temporary (like a temporary support structure).</Definition><PropertyType><TypePropertyEnumeratedValue><EnumList name="PEnum_ElementStatus"><EnumItem>NEW</EnumItem><EnumItem>EXISTING</EnumItem><EnumItem>DEMOLISH</EnumItem><EnumItem>TEMPORARY</EnumItem><EnumItem>OTHER</EnumItem><EnumItem>NOTKNOWN</EnumItem><EnumItem>UNSET</EnumItem></EnumList><ConstantList><ConstantDef><Name>NEW</Name><Definition>element designed as new addition</Definition><NameAliases><NameAlias lang="en">New</NameAlias></NameAliases><DefinitionAliases /></ConstantDef><ConstantDef><Name>EXISTING</Name><Definition>element exists and is to remain</Definition><NameAliases><NameAlias lang="en">Existing</NameAlias></NameAliases><DefinitionAliases /></ConstantDef><ConstantDef><Name>DEMOLISH</Name><Definition>element exists but is to be demolished</Definition><NameAliases><NameAlias lang="en">Demolish</NameAlias></NameAliases><DefinitionAliases /></ConstantDef><ConstantDef><Name>TEMPORARY</Name><Definition>element will exist only temporarily (such as a temporary support structure)</Definition><NameAliases><NameAlias lang="en">Temporary</NameAlias></NameAliases><DefinitionAliases /></ConstantDef><ConstantDef><Name>OTHER</Name><Definition>required category not on scale</Definition><NameAliases><NameAlias lang="en">(other)</NameAlias></NameAliases><DefinitionAliases><DefinitionAlias lang="en">Value is not listed.</DefinitionAlias></DefinitionAliases></ConstantDef><ConstantDef><Name>NOTKNOWN</Name><Definition>Value is unkown</Definition><NameAliases><NameAlias lang="en">(unknown)</NameAlias></NameAliases><DefinitionAliases><DefinitionAlias lang="en">Value is unknown.</DefinitionAlias></DefinitionAliases></ConstantDef><ConstantDef><Name>UNSET</Name><Definition>Value has not been specified</Definition><NameAliases><NameAlias lang="en">(unset)</NameAlias></NameAliases><DefinitionAliases><DefinitionAlias lang="en">Value has not been specified.</DefinitionAlias></DefinitionAliases></ConstantDef></ConstantList></TypePropertyEnumeratedValue></PropertyType><NameAliases><NameAlias lang="en">Status</NameAlias><NameAlias lang="fr-FR">Etat</NameAlias><NameAlias lang="ja-JP">状態</NameAlias></NameAliases><DefinitionAliases><DefinitionAlias lang="en" /><DefinitionAlias lang="fr-FR">Etat de l'élément, utilisé avant tout pour les projets de rénovation et réaménagement. L'état assigné peut être "Nouveau" - l'élément prévu pour du neuf, "Existant" - l'élément existait et est maintenu, "Démoli" - l'élément existait mais doit être démoli/supprimé, "Provisoire" - l'élément existera à titre provisoire seulement (comme un support structurel par exemple).</DefinitionAlias><DefinitionAlias lang="ja-JP">要素（主にリノベーションまたは改修プロジェクトにおいて）の状態。 状態は、「新規(New)」－新しく追加される要素。「既存」－要素は存在し、かつ残りもの。「破壊」－要素は存在したが、廃棄されるもの。「一時的」－一時的に存在する要素（一時的にサポートしている構造のようなもの）。</DefinitionAlias></DefinitionAliases></PropertyDef><PropertyDef ifdguid="3cb43b80d1c611e1800000215ad4efdf"><Name>EnergySource</Name><Definition>Enumeration defining the energy source or fuel cumbusted to generate heat.</Definition><PropertyType><TypePropertyEnumeratedValue><EnumList name="PEnum_EnergySource"><EnumItem>COAL</EnumItem><EnumItem>COAL_PULVERIZED</EnumItem><EnumItem>ELECTRICITY</EnumItem><EnumItem>GAS</EnumItem><EnumItem>OIL</EnumItem><EnumItem>PROPANE</EnumItem><EnumItem>WOOD</EnumItem><EnumItem>WOOD_CHIP</EnumItem><EnumItem>WOOD_PELLET</EnumItem><EnumItem>WOOD_PULVERIZED</EnumItem><EnumItem>OTHER</EnumItem><EnumItem>NOTKNOWN</EnumItem><EnumItem>UNSET</EnumItem></EnumList><ConstantList><ConstantDef><Name>COAL</Name><NameAliases><NameAlias lang="en">Coal</NameAlias></NameAliases><DefinitionAliases /></ConstantDef><ConstantDef><Name>COAL_PULVERIZED</Name><NameAliases><NameAlias lang="en">Coal Pulverized</NameAlias></NameAliases><DefinitionAliases /></ConstantDef><ConstantDef><Name>ELECTRICITY</Name><NameAliases><NameAlias lang="en">Electricity</NameAlias></NameAliases><DefinitionAliases /></ConstantDef><ConstantDef><Name>GAS</Name><NameAliases><NameAlias lang="en">Gas</NameAlias></NameAliases><DefinitionAliases /></ConstantDef><ConstantDef><Name>OIL</Name><NameAliases><NameAlias lang="en">Oil</NameAlias></NameAliases><DefinitionAliases /></ConstantDef><ConstantDef><Name>PROPANE</Name><NameAliases><NameAlias lang="en">Propane</NameAlias></NameAliases><DefinitionAliases /></ConstantDef><ConstantDef><Name>WOOD</Name><NameAliases><NameAlias lang="en">Wood</NameAlias></NameAliases><DefinitionAliases /></ConstantDef><ConstantDef><Name>WOOD_CHIP</Name><NameAliases><NameAlias lang="en">Wood Chip</NameAlias></NameAliases><DefinitionAliases /></ConstantDef><ConstantDef><Name>WOOD_PELLET</Name><NameAliases><NameAlias lang="en">Wood Pellet</NameAlias></NameAliases><DefinitionAliases /></ConstantDef><ConstantDef><Name>WOOD_PULVERIZED</Name><NameAliases><NameAlias lang="en">Wood Pulverized</NameAlias></NameAliases><DefinitionAliases /></ConstantDef><ConstantDef><Name>OTHER</Name><Definition>required category not on scale</Definition><NameAliases><NameAlias lang="en">(other)</NameAlias></NameAliases><DefinitionAliases><DefinitionAlias lang="en">Value is not listed.</DefinitionAlias></DefinitionAliases></ConstantDef><ConstantDef><Name>NOTKNOWN</Name><Definition>Value is unkown</Definition><NameAliases><NameAlias lang="en">(unknown)</NameAlias></NameAliases><DefinitionAliases><DefinitionAlias lang="en">Value is unknown.</DefinitionAlias></DefinitionAliases></ConstantDef><ConstantDef><Name>UNSET</Name><Definition>Value has not been specified</Definition><NameAliases><NameAlias lang="en">(unset)</NameAlias></NameAliases><DefinitionAliases><DefinitionAlias lang="en">Value has not been specified.</DefinitionAlias></DefinitionAliases></ConstantDef></ConstantList></TypePropertyEnumeratedValue></PropertyType><NameAliases><NameAlias lang="en">Energy Source</NameAlias><NameAlias lang="fr-FR">SourceEnergie</NameAlias><NameAlias lang="ja-JP">エネルギ源</NameAlias></NameAliases><DefinitionAliases><DefinitionAlias lang="en" /><DefinitionAlias lang="fr-FR">Liste définissant les sources d'énergie ou combustibles pour générer la chaleur.</DefinitionAlias><DefinitionAlias lang="ja-JP">加熱に使用する燃料のエネルギ種類　（石炭、石炭粉末、電気、ガス、油、プロパン、木材、木材チップ、木材ペレット、木粉、他）</DefinitionAlias></DefinitionAliases></PropertyDef></PropertyDefs><PsetDefinitionAliases><PsetDefinitionAlias lang="en" /><PsetDefinitionAlias lang="ja-JP">バーナータイプの共通属性</PsetDefinitionAlias></PsetDefinitionAliases></PropertySetDef>