﻿<?xml version="1.0" encoding="utf-8"?><PropertySetDef xmlns:xsi="http://www.w3.org/2001/XMLSchema-instance" xmlns:xsd="http://www.w3.org/2001/XMLSchema" ifdguid="b1fd284450d73df5c01efa4fa52aaec4" templatetype="PSET_TYPEDRIVENOVERRIDE" xsi:noNamespaceSchemaLocation="http://buildingSMART-tech.org/xml/psd/PSD_IFC4.xsd" xmlns="http://buildingSMART-tech.org/xml/psd/PSD_IFC4.xsd"><IfcVersion version="IFC4X3_RC4" /><Name>Pset_MemberTypeTieBar</Name><Definition>Properties of tie bar. A tie bar is a linear bar element used to secure or stabilise a structure by resisting lateral and longitudinal loading through tension and or compression. usually formed by a solid bar.</Definition><Applicability /><ApplicableClasses><ClassName>IfcMember/TIEBAR</ClassName></ApplicableClasses><ApplicableTypeValue>IfcMember/TIEBAR</ApplicableTypeValue><PropertyDefs><PropertyDef ifdguid="d222baa54349429bac534ef9b8cc1dbe"><Name>IsTemporaryInstallation</Name><Definition>Indicates whether the installation (in the construction stage) is permanent (TRUE) or temporary (FALSE)</Definition><PropertyType><TypePropertySingleValue><DataType type="IfcBoolean" /></TypePropertySingleValue></PropertyType><NameAliases /><DefinitionAliases /></PropertyDef></PropertyDefs><PsetDefinitionAliases /></PropertySetDef>