﻿<?xml version="1.0" encoding="utf-8"?><PropertySetDef xmlns:xsi="http://www.w3.org/2001/XMLSchema-instance" xmlns:xsd="http://www.w3.org/2001/XMLSchema" ifdguid="ca3cbc51d64e820a2f03f57ebace7cb7" templatetype="PSET_TYPEDRIVENOVERRIDE" xsi:noNamespaceSchemaLocation="http://buildingSMART-tech.org/xml/psd/PSD_IFC4.xsd" xmlns="http://buildingSMART-tech.org/xml/psd/PSD_IFC4.xsd"><IfcVersion version="IFC4X3_RC4" /><Name>Pset_MobileTelecommunicationsApplianceTypeMasterUnit</Name><Definition>Properties common to the definition of all occurrences of  _IfcMobileTelecommunicationsAppliance_ and types of _IfcMobileTelecommunicationsApplianceType_ with the predefined type set to MASTERUNIT.</Definition><Applicability /><ApplicableClasses><ClassName>IfcMobileTelecommunicationsAppliance/MASTERUNIT</ClassName></ApplicableClasses><ApplicableTypeValue>IfcMobileTelecommunicationsAppliance/MASTERUNIT</ApplicableTypeValue><PropertyDefs><PropertyDef ifdguid="cd03a478484643ab833d4727038848e9"><Name>NumberOfInterfaces</Name><Definition>Indicates the types of interfaces and their number in the device.</Definition><PropertyType><TypePropertyTableValue><Expression /><DefiningValue><DataType type="IfcLabel" /></DefiningValue><DefinedValue><DataType type="IfcInteger" /></DefinedValue></TypePropertyTableValue></PropertyType><NameAliases /><DefinitionAliases /></PropertyDef><PropertyDef ifdguid="0480fad477ed457aa66f0c52c9835967"><Name>MaximumNumberOfConnectedRUs</Name><Definition>Indicates the maximum number of remote units (RUs) which can be connected to the master unit.</Definition><PropertyType><TypePropertySingleValue><DataType type="IfcInteger" /></TypePropertySingleValue></PropertyType><NameAliases /><DefinitionAliases /></PropertyDef><PropertyDef ifdguid="0f1c7180e03f4225a032d06f21a338a3"><Name>TransmissionType</Name><Definition>Indicates the data transmission type of the master unit.</Definition><PropertyType><TypePropertyEnumeratedValue><EnumList name="PEnum_TransmissionType"><EnumItem>FIBER</EnumItem><EnumItem>RADIO</EnumItem><EnumItem>OTHER</EnumItem><EnumItem>NOTKNOWN</EnumItem><EnumItem>UNSET</EnumItem></EnumList><ConstantList><ConstantDef><Name>FIBER</Name><NameAliases /><DefinitionAliases /></ConstantDef><ConstantDef><Name>RADIO</Name><NameAliases /><DefinitionAliases /></ConstantDef><ConstantDef><Name>OTHER</Name><Definition>required category not on scale</Definition><NameAliases><NameAlias lang="en">(other)</NameAlias></NameAliases><DefinitionAliases><DefinitionAlias lang="en">Value is not listed.</DefinitionAlias></DefinitionAliases></ConstantDef><ConstantDef><Name>NOTKNOWN</Name><Definition>Value is unkown</Definition><NameAliases><NameAlias lang="en">(unknown)</NameAlias></NameAliases><DefinitionAliases><DefinitionAlias lang="en">Value is unknown.</DefinitionAlias></DefinitionAliases></ConstantDef><ConstantDef><Name>UNSET</Name><Definition>Value has not been specified</Definition><NameAliases><NameAlias lang="en">(unset)</NameAlias></NameAliases><DefinitionAliases><DefinitionAlias lang="en">Value has not been specified.</DefinitionAlias></DefinitionAliases></ConstantDef></ConstantList></TypePropertyEnumeratedValue></PropertyType><NameAliases /><DefinitionAliases /></PropertyDef><PropertyDef ifdguid="bb14f33d62184617a72e2198fcc15b0b"><Name>TransmittedBandwidth</Name><Definition>Indicates the transmitted bandwidth of the master unit.</Definition><PropertyType><TypePropertySingleValue><DataType type="IfcFrequencyMeasure" /></TypePropertySingleValue></PropertyType><NameAliases /><DefinitionAliases /></PropertyDef><PropertyDef ifdguid="25146aa197534157b83d61c6fac4b62b"><Name>TransmittedFrequency</Name><Definition>Indicates the transmitted frequency used by the master unit.</Definition><PropertyType><TypePropertySingleValue><DataType type="IfcFrequencyMeasure" /></TypePropertySingleValue></PropertyType><NameAliases /><DefinitionAliases /></PropertyDef><PropertyDef ifdguid="7dcbf60d3b3543c197999f7290e0ff2a"><Name>TransmittedSignal</Name><Definition>Indicates the type or standard of signal transmitted by the master unit.</Definition><PropertyType><TypePropertyEnumeratedValue><EnumList name="PEnum_TransmittedSignal"><EnumItem>CDMA</EnumItem><EnumItem>GSM</EnumItem><EnumItem>LTE</EnumItem><EnumItem>TD_SCDMA</EnumItem><EnumItem>WCDMA</EnumItem><EnumItem>OTHER</EnumItem><EnumItem>NOTKNOWN</EnumItem><EnumItem>UNSET</EnumItem></EnumList><ConstantList><ConstantDef><Name>CDMA</Name><NameAliases /><DefinitionAliases /></ConstantDef><ConstantDef><Name>GSM</Name><NameAliases /><DefinitionAliases /></ConstantDef><ConstantDef><Name>LTE</Name><NameAliases /><DefinitionAliases /></ConstantDef><ConstantDef><Name>TD_SCDMA</Name><NameAliases /><DefinitionAliases /></ConstantDef><ConstantDef><Name>WCDMA</Name><NameAliases /><DefinitionAliases /></ConstantDef><ConstantDef><Name>OTHER</Name><Definition>required category not on scale</Definition><NameAliases><NameAlias lang="en">(other)</NameAlias></NameAliases><DefinitionAliases><DefinitionAlias lang="en">Value is not listed.</DefinitionAlias></DefinitionAliases></ConstantDef><ConstantDef><Name>NOTKNOWN</Name><Definition>Value is unkown</Definition><NameAliases><NameAlias lang="en">(unknown)</NameAlias></NameAliases><DefinitionAliases><DefinitionAlias lang="en">Value is unknown.</DefinitionAlias></DefinitionAliases></ConstantDef><ConstantDef><Name>UNSET</Name><Definition>Value has not been specified</Definition><NameAliases><NameAlias lang="en">(unset)</NameAlias></NameAliases><DefinitionAliases><DefinitionAlias lang="en">Value has not been specified.</DefinitionAlias></DefinitionAliases></ConstantDef></ConstantList></TypePropertyEnumeratedValue></PropertyType><NameAliases /><DefinitionAliases /></PropertyDef><PropertyDef ifdguid="1aa1ef15033a445984ec376bca1098d3"><Name>MasterUnitType</Name><Definition>Indicates the master unit type.</Definition><PropertyType><TypePropertyEnumeratedValue><EnumList name="PEnum_MasterUnitType"><EnumItem>ANALOG</EnumItem><EnumItem>DIGITAL</EnumItem><EnumItem>OTHER</EnumItem><EnumItem>NOTKNOWN</EnumItem><EnumItem>UNSET</EnumItem></EnumList><ConstantList><ConstantDef><Name>ANALOG</Name><NameAliases /><DefinitionAliases /></ConstantDef><ConstantDef><Name>DIGITAL</Name><NameAliases /><DefinitionAliases /></ConstantDef><ConstantDef><Name>OTHER</Name><Definition>required category not on scale</Definition><NameAliases><NameAlias lang="en">(other)</NameAlias></NameAliases><DefinitionAliases><DefinitionAlias lang="en">Value is not listed.</DefinitionAlias></DefinitionAliases></ConstantDef><ConstantDef><Name>NOTKNOWN</Name><Definition>Value is unkown</Definition><NameAliases><NameAlias lang="en">(unknown)</NameAlias></NameAliases><DefinitionAliases><DefinitionAlias lang="en">Value is unknown.</DefinitionAlias></DefinitionAliases></ConstantDef><ConstantDef><Name>UNSET</Name><Definition>Value has not been specified</Definition><NameAliases><NameAlias lang="en">(unset)</NameAlias></NameAliases><DefinitionAliases><DefinitionAlias lang="en">Value has not been specified.</DefinitionAlias></DefinitionAliases></ConstantDef></ConstantList></TypePropertyEnumeratedValue></PropertyType><NameAliases /><DefinitionAliases /></PropertyDef></PropertyDefs><PsetDefinitionAliases /></PropertySetDef>