﻿<?xml version="1.0" encoding="utf-8"?><PropertySetDef xmlns:xsi="http://www.w3.org/2001/XMLSchema-instance" xmlns:xsd="http://www.w3.org/2001/XMLSchema" ifdguid="8a5754e7b4402d56380a78290fa513ee" templatetype="PSET_TYPEDRIVENOVERRIDE" xsi:noNamespaceSchemaLocation="http://buildingSMART-tech.org/xml/psd/PSD_IFC4.xsd" xmlns="http://buildingSMART-tech.org/xml/psd/PSD_IFC4.xsd"><IfcVersion version="IFC4X3_RC4" /><Name>Pset_MechanicalFastenerTypeRailJoint</Name><Definition>Properties common to a rail joint of a railway track system.  The property set can be used by the predefined type RAILJOINT of IfcMechanicalFastener.</Definition><Applicability /><ApplicableClasses><ClassName>IfcMechanicalFastener/RAILJOINT</ClassName></ApplicableClasses><ApplicableTypeValue>IfcMechanicalFastener/RAILJOINT</ApplicableTypeValue><PropertyDefs><PropertyDef ifdguid="84cfc602c7fc45398cecbc046bb70e8f"><Name>SleeperArrangement</Name><Definition>Define the rail joint sleeper method of assembly ("twin sleeper" type or "between sleepers" type).</Definition><PropertyType><TypePropertyEnumeratedValue><EnumList name="PEnum_SleeperArrangement"><EnumItem>TWINSLEEPER</EnumItem><EnumItem>BETWEENSLEEPERS</EnumItem><EnumItem>OTHER</EnumItem><EnumItem>NOTKNOWN</EnumItem><EnumItem>UNSET</EnumItem></EnumList><ConstantList><ConstantDef><Name>TWINSLEEPER</Name><Definition>Rail joint is supported by a sleeper</Definition><NameAliases /><DefinitionAliases /></ConstantDef><ConstantDef><Name>BETWEENSLEEPERS</Name><Definition>Rail joint is suspended between two sleepers</Definition><NameAliases /><DefinitionAliases /></ConstantDef><ConstantDef><Name>OTHER</Name><Definition>required category not on scale</Definition><NameAliases><NameAlias lang="en">(other)</NameAlias></NameAliases><DefinitionAliases><DefinitionAlias lang="en">Value is not listed.</DefinitionAlias></DefinitionAliases></ConstantDef><ConstantDef><Name>NOTKNOWN</Name><Definition>Value is unkown</Definition><NameAliases><NameAlias lang="en">(unknown)</NameAlias></NameAliases><DefinitionAliases><DefinitionAlias lang="en">Value is unknown.</DefinitionAlias></DefinitionAliases></ConstantDef><ConstantDef><Name>UNSET</Name><Definition>Value has not been specified</Definition><NameAliases><NameAlias lang="en">(unset)</NameAlias></NameAliases><DefinitionAliases><DefinitionAlias lang="en">Value has not been specified.</DefinitionAlias></DefinitionAliases></ConstantDef></ConstantList></TypePropertyEnumeratedValue></PropertyType><NameAliases /><DefinitionAliases /></PropertyDef><PropertyDef ifdguid="a4768f422ef8466c8159f06d93bbf5a0"><Name>IsCWRJoint</Name><Definition>Indicates if the rail joint is associated to a continuous welded rail.</Definition><PropertyType><TypePropertySingleValue><DataType type="IfcBoolean" /></TypePropertySingleValue></PropertyType><NameAliases /><DefinitionAliases /></PropertyDef><PropertyDef ifdguid="1ffa536e38ff4058b793f997d32c597d"><Name>IsJointInsulated</Name><Definition>Indicates if the rail joint is insulated.</Definition><PropertyType><TypePropertySingleValue><DataType type="IfcBoolean" /></TypePropertySingleValue></PropertyType><NameAliases /><DefinitionAliases /></PropertyDef><PropertyDef ifdguid="251da7bf54a94ef3a40590c297786597"><Name>IsLiftingBracketConnection</Name><Definition>Indicates if the connection is between two different heights (TRUE) or not (FALSE).</Definition><PropertyType><TypePropertySingleValue><DataType type="IfcBoolean" /></TypePropertySingleValue></PropertyType><NameAliases /><DefinitionAliases /></PropertyDef><PropertyDef ifdguid="aca45d0eda6349f9988bbe909992e6dc"><Name>NumberOfScrews</Name><Definition>Number of screws/bolts/connections.</Definition><PropertyType><TypePropertySingleValue><DataType type="IfcInteger" /></TypePropertySingleValue></PropertyType><NameAliases /><DefinitionAliases /></PropertyDef><PropertyDef ifdguid="3f632d0694af4742937d4f05acb690d1"><Name>RailGap</Name><Definition>The gap between the rail profiles.</Definition><PropertyType><TypePropertySingleValue><DataType type="IfcPositiveLengthMeasure" /></TypePropertySingleValue></PropertyType><NameAliases /><DefinitionAliases /></PropertyDef><PropertyDef ifdguid="7c238465cc6f45e696f72be071c06348"><Name>IsJointControlEquipment</Name><Definition>Indicates whether security equipment is checking the mechanical functionality of the rail joint.</Definition><PropertyType><TypePropertySingleValue><DataType type="IfcBoolean" /></TypePropertySingleValue></PropertyType><NameAliases /><DefinitionAliases /></PropertyDef><PropertyDef ifdguid="64af56b30b4540c2b43d74b49a28b9db"><Name>ConstructionMethod</Name><Definition>Designator for whether the element is constructed/welded on site or prefabricated. Example of allowed values : 'On-site' vs 'Prefabricated'.</Definition><PropertyType><TypePropertySingleValue><DataType type="IfcLabel" /></TypePropertySingleValue></PropertyType><NameAliases><NameAlias lang="de-DE">Ausführung</NameAlias><NameAlias lang="en">Construction Method</NameAlias></NameAliases><DefinitionAliases><DefinitionAlias lang="de-DE">Angabe, ob dieses Betonbauteil als Ortbeton ("In-Situ") oder als Fertigteil ("Precast") ausgeführt werden soll.</DefinitionAlias><DefinitionAlias lang="en" /></DefinitionAliases></PropertyDef></PropertyDefs><PsetDefinitionAliases /></PropertySetDef>