﻿<?xml version="1.0" encoding="utf-8"?><PropertySetDef xmlns:xsi="http://www.w3.org/2001/XMLSchema-instance" xmlns:xsd="http://www.w3.org/2001/XMLSchema" ifdguid="bb17da00d1d411e1800000215ad4efdf" templatetype="PSET_TYPEDRIVENOVERRIDE" xsi:noNamespaceSchemaLocation="http://buildingSMART-tech.org/xml/psd/PSD_IFC4.xsd" xmlns="http://buildingSMART-tech.org/xml/psd/PSD_IFC4.xsd"><IfcVersion version="IFC4X3_RC4" /><Name>Pset_DistributionPortCommon</Name><Definition>Common attributes attached to an instance of IfcDistributionPort.</Definition><Applicability /><ApplicableClasses><ClassName>IfcDistributionPort</ClassName></ApplicableClasses><ApplicableTypeValue>IfcDistributionPort</ApplicableTypeValue><PropertyDefs><PropertyDef ifdguid="c0752480d1d411e1800000215ad4efdf"><Name>PortNumber</Name><Definition>The port index for logically ordering the port within the containing element or element type.</Definition><PropertyType><TypePropertySingleValue><DataType type="IfcInteger" /></TypePropertySingleValue></PropertyType><NameAliases><NameAlias lang="en">Port Number</NameAlias><NameAlias lang="ja-JP">ポート番号</NameAlias><NameAlias lang="ko-KR">포트 번호</NameAlias></NameAliases><DefinitionAliases><DefinitionAlias lang="en" /><DefinitionAlias lang="ja-JP">ポートに含まれる要素、種類を示す番号。</DefinitionAlias><DefinitionAlias lang="ko-KR">포트에 포함되는 요소 유형을 나타내는 숫자</DefinitionAlias></DefinitionAliases></PropertyDef><PropertyDef ifdguid="c79c3280d1d411e1800000215ad4efdf"><Name>ColorCode</Name><Definition>Name of a color for identifying the connector, if applicable.</Definition><PropertyType><TypePropertySingleValue><DataType type="IfcLabel" /></TypePropertySingleValue></PropertyType><NameAliases><NameAlias lang="en">Color Code</NameAlias><NameAlias lang="ja-JP">色番号</NameAlias><NameAlias lang="ko-KR">색상번호</NameAlias></NameAliases><DefinitionAliases><DefinitionAlias lang="en" /><DefinitionAlias lang="ja-JP">コネクタの色。</DefinitionAlias><DefinitionAlias lang="ko-KR">커넥터 고유 이름</DefinitionAlias></DefinitionAliases></PropertyDef></PropertyDefs><PsetDefinitionAliases><PsetDefinitionAlias lang="en" /><PsetDefinitionAlias lang="ja-JP">IfcDistributionPortオブジェクトに関する基本属性。</PsetDefinitionAlias></PsetDefinitionAliases></PropertySetDef>