﻿<?xml version="1.0" encoding="utf-8"?><PropertySetDef xmlns:xsi="http://www.w3.org/2001/XMLSchema-instance" xmlns:xsd="http://www.w3.org/2001/XMLSchema" ifdguid="af509b7e8d4ef294b0ccbb3497f815a6" templatetype="PSET_TYPEDRIVENOVERRIDE" xsi:noNamespaceSchemaLocation="http://buildingSMART-tech.org/xml/psd/PSD_IFC4.xsd" xmlns="http://buildingSMART-tech.org/xml/psd/PSD_IFC4.xsd"><IfcVersion version="IFC4X3_RC4" /><Name>Pset_RailTypeBlade</Name><Definition>Properties common to IfcRail types and occurrences with PredefinedType set to BLADE.</Definition><Applicability /><ApplicableClasses><ClassName>IfcRail/BLADE</ClassName></ApplicableClasses><ApplicableTypeValue>IfcRail/BLADE</ApplicableTypeValue><PropertyDefs><PropertyDef ifdguid="fe1bc6dece334b639c17af182857e85c"><Name>IsArticulatedBlade</Name><Definition>Indicates whether the blade is articulated or not.</Definition><PropertyType><TypePropertySingleValue><DataType type="IfcBoolean" /></TypePropertySingleValue></PropertyType><NameAliases /><DefinitionAliases /></PropertyDef><PropertyDef ifdguid="30e54cf741f9400bb3184d9b74ab03c6"><Name>IsFallbackBlade</Name><Definition>Indicates whether the blade always returns to the same position as a trailable turnout or not.</Definition><PropertyType><TypePropertySingleValue><DataType type="IfcBoolean" /></TypePropertySingleValue></PropertyType><NameAliases /><DefinitionAliases /></PropertyDef><PropertyDef ifdguid="076d1500d1e911e1800000215ad4efdf"><Name>NominalLength</Name><Definition>Nominal length of the object.</Definition><PropertyType><TypePropertySingleValue><DataType type="IfcNonNegativeLengthMeasure" /></TypePropertySingleValue></PropertyType><NameAliases><NameAlias lang="en">Nominal Length</NameAlias></NameAliases><DefinitionAliases><DefinitionAlias lang="en" /></DefinitionAliases></PropertyDef><PropertyDef ifdguid="b2a789837b304818974e9285be15eaf1"><Name>BladeRadius</Name><Definition>The radius of the blade bend defined as design parameter.</Definition><PropertyType><TypePropertySingleValue><DataType type="IfcPositiveLengthMeasure" /></TypePropertySingleValue></PropertyType><NameAliases /><DefinitionAliases /></PropertyDef></PropertyDefs><PsetDefinitionAliases /></PropertySetDef>