﻿<?xml version="1.0" encoding="utf-8"?><PropertySetDef xmlns:xsi="http://www.w3.org/2001/XMLSchema-instance" xmlns:xsd="http://www.w3.org/2001/XMLSchema" ifdguid="c8afd89cb11c24ac9053b0ee60750e1a" templatetype="PSET_TYPEDRIVENOVERRIDE" xsi:noNamespaceSchemaLocation="http://buildingSMART-tech.org/xml/psd/PSD_IFC4.xsd" xmlns="http://buildingSMART-tech.org/xml/psd/PSD_IFC4.xsd"><IfcVersion version="IFC4X3_RC4" /><Name>Pset_ProtectiveDeviceTypeAntiArcingDevice</Name><Definition>Anti arcing device properties used in energy domain. The property set can be used by the predefined type ANTI_ARCING_DEVICE of IfcProtectiveDevice.</Definition><Applicability /><ApplicableClasses><ClassName>IfcProtectiveDevice/ANTI_ARCING_DEVICE</ClassName></ApplicableClasses><ApplicableTypeValue>IfcProtectiveDevice/ANTI_ARCING_DEVICE</ApplicableTypeValue><PropertyDefs><PropertyDef ifdguid="3ecaca00d1c711e1800000215ad4efdf"><Name>RatedVoltage</Name><Definition>The range of allowed voltage that a device is certified to handle. The upper bound of this value is the maximum.</Definition><PropertyType><TypePropertyBoundedValue><DataType type="IfcElectricVoltageMeasure" /></TypePropertyBoundedValue></PropertyType><NameAliases><NameAlias lang="en">Rated Voltage</NameAlias><NameAlias lang="ja-JP">定格電圧</NameAlias><NameAlias lang="ko-KR">정격 전압</NameAlias></NameAliases><DefinitionAliases><DefinitionAlias lang="en" /><DefinitionAlias lang="ja-JP">使用できることが許可されている許容電圧。</DefinitionAlias><DefinitionAlias lang="ko-KR">사용할 수있는 권한이있는 허용 전압.</DefinitionAlias></DefinitionAliases></PropertyDef><PropertyDef ifdguid="106fab4672d74adfa88318106a7e3795"><Name>GroundingType</Name><Definition>The type of grounding connection.</Definition><PropertyType><TypePropertySingleValue><DataType type="IfcLabel" /></TypePropertySingleValue></PropertyType><NameAliases /><DefinitionAliases /></PropertyDef></PropertyDefs><PsetDefinitionAliases /></PropertySetDef>