﻿<?xml version="1.0" encoding="utf-8"?><PropertySetDef xmlns:xsi="http://www.w3.org/2001/XMLSchema-instance" xmlns:xsd="http://www.w3.org/2001/XMLSchema" ifdguid="4a5a4b8b08db6a469e0158dfa569763b" templatetype="PSET_OCCURRENCEDRIVEN" xsi:noNamespaceSchemaLocation="http://buildingSMART-tech.org/xml/psd/PSD_IFC4.xsd" xmlns="http://buildingSMART-tech.org/xml/psd/PSD_IFC4.xsd"><IfcVersion version="IFC4X3_RC4" /><Name>Pset_RailwayCableCarrier</Name><Definition>Common properties for cable carrier segments constructed in railway projects.</Definition><Applicability /><ApplicableClasses><ClassName>IfcCableCarrierSegment</ClassName></ApplicableClasses><ApplicableTypeValue>IfcCableCarrierSegment</ApplicableTypeValue><PropertyDefs><PropertyDef ifdguid="c193b0ecf5c14e47abe2964dc336f374"><Name>NumberOfCrossedTracks</Name><Definition>Number of tracks crossed in cable route.</Definition><PropertyType><TypePropertySingleValue><DataType type="IfcInteger" /></TypePropertySingleValue></PropertyType><NameAliases /><DefinitionAliases /></PropertyDef></PropertyDefs><PsetDefinitionAliases /></PropertySetDef>