﻿<?xml version="1.0" encoding="utf-8"?><PropertySetDef xmlns:xsi="http://www.w3.org/2001/XMLSchema-instance" xmlns:xsd="http://www.w3.org/2001/XMLSchema" ifdguid="f588317f9341b71629992c57a31d92a2" templatetype="PSET_TYPEDRIVENOVERRIDE" xsi:noNamespaceSchemaLocation="http://buildingSMART-tech.org/xml/psd/PSD_IFC4.xsd" xmlns="http://buildingSMART-tech.org/xml/psd/PSD_IFC4.xsd"><IfcVersion version="IFC4X3_RC4" /><Name>Pset_RailTypeGuardRail</Name><Definition>Properties common to IfcRail types and occurrences with PredefinedType set to GUARDRAIL.</Definition><Applicability /><ApplicableClasses><ClassName>IfcRail/GUARDRAIL</ClassName></ApplicableClasses><ApplicableTypeValue>IfcRail/GUARDRAIL</ApplicableTypeValue><PropertyDefs><PropertyDef ifdguid="681d79485f2246f1a4492606820cc188"><Name>GuardRailConnection</Name><Definition>Indicates how the guard rail is connected along its length, when the fasteners are not explicitly modelled.</Definition><PropertyType><TypePropertyEnumeratedValue><EnumList name="PEnum_GuardRailConnection"><EnumItem>FISHPLATE</EnumItem><EnumItem>WELD</EnumItem><EnumItem>NONE</EnumItem><EnumItem>OTHER</EnumItem><EnumItem>NOTKNOWN</EnumItem><EnumItem>UNSET</EnumItem></EnumList><ConstantList><ConstantDef><Name>FISHPLATE</Name><NameAliases /><DefinitionAliases /></ConstantDef><ConstantDef><Name>WELD</Name><NameAliases /><DefinitionAliases /></ConstantDef><ConstantDef><Name>NONE</Name><Definition>No waterproof.</Definition><NameAliases><NameAlias lang="en">None</NameAlias></NameAliases><DefinitionAliases><DefinitionAlias lang="en">None, empty or no additional action or function.</DefinitionAlias></DefinitionAliases></ConstantDef><ConstantDef><Name>OTHER</Name><Definition>required category not on scale</Definition><NameAliases><NameAlias lang="en">(other)</NameAlias></NameAliases><DefinitionAliases><DefinitionAlias lang="en">Value is not listed.</DefinitionAlias></DefinitionAliases></ConstantDef><ConstantDef><Name>NOTKNOWN</Name><Definition>Value is unkown</Definition><NameAliases><NameAlias lang="en">(unknown)</NameAlias></NameAliases><DefinitionAliases><DefinitionAlias lang="en">Value is unknown.</DefinitionAlias></DefinitionAliases></ConstantDef><ConstantDef><Name>UNSET</Name><Definition>Value has not been specified</Definition><NameAliases><NameAlias lang="en">(unset)</NameAlias></NameAliases><DefinitionAliases><DefinitionAlias lang="en">Value has not been specified.</DefinitionAlias></DefinitionAliases></ConstantDef></ConstantList></TypePropertyEnumeratedValue></PropertyType><NameAliases /><DefinitionAliases /></PropertyDef><PropertyDef ifdguid="bf4d47b9188d4cfdaa72ca7efa3915f4"><Name>PositionInTrack</Name><Definition>Indicates the relative position of the element in track, which lies to the left or right as facing in the direction of increasing stationing values.</Definition><PropertyType><TypePropertyEnumeratedValue><EnumList name="PEnum_RelativePosition"><EnumItem>LEFT</EnumItem><EnumItem>RIGHT</EnumItem><EnumItem>MIDDLE</EnumItem><EnumItem>OTHER</EnumItem><EnumItem>NOTKNOWN</EnumItem><EnumItem>UNSET</EnumItem></EnumList><ConstantList><ConstantDef><Name>LEFT</Name><Definition>Positioned to the left.</Definition><NameAliases /><DefinitionAliases /></ConstantDef><ConstantDef><Name>RIGHT</Name><Definition>Positioned to the right.</Definition><NameAliases /><DefinitionAliases /></ConstantDef><ConstantDef><Name>MIDDLE</Name><Definition>Positioned in the middle.</Definition><NameAliases /><DefinitionAliases /></ConstantDef><ConstantDef><Name>OTHER</Name><Definition>required category not on scale</Definition><NameAliases><NameAlias lang="en">(other)</NameAlias></NameAliases><DefinitionAliases><DefinitionAlias lang="en">Value is not listed.</DefinitionAlias></DefinitionAliases></ConstantDef><ConstantDef><Name>NOTKNOWN</Name><Definition>Value is unkown</Definition><NameAliases><NameAlias lang="en">(unknown)</NameAlias></NameAliases><DefinitionAliases><DefinitionAlias lang="en">Value is unknown.</DefinitionAlias></DefinitionAliases></ConstantDef><ConstantDef><Name>UNSET</Name><Definition>Value has not been specified</Definition><NameAliases><NameAlias lang="en">(unset)</NameAlias></NameAliases><DefinitionAliases><DefinitionAlias lang="en">Value has not been specified.</DefinitionAlias></DefinitionAliases></ConstantDef></ConstantList></TypePropertyEnumeratedValue></PropertyType><NameAliases /><DefinitionAliases /></PropertyDef><PropertyDef ifdguid="b3f3cd909483421ab4dfc44c2e2cf1ac"><Name>GuardRailType</Name><Definition>Type of the guard rail.</Definition><PropertyType><TypePropertyEnumeratedValue><EnumList name="PEnum_GuardRailType"><EnumItem>GUARDRAILSONLY</EnumItem><EnumItem>GUARDRAILANDSPOTSLEEPERS</EnumItem><EnumItem>SPOTSLEEPERSONLY</EnumItem><EnumItem>OTHER</EnumItem><EnumItem>NOTKNOWN</EnumItem><EnumItem>UNSET</EnumItem></EnumList><ConstantList><ConstantDef><Name>GUARDRAILSONLY</Name><Definition>Guard rail only.</Definition><NameAliases /><DefinitionAliases /></ConstantDef><ConstantDef><Name>GUARDRAILANDSPOTSLEEPERS</Name><Definition>Guard rail and spot sleepers.</Definition><NameAliases /><DefinitionAliases /></ConstantDef><ConstantDef><Name>SPOTSLEEPERSONLY</Name><Definition>spot sleepers only.</Definition><NameAliases /><DefinitionAliases /></ConstantDef><ConstantDef><Name>OTHER</Name><Definition>required category not on scale</Definition><NameAliases><NameAlias lang="en">(other)</NameAlias></NameAliases><DefinitionAliases><DefinitionAlias lang="en">Value is not listed.</DefinitionAlias></DefinitionAliases></ConstantDef><ConstantDef><Name>NOTKNOWN</Name><Definition>Value is unkown</Definition><NameAliases><NameAlias lang="en">(unknown)</NameAlias></NameAliases><DefinitionAliases><DefinitionAlias lang="en">Value is unknown.</DefinitionAlias></DefinitionAliases></ConstantDef><ConstantDef><Name>UNSET</Name><Definition>Value has not been specified</Definition><NameAliases><NameAlias lang="en">(unset)</NameAlias></NameAliases><DefinitionAliases><DefinitionAlias lang="en">Value has not been specified.</DefinitionAlias></DefinitionAliases></ConstantDef></ConstantList></TypePropertyEnumeratedValue></PropertyType><NameAliases /><DefinitionAliases /></PropertyDef></PropertyDefs><PsetDefinitionAliases /></PropertySetDef>