﻿<?xml version="1.0" encoding="utf-8"?><PropertySetDef xmlns:xsi="http://www.w3.org/2001/XMLSchema-instance" xmlns:xsd="http://www.w3.org/2001/XMLSchema" ifdguid="e2e65b77477614a477a1f0c9732ec743" templatetype="PSET_TYPEDRIVENOVERRIDE" xsi:noNamespaceSchemaLocation="http://buildingSMART-tech.org/xml/psd/PSD_IFC4.xsd" xmlns="http://buildingSMART-tech.org/xml/psd/PSD_IFC4.xsd"><IfcVersion version="IFC4X3_RC4" /><Name>Pset_WiredCommunicationPortCommon</Name><Definition>Properties used for wired communication port.</Definition><Applicability /><ApplicableClasses><ClassName>IfcDistributionPort/CABLE</ClassName></ApplicableClasses><ApplicableTypeValue>IfcDistributionPort/CABLE</ApplicableTypeValue><PropertyDefs><PropertyDef ifdguid="83cd265f8f424a049d825006a61b5c3d"><Name>CommunicationStandard</Name><Definition>Indicates the communication standard supported by the physical wired communication port.</Definition><PropertyType><TypePropertyEnumeratedValue><EnumList name="PEnum_CommunicationStandard"><EnumItem>ETHERNET</EnumItem><EnumItem>STM_1</EnumItem><EnumItem>STM_16</EnumItem><EnumItem>STM_256</EnumItem><EnumItem>STM_4</EnumItem><EnumItem>STM_64</EnumItem><EnumItem>USB</EnumItem><EnumItem>XDSL</EnumItem><EnumItem>OTHER</EnumItem><EnumItem>NOTKNOWN</EnumItem><EnumItem>UNSET</EnumItem></EnumList><ConstantList><ConstantDef><Name>ETHERNET</Name><NameAliases /><DefinitionAliases /></ConstantDef><ConstantDef><Name>STM_1</Name><NameAliases /><DefinitionAliases /></ConstantDef><ConstantDef><Name>STM_16</Name><NameAliases /><DefinitionAliases /></ConstantDef><ConstantDef><Name>STM_256</Name><NameAliases /><DefinitionAliases /></ConstantDef><ConstantDef><Name>STM_4</Name><NameAliases /><DefinitionAliases /></ConstantDef><ConstantDef><Name>STM_64</Name><NameAliases /><DefinitionAliases /></ConstantDef><ConstantDef><Name>USB</Name><NameAliases /><DefinitionAliases /></ConstantDef><ConstantDef><Name>XDSL</Name><NameAliases /><DefinitionAliases /></ConstantDef><ConstantDef><Name>OTHER</Name><Definition>required category not on scale</Definition><NameAliases><NameAlias lang="en">(other)</NameAlias></NameAliases><DefinitionAliases><DefinitionAlias lang="en">Value is not listed.</DefinitionAlias></DefinitionAliases></ConstantDef><ConstantDef><Name>NOTKNOWN</Name><Definition>Value is unkown</Definition><NameAliases><NameAlias lang="en">(unknown)</NameAlias></NameAliases><DefinitionAliases><DefinitionAlias lang="en">Value is unknown.</DefinitionAlias></DefinitionAliases></ConstantDef><ConstantDef><Name>UNSET</Name><Definition>Value has not been specified</Definition><NameAliases><NameAlias lang="en">(unset)</NameAlias></NameAliases><DefinitionAliases><DefinitionAlias lang="en">Value has not been specified.</DefinitionAlias></DefinitionAliases></ConstantDef></ConstantList></TypePropertyEnumeratedValue></PropertyType><NameAliases /><DefinitionAliases /></PropertyDef><PropertyDef ifdguid="0af44e2290f44d6cac84185e2c4d1e26"><Name>MaximumTransferRate</Name><Definition>Indicates the transmission rate in bit/s over the wired port.</Definition><PropertyType><TypePropertySingleValue><DataType type="IfcIntegerCountRateMeasure" /></TypePropertySingleValue></PropertyType><NameAliases /><DefinitionAliases /></PropertyDef></PropertyDefs><PsetDefinitionAliases /></PropertySetDef>