﻿<?xml version="1.0" encoding="utf-8"?><PropertySetDef xmlns:xsi="http://www.w3.org/2001/XMLSchema-instance" xmlns:xsd="http://www.w3.org/2001/XMLSchema" ifdguid="7f3860f6e3c7602a0afbf6b7c257f132" templatetype="PSET_TYPEDRIVENOVERRIDE" xsi:noNamespaceSchemaLocation="http://buildingSMART-tech.org/xml/psd/PSD_IFC4.xsd" xmlns="http://buildingSMART-tech.org/xml/psd/PSD_IFC4.xsd"><IfcVersion version="IFC4X3_RC4" /><Name>Pset_ElementAssemblyTypeTrackPanel</Name><Definition>Track panel properties used in railway. The property set can be used by the predefined type TRACK_PANEL of IfcElementAssembly.</Definition><Applicability /><ApplicableClasses><ClassName>IfcElementAssembly/TRACKPANEL</ClassName></ApplicableClasses><ApplicableTypeValue>IfcElementAssembly/TRACKPANEL</ApplicableTypeValue><PropertyDefs><PropertyDef ifdguid="db1571054e0b497b8c1ce3ea5e52883d"><Name>IsAccessibleByVehicle</Name><Definition>Indicates whether the element is accessible by a vehicle or not.</Definition><PropertyType><TypePropertySingleValue><DataType type="IfcBoolean" /></TypePropertySingleValue></PropertyType><NameAliases /><DefinitionAliases /></PropertyDef><PropertyDef ifdguid="3991e414e7a64b6abb86b02c58fe9206"><Name>TrackExpansion</Name><Definition>In curvature context, bounded value of the expansion distance that can be added to rail gauge.</Definition><PropertyType><TypePropertyBoundedValue><DataType type="IfcPositiveLengthMeasure" /></TypePropertyBoundedValue></PropertyType><NameAliases /><DefinitionAliases /></PropertyDef><PropertyDef ifdguid="7f7557a952e4459db81dcb5b64a7c7e5"><Name>InstallationPlan</Name><Definition>Identifier of the corresponding installation plan.</Definition><PropertyType><TypePropertyReferenceValue reftype="IfcDocumentReference" /></PropertyType><NameAliases /><DefinitionAliases /></PropertyDef></PropertyDefs><PsetDefinitionAliases /></PropertySetDef>