﻿<?xml version="1.0" encoding="utf-8"?><PropertySetDef xmlns:xsi="http://www.w3.org/2001/XMLSchema-instance" xmlns:xsd="http://www.w3.org/2001/XMLSchema" ifdguid="77dcb408f02a6eb8083c58320269617f" templatetype="PSET_TYPEDRIVENOVERRIDE" xsi:noNamespaceSchemaLocation="http://buildingSMART-tech.org/xml/psd/PSD_IFC4.xsd" xmlns="http://buildingSMART-tech.org/xml/psd/PSD_IFC4.xsd"><IfcVersion version="IFC4X3_RC4" /><Name>Pset_CableFittingTypeExit</Name><Definition>Properties of the exit type of cable fitting which ends a cable segment at a non-electric element.</Definition><Applicability /><ApplicableClasses><ClassName>IfcCableFitting/EXIT</ClassName></ApplicableClasses><ApplicableTypeValue>IfcCableFitting/EXIT</ApplicableTypeValue><PropertyDefs><PropertyDef ifdguid="979f286751d248868396c2e22770b68f"><Name>GroundResistance</Name><Definition>The soil or ground resistance to electrical current from the cable fitting.</Definition><PropertyType><TypePropertySingleValue><DataType type="IfcElectricResistanceMeasure" /></TypePropertySingleValue></PropertyType><NameAliases /><DefinitionAliases /></PropertyDef></PropertyDefs><PsetDefinitionAliases /></PropertySetDef>