﻿<?xml version="1.0" encoding="utf-8"?><PropertySetDef xmlns:xsi="http://www.w3.org/2001/XMLSchema-instance" xmlns:xsd="http://www.w3.org/2001/XMLSchema" ifdguid="e725aff75523b7a47be9ef4d93f8fa81" templatetype="PSET_TYPEDRIVENOVERRIDE" xsi:noNamespaceSchemaLocation="http://buildingSMART-tech.org/xml/psd/PSD_IFC4.xsd" xmlns="http://buildingSMART-tech.org/xml/psd/PSD_IFC4.xsd"><IfcVersion version="IFC4X3_RC4" /><Name>Pset_SpringTensioner</Name><Definition>Properties of spring tensioner used in railway. The property set can be used by the predefined type TENSIONINGEQUIPMENT of IfcDiscreteAccessory.</Definition><Applicability /><ApplicableClasses><ClassName>IfcDiscreteAccessory/TENSIONINGEQUIPMENT</ClassName></ApplicableClasses><ApplicableTypeValue>IfcDiscreteAccessory/TENSIONINGEQUIPMENT</ApplicableTypeValue><PropertyDefs><PropertyDef ifdguid="7561e794915842b6a10e7015c0cbcd6c"><Name>TensileStrength</Name><Definition>Indicates the ability to withstand breakage apart under applied force.</Definition><PropertyType><TypePropertySingleValue><DataType type="IfcPressureMeasure" /></TypePropertySingleValue></PropertyType><NameAliases /><DefinitionAliases /></PropertyDef><PropertyDef ifdguid="57bb281fab044a17bd4e5f47b3cdd9f6"><Name>NominalWeight</Name><Definition>Nominal weight of the object.</Definition><PropertyType><TypePropertySingleValue><DataType type="IfcMassMeasure" /></TypePropertySingleValue></PropertyType><NameAliases /><DefinitionAliases /></PropertyDef><PropertyDef ifdguid="6b8ca5c9bdc941fea6e30c4292ff15ab"><Name>TensioningWorkingRange</Name><Definition>The working range of the tensioning equipment under normal operation.</Definition><PropertyType><TypePropertyBoundedValue><DataType type="IfcForceMeasure" /></TypePropertyBoundedValue></PropertyType><NameAliases /><DefinitionAliases /></PropertyDef></PropertyDefs><PsetDefinitionAliases /></PropertySetDef>