﻿<?xml version="1.0" encoding="utf-8"?><PropertySetDef xmlns:xsi="http://www.w3.org/2001/XMLSchema-instance" xmlns:xsd="http://www.w3.org/2001/XMLSchema" ifdguid="86a7f9617b3b40f38635324aa927ac94" templatetype="PSET_TYPEDRIVENOVERRIDE" xsi:noNamespaceSchemaLocation="http://buildingSMART-tech.org/xml/psd/PSD_IFC4.xsd" xmlns="http://buildingSMART-tech.org/xml/psd/PSD_IFC4.xsd"><IfcVersion version="IFC4X3_RC4" /><Name>Pset_PatchCordCable</Name><Definition>This property set has properties that are applicable to cable segment and optical cable segment, indicated that the cable is a patch cord cable, which is fitted with connectors at both ends, allowing it to be rapidly and conveniently connected to other cables or to distribution panels.</Definition><Applicability /><ApplicableClasses><ClassName>IfcCableSegment/CABLESEGMENT</ClassName><ClassName>IfcCableSegment/OPTICALCABLESEGMENT</ClassName></ApplicableClasses><ApplicableTypeValue>IfcCableSegment/CABLESEGMENT,IfcCableSegment/OPTICALCABLESEGMENT</ApplicableTypeValue><PropertyDefs><PropertyDef ifdguid="7947ddd2b15c428f943f4454d56567d9"><Name>JacketColour</Name><Definition>Indicates the colour of the cable or fitting jacket.</Definition><PropertyType><TypePropertySingleValue><DataType type="IfcLabel" /></TypePropertySingleValue></PropertyType><NameAliases /><DefinitionAliases /></PropertyDef></PropertyDefs><PsetDefinitionAliases /></PropertySetDef>