﻿<?xml version="1.0" encoding="utf-8"?><PropertySetDef xmlns:xsi="http://www.w3.org/2001/XMLSchema-instance" xmlns:xsd="http://www.w3.org/2001/XMLSchema" ifdguid="01415d80d21611e1800000215ad4efdf" templatetype="PSET_TYPEDRIVENOVERRIDE" xsi:noNamespaceSchemaLocation="http://buildingSMART-tech.org/xml/psd/PSD_IFC4.xsd" xmlns="http://buildingSMART-tech.org/xml/psd/PSD_IFC4.xsd"><IfcVersion version="IFC4X3_RC4" /><Name>Pset_Warranty</Name><Definition>An assurance given by the seller or provider of an artefact that the artefact is without defects and will operate as described for a defined period of time without failure and that if a defect does arise during that time, that it will be corrected by the seller or provider.</Definition><Applicability /><ApplicableClasses><ClassName>IfcElement</ClassName></ApplicableClasses><ApplicableTypeValue>IfcElement</ApplicableTypeValue><PropertyDefs><PropertyDef ifdguid="08686b80d21611e1800000215ad4efdf"><Name>WarrantyIdentifier</Name><Definition>The identifier assigned to a warranty.</Definition><PropertyType><TypePropertySingleValue><DataType type="IfcIdentifier" /></TypePropertySingleValue></PropertyType><NameAliases><NameAlias lang="en">Warranty Identifier</NameAlias></NameAliases><DefinitionAliases><DefinitionAlias lang="en" /></DefinitionAliases></PropertyDef><PropertyDef ifdguid="0ef6e300d21611e1800000215ad4efdf"><Name>WarrantyStartDate</Name><Definition>The date on which the warranty commences.</Definition><PropertyType><TypePropertySingleValue><DataType type="IfcDate" /></TypePropertySingleValue></PropertyType><NameAliases><NameAlias lang="en">Warranty Start Date</NameAlias></NameAliases><DefinitionAliases><DefinitionAlias lang="en" /></DefinitionAliases></PropertyDef><PropertyDef ifdguid="14542d80d21611e1800000215ad4efdf"><Name>WarrantyEndDate</Name><Definition>The date on which the warranty expires.</Definition><PropertyType><TypePropertySingleValue><DataType type="IfcDate" /></TypePropertySingleValue></PropertyType><NameAliases><NameAlias lang="en">Warranty End Date</NameAlias></NameAliases><DefinitionAliases><DefinitionAlias lang="en" /></DefinitionAliases></PropertyDef><PropertyDef ifdguid="19b17800d21611e1800000215ad4efdf"><Name>IsExtendedWarranty</Name><Definition>Indication of whether this is an extended warranty whose duration is greater than that normally assigned to an artefact (=TRUE) or not (= FALSE).</Definition><PropertyType><TypePropertySingleValue><DataType type="IfcBoolean" /></TypePropertySingleValue></PropertyType><NameAliases><NameAlias lang="en">Is Extended Warranty</NameAlias></NameAliases><DefinitionAliases><DefinitionAlias lang="en" /></DefinitionAliases></PropertyDef><PropertyDef ifdguid="20d88600d21611e1800000215ad4efdf"><Name>WarrantyPeriod</Name><Definition>The time duration during which a manufacturer or supplier guarantees or warrants the performance of an artefact.</Definition><PropertyType><TypePropertySingleValue><DataType type="IfcDuration" /></TypePropertySingleValue></PropertyType><NameAliases><NameAlias lang="en">Warranty Period</NameAlias></NameAliases><DefinitionAliases><DefinitionAlias lang="en" /></DefinitionAliases></PropertyDef><PropertyDef ifdguid="2a61ee00d21611e1800000215ad4efdf"><Name>WarrantyContent</Name><Definition>The content of the warranty.</Definition><PropertyType><TypePropertySingleValue><DataType type="IfcText" /></TypePropertySingleValue></PropertyType><NameAliases><NameAlias lang="en">Warranty Content</NameAlias></NameAliases><DefinitionAliases><DefinitionAlias lang="en" /></DefinitionAliases></PropertyDef><PropertyDef ifdguid="2635d080d21611e1800000215ad4efdf"><Name>PointOfContact</Name><Definition>The organization that should be contacted for action under the terms of the warranty. Note that the role of the organization (manufacturer, supplier, installer etc.) is determined by the IfcActorRole attribute of IfcOrganization.</Definition><PropertyType><TypePropertySingleValue><DataType type="IfcLabel" /></TypePropertySingleValue></PropertyType><NameAliases><NameAlias lang="en">Point Of Contact</NameAlias></NameAliases><DefinitionAliases><DefinitionAlias lang="en" /></DefinitionAliases></PropertyDef><PropertyDef ifdguid="30f06580d21611e1800000215ad4efdf"><Name>Exclusions</Name><Definition>Items, conditions or actions that may be excluded from the warranty or that may cause the warranty to become void.</Definition><PropertyType><TypePropertySingleValue><DataType type="IfcText" /></TypePropertySingleValue></PropertyType><NameAliases><NameAlias lang="en">Exclusions</NameAlias></NameAliases><DefinitionAliases><DefinitionAlias lang="en" /></DefinitionAliases></PropertyDef></PropertyDefs><PsetDefinitionAliases><PsetDefinitionAlias lang="en" /></PsetDefinitionAliases></PropertySetDef>