﻿<?xml version="1.0" encoding="utf-8"?><PropertySetDef xmlns:xsi="http://www.w3.org/2001/XMLSchema-instance" xmlns:xsd="http://www.w3.org/2001/XMLSchema" ifdguid="20d48800d20e11e1800000215ad4efdf" templatetype="PSET_TYPEDRIVENOVERRIDE" xsi:noNamespaceSchemaLocation="http://buildingSMART-tech.org/xml/psd/PSD_IFC4.xsd" xmlns="http://buildingSMART-tech.org/xml/psd/PSD_IFC4.xsd"><IfcVersion version="IFC4X3_RC4" /><Name>Pset_SwitchingDeviceTypeEmergencyStop</Name><Definition>An emergency stop device acts to remove as quickly as possible any danger that may have arisen unexpectedly.</Definition><Applicability /><ApplicableClasses><ClassName>IfcSwitchingDevice/EMERGENCYSTOP</ClassName></ApplicableClasses><ApplicableTypeValue>IfcSwitchingDevice/EMERGENCYSTOP</ApplicableTypeValue><PropertyDefs><PropertyDef ifdguid="25993c00d20e11e1800000215ad4efdf"><Name>SwitchOperation</Name><Definition>Indicates operation of emergency stop switch.</Definition><PropertyType><TypePropertyEnumeratedValue><EnumList name="PEnum_SwitchingDeviceEmergencyStopType"><EnumItem>MUSHROOM</EnumItem><EnumItem>OTHER</EnumItem><EnumItem>NOTKNOWN</EnumItem><EnumItem>UNSET</EnumItem></EnumList><ConstantList><ConstantDef><Name>MUSHROOM</Name><NameAliases><NameAlias lang="en">Mushroom</NameAlias></NameAliases><DefinitionAliases /></ConstantDef><ConstantDef><Name>OTHER</Name><Definition>required category not on scale</Definition><NameAliases><NameAlias lang="en">(other)</NameAlias></NameAliases><DefinitionAliases><DefinitionAlias lang="en">Value is not listed.</DefinitionAlias></DefinitionAliases></ConstantDef><ConstantDef><Name>NOTKNOWN</Name><Definition>Value is unkown</Definition><NameAliases><NameAlias lang="en">(unknown)</NameAlias></NameAliases><DefinitionAliases><DefinitionAlias lang="en">Value is unknown.</DefinitionAlias></DefinitionAliases></ConstantDef><ConstantDef><Name>UNSET</Name><Definition>Value has not been specified</Definition><NameAliases><NameAlias lang="en">(unset)</NameAlias></NameAliases><DefinitionAliases><DefinitionAlias lang="en">Value has not been specified.</DefinitionAlias></DefinitionAliases></ConstantDef></ConstantList></TypePropertyEnumeratedValue></PropertyType><NameAliases><NameAlias lang="en">Switch Operation</NameAlias><NameAlias lang="ja-JP">スイッチ操作</NameAlias><NameAlias lang="ko-KR">스위치 조작</NameAlias></NameAliases><DefinitionAliases><DefinitionAlias lang="en" /><DefinitionAlias lang="ja-JP">緊急停止スイッチの操作を示す。</DefinitionAlias><DefinitionAlias lang="ko-KR">비상 정지 스위치의 조작을 보여준다.</DefinitionAlias></DefinitionAliases></PropertyDef><PropertyDef ifdguid="4b4b3bfcecb54fa78c2f014e518c1f02"><Name>NumberOfPhases</Name><Definition>Number of phases that the equipment operates on.</Definition><PropertyType><TypePropertySingleValue><DataType type="IfcInteger" /></TypePropertySingleValue></PropertyType><NameAliases /><DefinitionAliases /></PropertyDef><PropertyDef ifdguid="b9a98dab284340fe8c3615170bea8c35"><Name>ReferenceEnvironmentTemperature</Name><Definition>Ideal temperature range.</Definition><PropertyType><TypePropertyBoundedValue><DataType type="IfcThermodynamicTemperatureMeasure" /></TypePropertyBoundedValue></PropertyType><NameAliases /><DefinitionAliases /></PropertyDef><PropertyDef ifdguid="1c6db8d4cefa49c8a50bf43e80902cf2"><Name>BreakingCapacity</Name><Definition>The current that a fuse, circuit breaker, or other electrical apparatus is able to interrupt without being destroyed or causing an electric arc with unacceptable duration.</Definition><PropertyType><TypePropertySingleValue><DataType type="IfcElectricCurrentMeasure" /></TypePropertySingleValue></PropertyType><NameAliases /><DefinitionAliases /></PropertyDef><PropertyDef ifdguid="6efe3308854741eb8510fa010c6c09e4"><Name>NumberOfEarthFaultRelays</Name><Definition>Indicates the number of relays used for preventing earth fault.</Definition><PropertyType><TypePropertySingleValue><DataType type="IfcInteger" /></TypePropertySingleValue></PropertyType><NameAliases /><DefinitionAliases /></PropertyDef><PropertyDef ifdguid="7c72f82897f642e0b47e925bfcb0be49"><Name>NumberOfEmergencyButtons</Name><Definition>The number of emergency buttons built in the device.</Definition><PropertyType><TypePropertySingleValue><DataType type="IfcInteger" /></TypePropertySingleValue></PropertyType><NameAliases /><DefinitionAliases /></PropertyDef><PropertyDef ifdguid="a2b882785c9947ad833d42071dde1a1c"><Name>NumberOfRelays</Name><Definition>Indicates number of relays built in the device.</Definition><PropertyType><TypePropertySingleValue><DataType type="IfcInteger" /></TypePropertySingleValue></PropertyType><NameAliases /><DefinitionAliases /></PropertyDef><PropertyDef ifdguid="fec8a6123b474a43ac42fd99d8537a08"><Name>NumberOfOverCurrentRelays</Name><Definition>Indicates number of relays used for preventing over current.</Definition><PropertyType><TypePropertySingleValue><DataType type="IfcInteger" /></TypePropertySingleValue></PropertyType><NameAliases /><DefinitionAliases /></PropertyDef><PropertyDef ifdguid="1995b2e16bb94b359439fd9ebac181a9"><Name>NumberOfAffectedPoles</Name><Definition>Number of poles that the equipment affects.</Definition><PropertyType><TypePropertySingleValue><DataType type="IfcInteger" /></TypePropertySingleValue></PropertyType><NameAliases /><DefinitionAliases /></PropertyDef><PropertyDef ifdguid="3636bb80d1e811e1800000215ad4efdf"><Name>NominalCurrent</Name><Definition>The nominal current that is designed to be measured.</Definition><PropertyType><TypePropertySingleValue><DataType type="IfcElectricCurrentMeasure" /></TypePropertySingleValue></PropertyType><NameAliases><NameAlias lang="en">Nominal Current</NameAlias></NameAliases><DefinitionAliases><DefinitionAlias lang="en" /></DefinitionAliases></PropertyDef><PropertyDef ifdguid="3bb878f9795b4d7ca31e7c96b615a11d"><Name>RatedFrequency</Name><Definition>Frequency of the AC electric power supply when the device or system reaches its optimum operating condition.</Definition><PropertyType><TypePropertySingleValue><DataType type="IfcFrequencyMeasure" /></TypePropertySingleValue></PropertyType><NameAliases /><DefinitionAliases /></PropertyDef><PropertyDef ifdguid="3ecaca00d1c711e1800000215ad4efdf"><Name>RatedVoltage</Name><Definition>The range of allowed voltage that a device is certified to handle. The upper bound of this value is the maximum.</Definition><PropertyType><TypePropertyBoundedValue><DataType type="IfcElectricVoltageMeasure" /></TypePropertyBoundedValue></PropertyType><NameAliases><NameAlias lang="en">Rated Voltage</NameAlias><NameAlias lang="ja-JP">定格電圧</NameAlias><NameAlias lang="ko-KR">정격 전압</NameAlias></NameAliases><DefinitionAliases><DefinitionAlias lang="en" /><DefinitionAlias lang="ja-JP">使用できることが許可されている許容電圧。</DefinitionAlias><DefinitionAlias lang="ko-KR">사용할 수있는 권한이있는 허용 전압.</DefinitionAlias></DefinitionAliases></PropertyDef><PropertyDef ifdguid="5874802ad0c741f082695b26ceb148b5"><Name>TransformationRatio</Name><Definition>The ratio of the actual primary current or voltage to the actual secondary current or voltage.</Definition><PropertyType><TypePropertySingleValue><DataType type="IfcPositiveRatioMeasure" /></TypePropertySingleValue></PropertyType><NameAliases /><DefinitionAliases /></PropertyDef></PropertyDefs><PsetDefinitionAliases><PsetDefinitionAlias lang="en" /><PsetDefinitionAlias lang="ja-JP">IEC 826-08-03の定義: 
緊急停止スイッチは予期せずして起こるさまざまな危険を可能な限り迅速に取り除くように動作する装置である。</PsetDefinitionAlias></PsetDefinitionAliases></PropertySetDef>