﻿<?xml version="1.0" encoding="utf-8"?><PropertySetDef xmlns:xsi="http://www.w3.org/2001/XMLSchema-instance" xmlns:xsd="http://www.w3.org/2001/XMLSchema" ifdguid="12089fbe3ddb4d69b5f983766de3862d" xsi:noNamespaceSchemaLocation="http://buildingSMART-tech.org/xml/psd/PSD_IFC4.xsd" xmlns="http://buildingSMART-tech.org/xml/psd/PSD_IFC4.xsd"><IfcVersion version="IFC4X3_RC4" /><Name>Pset_TrafficCalmingDeviceCommon</Name><Definition>Properties for a traffic calming device.</Definition><Applicability /><ApplicableClasses><ClassName>IfcElementAssembly/(.TRAFFIC_CALMING_DEVICE.)</ClassName></ApplicableClasses><ApplicableTypeValue>IfcElementAssembly/(.TRAFFIC_CALMING_DEVICE.)</ApplicableTypeValue><PropertyDefs><PropertyDef ifdguid="fec5ed14d21e43eeba124e8eb03952d0"><Name>TypeDesignation</Name><Definition>Type designator according to local standards</Definition><PropertyType><TypePropertySingleValue><DataType type="IfcLabel" /></TypePropertySingleValue></PropertyType><NameAliases /><DefinitionAliases /></PropertyDef></PropertyDefs><PsetDefinitionAliases /></PropertySetDef>